Ограничение,
ЛС,Дата
31,2025-09-09 00:00:00
66,2025-02-25 00:00:00
90,2025-09-11 00:00:00
118,2025-04-19 00:00:00
153,2025-07-11 00:00:00
195,2025-05-21 00:00:00
226,2025-01-30 00:00:00
248,2025-03-27 00:00:00
260,2025-08-06 00:00:00
306,2025-09-18 00:00:00
493,2025-09-12 00:00:00
583,2025-09-18 00:00:00
610,2025-12-03 00:00:00
642,2025-09-10 00:00:00
980,2025-01-30 00:00:00
980,2025-07-07 00:00:00
1106,2025-06-05 00:00:00
1150,2025-11-12 00:00:00
1186,2025-02-10 00:00:00
1202,2025-04-08 00:00:00
1291,2026-01-21 00:00:00
1336,2025-03-18 00:00:00
1351,2025-05-14 00:00:00
1351,2026-02-10 00:00:00
1401,2025-11-11 00:00:00
1405,2025-01-20 00:00:00
1436,2025-09-26 00:00:00
1486,2025-06-06 00:00:00
1740,2025-01-17 00:00:00
1740,2025-06-17 00:00:00
1806,2026-02-10 00:00:00
1884,2025-04-03 00:00:00
1944,2025-05-15 00:00:00
1944,2025-12-03 00:00:00
1974,2025-06-16 00:00:00
1993,2025-01-09 00:00:00
2089,2025-05-15 00:00:00
2141,2025-06-02 00:00:00
2180,2025-04-18 00:00:00
2214,2025-01-27 00:00:00
2214,2025-11-10 00:00:00
2258,2026-01-23 00:00:00
2351,2025-06-16 00:00:00
2553,2025-08-19 00:00:00
2595,2025-08-20 00:00:00
2653,2025-10-14 00:00:00
2663,2025-06-02 00:00:00
2761,2025-10-07 00:00:00
2801,2025-11-14 00:00:00
3465,2026-02-12 00:00:00
3943,2025-06-10 00:00:00
3943,2025-09-10 00:00:00
3977,2025-01-17 00:00:00
4224,2025-03-10 00:00:00
4224,2025-10-04 00:00:00
4234,2025-11-14 00:00:00
4274,2026-02-25 00:00:00
4283,2026-02-13 00:00:00
4490,2026-02-13 00:00:00
4555,2025-05-20 00:00:00
4647,2025-11-19 00:00:00
4688,2025-05-21 00:00:00
4696,2025-04-03 00:00:00
4833,2026-02-18 00:00:00
4851,2025-03-10 00:00:00
4856,2025-03-10 00:00:00
4893,2025-09-16 00:00:00
5020,2025-07-07 00:00:00
5030,2025-05-14 00:00:00
5065,2025-03-06 00:00:00
5164,2025-03-10 00:00:00
5169,2025-03-10 00:00:00
5173,2025-03-10 00:00:00
5307,2026-01-22 00:00:00
5309,2026-01-21 00:00:00
5359,2025-10-21 00:00:00
5414,2025-07-07 00:00:00
5477,2025-11-14 00:00:00
5599,2025-10-21 00:00:00
5620,2025-08-28 00:00:00
5655,2025-08-28 00:00:00
5717,2025-10-18 00:00:00
5762,2025-06-27 00:00:00
5776,2025-10-21 00:00:00
5799,2025-04-11 00:00:00
5813,2025-01-30 00:00:00
5819,2025-10-21 00:00:00
5862,2025-11-14 00:00:00
5907,2025-03-26 00:00:00
5995,2025-06-10 00:00:00
6007,2025-03-26 00:00:00
6041,2025-12-17 00:00:00
6117,2025-10-21 00:00:00
6136,2025-10-21 00:00:00
6144,2025-11-14 00:00:00
6206,2025-09-18 00:00:00
6229,2025-11-14 00:00:00
6262,2025-03-26 00:00:00
6312,2025-04-17 00:00:00
6326,2025-05-21 00:00:00
6340,2025-11-14 00:00:00
6445,2025-03-26 00:00:00
6555,2025-04-08 00:00:00
6606,2025-06-04 00:00:00
6642,2025-03-14 00:00:00
6644,2025-10-03 00:00:00
6721,2025-06-04 00:00:00
6765,2025-04-08 00:00:00
6781,2025-06-06 00:00:00
6839,2025-06-04 00:00:00
6848,2025-11-17 00:00:00
6946,2025-02-10 00:00:00
6962,2025-10-15 00:00:00
6969,2025-09-26 00:00:00
7100,2025-03-11 00:00:00
7164,2026-01-14 00:00:00
7212,2025-07-24 00:00:00
7239,2025-09-19 00:00:00
7259,2026-01-14 00:00:00
7261,2025-12-22 00:00:00
7289,2025-03-11 00:00:00
7302,2025-10-03 00:00:00
7341,2025-04-08 00:00:00
7429,2025-04-24 00:00:00
7480,2025-02-10 00:00:00
7509,2025-07-24 00:00:00
7531,2025-04-08 00:00:00
7552,2025-02-20 00:00:00
7584,2026-01-14 00:00:00
7595,2025-06-16 00:00:00
7606,2025-04-28 00:00:00
7622,2025-07-10 00:00:00
7630,2025-08-14 00:00:00
7675,2026-02-17 00:00:00
7772,2025-11-27 00:00:00
7929,2025-06-09 00:00:00
7930,2025-06-09 00:00:00
7976,2025-02-15 00:00:00
8046,2025-10-13 00:00:00
8063,2025-02-10 00:00:00
8136,2025-05-20 00:00:00
8308,2025-08-13 00:00:00
8420,2025-09-10 00:00:00
8429,2026-01-14 00:00:00
8534,2025-03-11 00:00:00
8673,2025-08-12 00:00:00
8679,2025-03-03 00:00:00
8684,2025-04-08 00:00:00
8766,2025-01-17 00:00:00
8766,2025-05-21 00:00:00
8884,2025-09-17 00:00:00
8965,2026-02-24 00:00:00
8978,2025-09-26 00:00:00
9040,2025-01-30 00:00:00
9040,2025-12-22 00:00:00
9069,2025-03-20 00:00:00
9148,2025-02-10 00:00:00
9194,2025-04-03 00:00:00
9195,2025-04-03 00:00:00
9237,2025-03-11 00:00:00
9254,2025-03-14 00:00:00
9275,2025-02-10 00:00:00
9349,2025-03-12 00:00:00
9358,2025-07-24 00:00:00
9395,2025-10-03 00:00:00
9396,2025-10-03 00:00:00
9397,2025-03-20 00:00:00
9551,2025-02-06 00:00:00
9644,2025-07-22 00:00:00
9668,2025-04-08 00:00:00
9695,2025-03-11 00:00:00
9705,2025-03-13 00:00:00
9705,2025-08-19 00:00:00
9838,2025-05-15 00:00:00
9861,2025-03-11 00:00:00
9923,2025-04-14 00:00:00
9989,2025-10-29 00:00:00
10027,2025-02-12 00:00:00
10080,2025-04-01 00:00:00
10125,2025-03-11 00:00:00
10200,2025-04-23 00:00:00
10205,2025-08-27 00:00:00
10206,2025-09-12 00:00:00
10278,2025-03-13 00:00:00
10290,2025-03-13 00:00:00
10454,2025-05-15 00:00:00
10581,2025-07-03 00:00:00
10601,2025-04-02 00:00:00
10717,2025-10-08 00:00:00
10835,2025-09-19 00:00:00
10873,2025-09-19 00:00:00
10874,2025-05-15 00:00:00
10889,2026-01-14 00:00:00
10902,2026-02-25 00:00:00
11087,2025-02-07 00:00:00
11147,2025-02-07 00:00:00
11166,2025-11-17 00:00:00
11198,2026-02-13 00:00:00
11250,2025-06-16 00:00:00
11256,2025-02-07 00:00:00
11285,2025-02-14 00:00:00
11290,2025-09-14 00:00:00
11303,2025-03-03 00:00:00
11327,2026-02-13 00:00:00
11329,2025-02-07 00:00:00
11329,2025-09-26 00:00:00
11402,2025-07-02 00:00:00
11402,2025-12-16 00:00:00
11411,2025-07-17 00:00:00
11555,2025-03-04 00:00:00
11584,2025-03-14 00:00:00
11679,2026-01-14 00:00:00
11707,2025-10-09 00:00:00
11805,2025-10-08 00:00:00
11817,2025-09-19 00:00:00
11970,2025-02-12 00:00:00
12041,2025-12-17 00:00:00
12169,2025-04-01 00:00:00
12169,2025-08-15 00:00:00
12179,2026-02-24 00:00:00
12215,2025-07-15 00:00:00
12226,2025-04-02 00:00:00
12236,2026-02-10 00:00:00
12245,2025-03-19 00:00:00
12289,2025-03-04 00:00:00
12332,2025-10-22 00:00:00
12427,2025-04-08 00:00:00
12437,2025-03-04 00:00:00
12510,2025-07-23 00:00:00
12648,2025-11-11 00:00:00
12652,2025-03-04 00:00:00
12773,2025-11-26 00:00:00
12788,2025-07-23 00:00:00
12815,2025-03-11 00:00:00
12867,2025-12-03 00:00:00
12967,2025-08-06 00:00:00
12976,2025-07-03 00:00:00
13115,2025-03-11 00:00:00
13198,2025-04-23 00:00:00
13224,2025-09-19 00:00:00
13232,2025-06-16 00:00:00
13237,2025-07-15 00:00:00
13280,2025-04-23 00:00:00
13318,2025-04-23 00:00:00
13344,2025-03-04 00:00:00
13372,2025-04-23 00:00:00
13380,2025-11-14 00:00:00
13413,2025-03-11 00:00:00
13428,2025-04-23 00:00:00
13488,2025-09-19 00:00:00
13489,2025-03-04 00:00:00
13495,2025-03-04 00:00:00
13515,2025-02-27 00:00:00
13532,2025-03-10 00:00:00
13569,2025-05-12 00:00:00
13609,2025-06-05 00:00:00
13694,2025-03-18 00:00:00
13695,2025-05-22 00:00:00
13788,2025-11-19 00:00:00
13925,2025-12-03 00:00:00
13927,2025-08-13 00:00:00
14018,2025-07-16 00:00:00
14061,2025-12-23 00:00:00
14130,2025-01-17 00:00:00
14145,2025-12-23 00:00:00
14176,2025-04-23 00:00:00
14204,2025-04-21 00:00:00
14217,2025-12-16 00:00:00
14255,2025-04-24 00:00:00
14262,2025-06-09 00:00:00
14267,2025-04-14 00:00:00
14279,2025-06-16 00:00:00
14295,2025-08-13 00:00:00
14411,2025-08-12 00:00:00
14446,2025-02-24 00:00:00
14484,2025-06-04 00:00:00
14495,2025-11-19 00:00:00
14517,2025-01-29 00:00:00
14568,2026-01-27 00:00:00
14690,2025-02-11 00:00:00
14690,2026-02-25 00:00:00
14753,2025-04-24 00:00:00
14820,2025-04-24 00:00:00
14820,2025-06-24 00:00:00
14936,2025-11-18 00:00:00
15003,2025-04-01 00:00:00
15025,2025-03-11 00:00:00
15042,2025-01-29 00:00:00
15042,2025-05-21 00:00:00
15084,2025-11-19 00:00:00
15102,2025-08-27 00:00:00
15163,2025-01-16 00:00:00
15209,2025-01-27 00:00:00
15209,2025-05-12 00:00:00
15224,2025-08-13 00:00:00
15280,2025-08-27 00:00:00
15364,2025-09-26 00:00:00
15427,2025-02-20 00:00:00
15469,2025-04-14 00:00:00
15504,2025-07-16 00:00:00
15511,2025-08-15 00:00:00
15570,2025-11-12 00:00:00
15691,2025-02-10 00:00:00
15755,2025-07-15 00:00:00
15772,2025-09-25 00:00:00
15772,2026-02-13 00:00:00
15963,2025-06-04 00:00:00
15982,2025-10-15 00:00:00
16070,2025-07-03 00:00:00
16134,2025-03-11 00:00:00
16144,2025-07-10 00:00:00
16164,2025-11-17 00:00:00
16176,2025-09-16 00:00:00
16189,2025-06-25 00:00:00
16208,2025-11-27 00:00:00
16223,2025-11-27 00:00:00
16273,2025-03-11 00:00:00
16309,2025-06-06 00:00:00
16324,2025-04-09 00:00:00
16405,2025-02-28 00:00:00
16405,2025-05-22 00:00:00
16405,2025-09-25 00:00:00
16645,2025-11-27 00:00:00
16667,2025-06-10 00:00:00
16714,2025-04-09 00:00:00
16767,2025-11-27 00:00:00
16844,2025-09-16 00:00:00
16852,2025-03-04 00:00:00
16854,2025-11-27 00:00:00
16904,2025-04-03 00:00:00
16926,2025-08-12 00:00:00
17117,2025-03-04 00:00:00
17155,2025-08-12 00:00:00
17162,2025-07-09 00:00:00
17186,2025-04-12 00:00:00
17206,2025-08-12 00:00:00
17271,2025-08-12 00:00:00
17300,2025-03-04 00:00:00
17301,2025-03-04 00:00:00
17395,2025-03-19 00:00:00
17502,2025-04-19 00:00:00
17526,2025-11-10 00:00:00
17538,2025-06-02 00:00:00
17553,2025-12-18 00:00:00
17641,2025-06-02 00:00:00
17650,2025-09-25 00:00:00
17748,2025-08-14 00:00:00
17832,2025-11-13 00:00:00
17833,2025-04-19 00:00:00
17846,2025-01-21 00:00:00
17855,2025-06-02 00:00:00
17870,2025-02-11 00:00:00
17927,2025-11-10 00:00:00
17944,2025-05-26 00:00:00
17973,2025-03-05 00:00:00
18024,2025-07-11 00:00:00
18054,2025-03-11 00:00:00
18069,2025-05-22 00:00:00
18080,2025-10-29 00:00:00
18092,2025-03-03 00:00:00
18092,2025-06-26 00:00:00
18112,2025-03-03 00:00:00
18147,2025-11-17 00:00:00
18259,2025-07-02 00:00:00
18285,2025-07-17 00:00:00
18469,2025-04-28 00:00:00
18469,2026-01-27 00:00:00
18479,2025-02-17 00:00:00
18530,2025-02-17 00:00:00
18531,2025-11-10 00:00:00
18532,2025-03-05 00:00:00
18532,2025-07-02 00:00:00
18587,2025-06-02 00:00:00
18607,2025-03-03 00:00:00
18607,2026-01-27 00:00:00
18725,2025-05-12 00:00:00
18725,2026-02-17 00:00:00
18766,2025-03-03 00:00:00
18786,2026-02-05 00:00:00
18788,2025-04-08 00:00:00
18880,2025-03-11 00:00:00
18895,2025-07-24 00:00:00
18914,2026-01-14 00:00:00
18921,2025-08-19 00:00:00
18977,2025-10-04 00:00:00
18983,2025-02-10 00:00:00
19029,2025-10-04 00:00:00
19185,2025-10-22 00:00:00
19269,2025-11-28 00:00:00
19286,2025-05-15 00:00:00
19286,2025-08-14 00:00:00
19288,2025-07-18 00:00:00
19307,2025-10-04 00:00:00
19352,2026-02-04 00:00:00
19447,2025-03-11 00:00:00
19474,2026-01-14 00:00:00
19476,2025-08-14 00:00:00
19488,2026-01-14 00:00:00
19543,2025-05-13 00:00:00
19546,2025-06-04 00:00:00
19554,2025-03-11 00:00:00
19593,2025-08-14 00:00:00
19605,2025-03-27 00:00:00
19707,2025-07-18 00:00:00
19827,2025-01-31 00:00:00
19885,2026-02-17 00:00:00
20108,2025-01-09 00:00:00
20194,2025-07-30 00:00:00
20210,2025-02-07 00:00:00
20345,2025-02-17 00:00:00
20441,2025-09-14 00:00:00
20469,2025-09-26 00:00:00
20515,2025-11-28 00:00:00
20518,2025-11-28 00:00:00
20559,2026-01-14 00:00:00
20678,2025-07-08 00:00:00
20704,2025-08-15 00:00:00
20781,2025-04-08 00:00:00
20805,2025-04-03 00:00:00
20914,2025-06-16 00:00:00
20950,2026-02-17 00:00:00
20955,2025-06-04 00:00:00
20973,2025-07-28 00:00:00
20986,2025-11-28 00:00:00
21046,2025-07-18 00:00:00
21065,2025-03-03 00:00:00
21101,2025-04-08 00:00:00
21106,2025-08-13 00:00:00
21112,2025-02-06 00:00:00
21204,2025-07-15 00:00:00
21331,2025-09-10 00:00:00
21366,2025-01-21 00:00:00
21551,2026-02-17 00:00:00
21568,2025-10-21 00:00:00
21675,2025-03-05 00:00:00
21699,2025-04-01 00:00:00
21699,2025-08-12 00:00:00
21714,2025-04-08 00:00:00
21731,2025-07-23 00:00:00
21751,2025-04-01 00:00:00
21797,2025-07-28 00:00:00
21848,2025-07-23 00:00:00
21892,2025-05-21 00:00:00
21915,2025-11-28 00:00:00
21935,2025-05-12 00:00:00
21949,2025-01-10 00:00:00
21949,2025-11-10 00:00:00
21994,2025-05-06 00:00:00
22016,2025-09-18 00:00:00
22022,2025-02-18 00:00:00
22072,2025-01-21 00:00:00
22072,2025-07-15 00:00:00
22079,2025-02-13 00:00:00
22079,2025-09-25 00:00:00
22161,2025-09-26 00:00:00
22173,2025-07-17 00:00:00
22272,2025-11-28 00:00:00
22281,2025-03-26 00:00:00
22281,2025-06-24 00:00:00
22313,2025-08-14 00:00:00
22387,2025-04-24 00:00:00
22398,2025-04-11 00:00:00
22406,2025-01-27 00:00:00
22494,2025-04-08 00:00:00
22508,2025-03-03 00:00:00
22513,2025-02-06 00:00:00
22555,2025-07-16 00:00:00
22565,2025-07-02 00:00:00
22567,2025-02-17 00:00:00
22567,2025-09-08 00:00:00
22613,2025-11-07 00:00:00
22619,2025-11-25 00:00:00
22634,2025-07-10 00:00:00
22750,2025-07-10 00:00:00
22761,2025-03-18 00:00:00
22818,2025-07-10 00:00:00
22829,2026-01-21 00:00:00
22833,2025-07-11 00:00:00
22872,2025-07-09 00:00:00
22884,2025-09-11 00:00:00
22918,2025-09-16 00:00:00
23018,2025-03-04 00:00:00
23111,2025-01-27 00:00:00
23111,2025-09-25 00:00:00
23199,2025-04-22 00:00:00
23303,2025-04-12 00:00:00
23344,2025-03-21 00:00:00
23355,2025-09-25 00:00:00
23399,2025-04-23 00:00:00
23473,2025-02-15 00:00:00
23489,2025-02-15 00:00:00
23491,2025-02-15 00:00:00
23492,2025-02-15 00:00:00
23495,2025-12-18 00:00:00
23533,2025-11-11 00:00:00
23546,2025-02-15 00:00:00
23574,2025-09-25 00:00:00
23583,2025-04-20 00:00:00
23596,2025-02-15 00:00:00
23666,2025-11-13 00:00:00
23675,2025-03-19 00:00:00
23695,2025-11-13 00:00:00
23743,2025-02-06 00:00:00
23752,2025-01-21 00:00:00
23765,2025-02-06 00:00:00
23770,2025-02-06 00:00:00
23845,2025-04-19 00:00:00
23856,2025-02-11 00:00:00
23899,2025-12-22 00:00:00
23928,2025-09-16 00:00:00
23955,2025-06-04 00:00:00
24011,2025-06-26 00:00:00
24053,2025-05-22 00:00:00
24071,2025-02-10 00:00:00
24127,2025-12-03 00:00:00
24152,2025-12-18 00:00:00
24243,2025-02-15 00:00:00
24273,2025-03-10 00:00:00
24309,2025-03-04 00:00:00
24331,2025-01-27 00:00:00
24349,2025-02-15 00:00:00
24688,2026-02-05 00:00:00
24869,2025-11-28 00:00:00
24982,2026-01-28 00:00:00
25017,2025-04-22 00:00:00
25017,2025-08-14 00:00:00
25017,2026-02-17 00:00:00
25045,2025-03-05 00:00:00
25059,2025-04-03 00:00:00
25079,2025-03-05 00:00:00
25135,2025-06-02 00:00:00
25192,2025-01-21 00:00:00
25196,2025-05-26 00:00:00
25285,2025-07-04 00:00:00
25287,2025-11-13 00:00:00
25313,2025-06-16 00:00:00
25350,2026-02-19 00:00:00
25391,2025-12-18 00:00:00
25409,2025-12-03 00:00:00
25426,2025-03-24 00:00:00
25469,2025-12-02 00:00:00
25475,2026-01-12 00:00:00
25559,2025-09-08 00:00:00
25575,2025-03-05 00:00:00
25648,2025-08-19 00:00:00
25749,2025-09-08 00:00:00
25788,2025-03-25 00:00:00
25821,2025-06-02 00:00:00
25828,2025-09-11 00:00:00
25882,2025-03-05 00:00:00
25900,2025-03-19 00:00:00
25917,2025-03-10 00:00:00
25962,2025-11-14 00:00:00
26163,2025-11-28 00:00:00
26199,2025-08-14 00:00:00
26211,2025-04-24 00:00:00
26234,2025-09-26 00:00:00
26239,2025-02-13 00:00:00
26241,2025-12-24 00:00:00
26272,2025-05-06 00:00:00
26295,2025-11-14 00:00:00
26362,2025-09-25 00:00:00
26474,2025-04-18 00:00:00
26483,2025-02-13 00:00:00
26534,2025-12-03 00:00:00
26562,2025-02-13 00:00:00
26686,2025-02-13 00:00:00
26716,2025-09-09 00:00:00
26726,2025-07-03 00:00:00
26780,2025-04-08 00:00:00
26804,2025-02-14 00:00:00
27089,2025-05-06 00:00:00
27103,2025-01-22 00:00:00
27121,2025-01-22 00:00:00
27133,2025-06-16 00:00:00
27150,2025-11-17 00:00:00
27166,2025-11-17 00:00:00
27171,2025-11-14 00:00:00
27179,2025-11-12 00:00:00
27198,2025-02-14 00:00:00
27247,2025-09-11 00:00:00
27268,2025-11-26 00:00:00
27282,2025-09-09 00:00:00
27293,2025-07-03 00:00:00
27302,2025-04-18 00:00:00
27303,2025-02-13 00:00:00
27361,2025-07-17 00:00:00
27384,2025-02-15 00:00:00
27385,2025-01-22 00:00:00
27418,2025-06-24 00:00:00
27421,2025-04-08 00:00:00
27423,2025-03-23 00:00:00
27425,2025-04-08 00:00:00
27433,2025-05-07 00:00:00
27453,2025-01-22 00:00:00
27456,2025-12-18 00:00:00
27504,2025-03-26 00:00:00
27521,2025-04-12 00:00:00
27598,2025-04-22 00:00:00
27600,2025-02-17 00:00:00
27602,2025-02-17 00:00:00
27619,2025-05-22 00:00:00
27667,2025-08-14 00:00:00
27701,2025-08-14 00:00:00
27710,2025-10-04 00:00:00
27733,2025-11-10 00:00:00
27756,2025-02-17 00:00:00
27787,2025-09-26 00:00:00
27826,2025-06-03 00:00:00
27827,2026-01-19 00:00:00
27830,2025-04-22 00:00:00
27909,2025-06-19 00:00:00
27941,2025-03-23 00:00:00
27949,2025-02-17 00:00:00
27977,2026-01-14 00:00:00
27982,2025-10-04 00:00:00
27984,2025-10-04 00:00:00
28040,2025-02-24 00:00:00
28053,2025-02-24 00:00:00
28269,2025-12-15 00:00:00
28312,2026-02-26 00:00:00
28447,2025-07-17 00:00:00
28477,2025-11-14 00:00:00
28535,2025-12-15 00:00:00
28578,2025-03-21 00:00:00
28628,2025-09-11 00:00:00
28652,2025-04-18 00:00:00
28679,2025-04-18 00:00:00
28679,2025-12-15 00:00:00
28793,2025-12-15 00:00:00
28795,2025-03-07 00:00:00
28844,2025-09-09 00:00:00
28912,2025-11-25 00:00:00
29024,2025-11-14 00:00:00
29085,2025-09-25 00:00:00
29099,2025-01-22 00:00:00
29114,2025-04-18 00:00:00
29176,2025-02-24 00:00:00
29232,2025-01-16 00:00:00
29232,2025-10-30 00:00:00
29438,2025-06-02 00:00:00
29482,2025-07-18 00:00:00
29517,2025-09-08 00:00:00
29572,2025-03-19 00:00:00
29583,2025-09-11 00:00:00
29632,2025-12-17 00:00:00
29727,2025-06-02 00:00:00
29744,2025-04-19 00:00:00
29756,2025-07-16 00:00:00
29789,2025-03-05 00:00:00
29810,2025-03-19 00:00:00
29840,2025-11-10 00:00:00
30052,2025-02-19 00:00:00
30102,2025-01-21 00:00:00
30108,2025-04-19 00:00:00
30108,2025-11-13 00:00:00
30174,2025-11-27 00:00:00
30191,2025-02-25 00:00:00
30191,2025-11-13 00:00:00
30444,2025-02-19 00:00:00
30472,2025-12-17 00:00:00
30760,2025-08-13 00:00:00
30796,2025-08-13 00:00:00
30847,2025-11-17 00:00:00
31150,2025-04-25 00:00:00
31279,2025-02-18 00:00:00
31285,2025-11-27 00:00:00
31286,2025-03-04 00:00:00
31309,2025-09-11 00:00:00
31326,2025-09-11 00:00:00
31327,2025-02-18 00:00:00
31342,2025-03-04 00:00:00
31355,2025-02-18 00:00:00
31362,2025-03-04 00:00:00
31572,2025-03-05 00:00:00
31593,2025-11-11 00:00:00
31609,2025-05-22 00:00:00
31700,2025-09-25 00:00:00
31786,2025-12-03 00:00:00
31831,2025-11-22 00:00:00
31831,2026-02-16 00:00:00
31850,2025-06-02 00:00:00
31919,2025-11-22 00:00:00
31936,2025-11-10 00:00:00
32033,2025-03-11 00:00:00
32050,2025-06-16 00:00:00
32202,2025-08-15 00:00:00
32203,2025-05-15 00:00:00
32225,2025-06-26 00:00:00
32275,2025-03-31 00:00:00
32324,2025-12-18 00:00:00
32430,2025-11-26 00:00:00
32598,2025-03-06 00:00:00
32693,2025-04-20 00:00:00
32699,2025-04-20 00:00:00
32702,2025-02-06 00:00:00
32742,2025-01-22 00:00:00
33037,2025-03-27 00:00:00
33633,2026-01-20 00:00:00
33808,2025-04-22 00:00:00
33944,2025-02-11 00:00:00
33997,2025-07-01 00:00:00
34056,2025-11-10 00:00:00
34124,2025-03-27 00:00:00
34208,2025-03-20 00:00:00
34208,2026-02-24 00:00:00
34232,2025-07-15 00:00:00
34265,2025-02-06 00:00:00
34294,2025-03-19 00:00:00
34312,2025-11-13 00:00:00
34342,2026-02-03 00:00:00
34346,2025-04-17 00:00:00
34377,2025-08-07 00:00:00
34398,2025-10-22 00:00:00
34441,2025-07-24 00:00:00
34507,2025-11-19 00:00:00
34517,2025-10-22 00:00:00
34593,2026-02-16 00:00:00
34640,2025-10-09 00:00:00
34704,2025-11-11 00:00:00
34719,2025-02-25 00:00:00
34719,2025-06-16 00:00:00
34726,2025-08-22 00:00:00
34729,2025-07-15 00:00:00
34754,2025-09-15 00:00:00
34759,2025-11-20 00:00:00
34801,2025-12-17 00:00:00
34844,2025-10-22 00:00:00
34901,2025-10-13 00:00:00
34932,2025-06-30 00:00:00
34961,2025-07-09 00:00:00
34982,2025-02-09 00:00:00
35048,2025-09-15 00:00:00
35102,2025-03-20 00:00:00
35254,2025-03-18 00:00:00
35254,2025-09-24 00:00:00
35314,2025-07-03 00:00:00
35314,2026-01-27 00:00:00
35427,2025-03-18 00:00:00
35432,2025-02-13 00:00:00
35437,2025-07-03 00:00:00
35448,2025-02-08 00:00:00
35558,2025-11-13 00:00:00
35737,2026-01-19 00:00:00
35852,2025-07-10 00:00:00
35926,2026-02-25 00:00:00
35947,2025-08-22 00:00:00
35984,2025-04-22 00:00:00
35996,2025-01-15 00:00:00
36003,2025-12-15 00:00:00
36004,2025-01-15 00:00:00
36227,2025-04-22 00:00:00
36419,2025-07-22 00:00:00
36443,2026-01-26 00:00:00
36473,2025-04-17 00:00:00
36485,2025-10-27 00:00:00
36545,2025-03-25 00:00:00
36584,2025-12-22 00:00:00
36855,2025-08-08 00:00:00
36918,2026-01-26 00:00:00
36964,2025-07-03 00:00:00
36964,2026-02-27 00:00:00
36986,2025-05-26 00:00:00
37027,2025-08-18 00:00:00
37027,2026-02-25 00:00:00
37137,2025-03-19 00:00:00
37183,2025-01-15 00:00:00
37183,2026-01-27 00:00:00
37229,2025-11-21 00:00:00
37236,2025-06-24 00:00:00
37364,2025-11-20 00:00:00
37395,2025-01-23 00:00:00
37447,2025-06-26 00:00:00
37515,2025-08-20 00:00:00
37547,2025-08-07 00:00:00
37560,2025-11-18 00:00:00
37573,2025-04-22 00:00:00
37581,2025-02-06 00:00:00
37633,2025-06-26 00:00:00
37833,2025-09-16 00:00:00
38101,2026-02-26 00:00:00
38481,2025-08-20 00:00:00
38494,2025-02-05 00:00:00
38704,2025-07-02 00:00:00
38708,2025-07-24 00:00:00
38842,2025-06-30 00:00:00
38845,2025-06-19 00:00:00
38853,2025-06-30 00:00:00
38853,2025-09-18 00:00:00
38864,2025-02-05 00:00:00
38865,2026-01-26 00:00:00
38937,2025-03-03 00:00:00
38938,2025-03-03 00:00:00
38968,2025-03-21 00:00:00
39024,2025-03-17 00:00:00
39119,2025-04-17 00:00:00
39169,2025-11-20 00:00:00
39191,2025-07-24 00:00:00
39222,2025-03-27 00:00:00
39384,2025-03-13 00:00:00
39408,2025-07-15 00:00:00
39728,2025-11-18 00:00:00
39730,2025-07-21 00:00:00
39730,2025-11-10 00:00:00
39777,2025-06-25 00:00:00
39823,2025-02-21 00:00:00
39824,2025-07-02 00:00:00
39877,2025-11-17 00:00:00
39880,2025-07-02 00:00:00
39970,2025-03-01 00:00:00
40263,2025-03-01 00:00:00
40504,2025-01-27 00:00:00
40561,2025-08-18 00:00:00
40681,2025-11-10 00:00:00
40719,2025-12-23 00:00:00
40804,2025-01-13 00:00:00
40932,2025-06-30 00:00:00
41003,2025-03-04 00:00:00
41116,2025-03-19 00:00:00
41120,2025-04-17 00:00:00
41238,2025-08-08 00:00:00
41395,2025-08-11 00:00:00
41559,2026-01-26 00:00:00
41723,2026-02-16 00:00:00
41986,2025-12-15 00:00:00
41996,2025-02-20 00:00:00
42203,2025-08-19 00:00:00
42274,2025-04-08 00:00:00
42571,2025-02-05 00:00:00
42604,2025-06-23 00:00:00
42620,2025-11-18 00:00:00
42809,2025-12-17 00:00:00
42881,2025-03-20 00:00:00
42916,2025-04-02 00:00:00
42919,2025-09-16 00:00:00
42936,2025-08-11 00:00:00
43085,2025-08-18 00:00:00
43104,2025-08-11 00:00:00
43110,2025-04-02 00:00:00
43203,2025-08-18 00:00:00
43304,2025-03-13 00:00:00
43513,2025-09-17 00:00:00
43549,2025-08-21 00:00:00
43775,2025-10-13 00:00:00
44036,2025-12-24 00:00:00
44038,2025-03-12 00:00:00
44048,2025-03-12 00:00:00
44067,2025-12-24 00:00:00
44071,2025-12-24 00:00:00
44075,2025-08-12 00:00:00
44075,2025-12-24 00:00:00
44078,2025-08-12 00:00:00
44079,2025-08-12 00:00:00
44082,2025-06-25 00:00:00
44083,2025-08-12 00:00:00
44083,2025-11-25 00:00:00
44085,2025-04-08 00:00:00
44391,2025-05-15 00:00:00
44409,2025-09-03 00:00:00
44433,2025-12-15 00:00:00
44492,2025-08-27 00:00:00
44542,2025-10-14 00:00:00
44578,2025-11-20 00:00:00
44608,2025-03-17 00:00:00
44692,2025-08-18 00:00:00
44713,2025-03-19 00:00:00
44760,2025-07-02 00:00:00
44819,2025-10-27 00:00:00
44984,2025-08-18 00:00:00
45149,2025-07-03 00:00:00
45273,2025-08-12 00:00:00
45379,2025-03-19 00:00:00
45379,2025-07-24 00:00:00
45478,2025-11-13 00:00:00
45507,2025-06-19 00:00:00
45520,2025-08-26 00:00:00
45640,2025-05-22 00:00:00
45646,2026-02-24 00:00:00
45710,2025-11-11 00:00:00
45808,2025-08-19 00:00:00
45875,2025-08-18 00:00:00
45886,2025-08-18 00:00:00
45913,2025-03-11 00:00:00
46204,2025-10-16 00:00:00
46206,2025-10-16 00:00:00
46519,2025-01-21 00:00:00
46539,2025-01-22 00:00:00
46600,2025-03-05 00:00:00
46803,2025-11-21 00:00:00
46972,2026-02-04 00:00:00
47431,2026-02-24 00:00:00
47442,2025-08-18 00:00:00
47558,2025-11-13 00:00:00
47618,2025-07-02 00:00:00
47783,2025-04-22 00:00:00
47806,2025-10-27 00:00:00
47823,2025-04-22 00:00:00
47823,2025-08-07 00:00:00
47865,2025-01-16 00:00:00
47949,2026-01-26 00:00:00
48001,2025-06-03 00:00:00
48104,2025-10-21 00:00:00
48107,2025-04-22 00:00:00
48151,2025-12-24 00:00:00
48194,2025-01-20 00:00:00
48268,2025-02-25 00:00:00
48286,2025-12-23 00:00:00
48356,2025-03-18 00:00:00
48463,2025-02-05 00:00:00
48515,2025-11-20 00:00:00
48539,2025-10-21 00:00:00
48773,2025-09-25 00:00:00
48831,2026-02-25 00:00:00
48883,2025-03-20 00:00:00
48893,2025-09-18 00:00:00
48946,2025-02-21 00:00:00
49041,2025-10-13 00:00:00
49248,2025-11-12 00:00:00
49255,2025-11-12 00:00:00
49261,2025-11-12 00:00:00
49266,2025-11-12 00:00:00
49269,2025-11-12 00:00:00
49272,2025-11-19 00:00:00
49274,2025-11-12 00:00:00
49276,2025-11-19 00:00:00
49285,2025-11-12 00:00:00
49289,2025-11-19 00:00:00
49296,2025-11-12 00:00:00
49303,2025-11-19 00:00:00
49657,2025-09-18 00:00:00
49677,2025-09-18 00:00:00
49688,2025-11-12 00:00:00
49692,2025-11-19 00:00:00
49695,2025-09-18 00:00:00
49695,2026-02-26 00:00:00
50007,2025-12-17 00:00:00
50159,2026-01-19 00:00:00
50544,2025-05-22 00:00:00
50731,2025-08-20 00:00:00
50745,2025-08-20 00:00:00
50766,2025-07-24 00:00:00
50786,2025-05-15 00:00:00
51044,2025-08-14 00:00:00
51066,2025-11-20 00:00:00
51399,2025-08-07 00:00:00
51498,2025-08-25 00:00:00
51512,2025-11-05 00:00:00
51569,2025-08-22 00:00:00
51878,2025-08-11 00:00:00
51991,2025-01-16 00:00:00
52009,2025-08-14 00:00:00
52023,2025-04-22 00:00:00
52026,2026-02-26 00:00:00
52152,2025-02-27 00:00:00
52221,2025-08-06 00:00:00
52833,2025-08-07 00:00:00
52921,2025-08-19 00:00:00
52926,2025-08-19 00:00:00
53033,2025-11-13 00:00:00
53092,2025-08-20 00:00:00
53094,2025-07-01 00:00:00
53098,2025-02-24 00:00:00
53135,2025-08-07 00:00:00
53200,2025-02-28 00:00:00
53249,2026-01-14 00:00:00
53260,2025-03-02 00:00:00
53297,2025-08-14 00:00:00
53400,2025-09-09 00:00:00
53400,2026-01-14 00:00:00
53410,2026-01-27 00:00:00
53607,2025-05-22 00:00:00
53621,2025-08-07 00:00:00
53657,2025-04-16 00:00:00
53803,2025-11-25 00:00:00
53833,2025-08-06 00:00:00
54182,2025-08-21 00:00:00
54225,2025-02-05 00:00:00
54298,2025-02-21 00:00:00
54405,2025-03-19 00:00:00
54439,2025-08-21 00:00:00
54461,2025-03-25 00:00:00
54515,2025-09-19 00:00:00
54834,2025-03-25 00:00:00
54995,2025-07-21 00:00:00
55081,2025-02-05 00:00:00
55113,2025-12-22 00:00:00
55210,2025-03-28 00:00:00
55320,2025-12-22 00:00:00
55573,2025-09-09 00:00:00
55588,2025-11-05 00:00:00
55654,2025-10-22 00:00:00
55999,2025-04-24 00:00:00
55999,2026-02-27 00:00:00
56102,2025-07-15 00:00:00
56208,2025-07-25 00:00:00
56223,2025-03-13 00:00:00
56226,2025-08-22 00:00:00
56371,2025-03-17 00:00:00
56406,2025-11-26 00:00:00
56530,2025-07-10 00:00:00
56576,2025-11-14 00:00:00
56579,2025-11-15 00:00:00
56606,2025-11-22 00:00:00
56629,2025-11-15 00:00:00
56655,2026-01-26 00:00:00
56676,2026-01-26 00:00:00
56681,2025-11-12 00:00:00
56698,2025-08-14 00:00:00
56698,2026-02-26 00:00:00
56699,2025-07-24 00:00:00
56702,2026-01-26 00:00:00
56809,2025-10-22 00:00:00
56831,2025-11-13 00:00:00
56843,2025-08-18 00:00:00
56854,2025-03-18 00:00:00
56891,2026-02-04 00:00:00
56916,2025-06-09 00:00:00
56979,2025-01-22 00:00:00
57012,2025-01-16 00:00:00
57022,2026-02-04 00:00:00
57046,2026-02-03 00:00:00
57054,2025-05-26 00:00:00
57072,2025-03-19 00:00:00
57261,2025-12-06 00:00:00
57283,2025-10-21 00:00:00
57319,2025-08-14 00:00:00
57384,2025-08-22 00:00:00
57411,2025-04-23 00:00:00
57415,2025-09-24 00:00:00
57427,2025-01-24 00:00:00
57427,2026-02-26 00:00:00
57698,2025-07-16 00:00:00
57862,2025-09-24 00:00:00
57898,2025-06-23 00:00:00
57965,2025-09-23 00:00:00
58046,2025-03-18 00:00:00
58065,2025-03-17 00:00:00
58180,2026-02-27 00:00:00
58412,2025-02-21 00:00:00
58457,2025-01-24 00:00:00
58511,2025-01-15 00:00:00
58585,2025-12-25 00:00:00
58617,2025-07-01 00:00:00
58638,2025-03-19 00:00:00
58731,2025-06-23 00:00:00
58997,2025-10-15 00:00:00
59070,2025-08-11 00:00:00
59105,2025-03-25 00:00:00
59115,2025-07-01 00:00:00
59135,2025-07-16 00:00:00
59491,2025-08-18 00:00:00
59501,2025-04-23 00:00:00
59501,2025-07-28 00:00:00
59501,2025-12-23 00:00:00
59565,2025-11-06 00:00:00
59616,2025-12-19 00:00:00
59707,2025-05-06 00:00:00
59722,2026-02-05 00:00:00
59749,2025-11-18 00:00:00
59781,2025-02-07 00:00:00
59832,2025-09-18 00:00:00
59885,2025-08-26 00:00:00
59897,2025-06-05 00:00:00
59997,2026-02-12 00:00:00
60190,2025-02-25 00:00:00
60191,2025-03-25 00:00:00
60292,2025-10-16 00:00:00
60389,2025-08-26 00:00:00
60460,2025-12-23 00:00:00
60576,2025-11-19 00:00:00
60607,2025-08-11 00:00:00
60753,2025-06-30 00:00:00
60841,2025-06-23 00:00:00
60861,2025-03-24 00:00:00
60886,2025-02-11 00:00:00
60947,2025-08-11 00:00:00
60979,2025-02-11 00:00:00
61016,2025-03-25 00:00:00
61019,2025-05-06 00:00:00
61116,2025-12-22 00:00:00
61387,2025-11-22 00:00:00
61404,2025-11-17 00:00:00
61462,2025-10-07 00:00:00
61509,2025-12-18 00:00:00
61618,2025-12-19 00:00:00
61664,2025-02-25 00:00:00
61710,2025-11-19 00:00:00
61768,2026-02-04 00:00:00
61794,2026-01-26 00:00:00
61815,2026-01-26 00:00:00
62365,2025-08-21 00:00:00
62412,2025-11-26 00:00:00
62510,2025-11-20 00:00:00
62526,2025-11-13 00:00:00
62538,2025-08-21 00:00:00
62544,2025-11-12 00:00:00
62571,2025-11-20 00:00:00
62604,2025-04-17 00:00:00
62626,2025-11-13 00:00:00
62739,2025-12-17 00:00:00
62744,2026-02-19 00:00:00
63026,2025-11-22 00:00:00
63396,2025-06-18 00:00:00
63958,2026-02-26 00:00:00
63979,2025-04-22 00:00:00
64010,2025-04-22 00:00:00
64023,2025-03-17 00:00:00
64154,2025-02-13 00:00:00
64259,2025-08-22 00:00:00
64326,2025-09-19 00:00:00
64442,2025-09-15 00:00:00
64459,2025-04-21 00:00:00
64461,2025-05-15 00:00:00
64469,2025-12-21 00:00:00
64525,2025-07-01 00:00:00
64609,2025-07-24 00:00:00
64609,2025-11-11 00:00:00
64750,2025-02-07 00:00:00
64934,2025-05-06 00:00:00
64957,2025-07-22 00:00:00
64970,2025-11-26 00:00:00
65001,2025-08-14 00:00:00
65053,2025-04-17 00:00:00
65070,2026-01-26 00:00:00
65086,2025-08-11 00:00:00
65127,2025-08-20 00:00:00
65162,2025-04-17 00:00:00
65313,2025-12-08 00:00:00
65322,2025-07-28 00:00:00
65322,2026-02-05 00:00:00
65360,2025-09-09 00:00:00
65405,2025-10-14 00:00:00
65444,2025-03-25 00:00:00
65451,2025-12-08 00:00:00
65464,2025-03-25 00:00:00
65598,2025-12-16 00:00:00
65622,2025-01-23 00:00:00
65657,2025-04-17 00:00:00
65735,2025-03-01 00:00:00
65750,2025-09-16 00:00:00
66089,2025-05-20 00:00:00
66286,2025-03-19 00:00:00
66396,2025-08-27 00:00:00
66511,2025-03-24 00:00:00
66511,2026-02-27 00:00:00
66560,2025-08-19 00:00:00
66562,2025-08-19 00:00:00
66617,2025-12-17 00:00:00
66768,2025-03-13 00:00:00
66784,2025-04-16 00:00:00
66798,2025-03-25 00:00:00
66900,2025-03-07 00:00:00
66900,2025-08-18 00:00:00
67003,2025-05-05 00:00:00
67546,2025-02-20 00:00:00
67737,2026-02-20 00:00:00
67753,2025-03-21 00:00:00
67756,2026-02-20 00:00:00
67864,2025-09-09 00:00:00
67950,2025-12-03 00:00:00
68035,2025-06-19 00:00:00
68132,2025-10-07 00:00:00
68170,2025-02-20 00:00:00
68305,2025-08-20 00:00:00
68332,2025-05-16 00:00:00
68596,2025-07-25 00:00:00
68672,2025-12-29 00:00:00
68938,2025-08-19 00:00:00
68950,2025-06-02 00:00:00
68956,2025-08-19 00:00:00
69075,2025-01-16 00:00:00
69262,2025-10-07 00:00:00
69267,2025-04-16 00:00:00
69294,2025-07-10 00:00:00
69321,2025-04-16 00:00:00
69326,2025-02-27 00:00:00
69327,2026-01-27 00:00:00
69383,2025-03-27 00:00:00
69416,2026-01-28 00:00:00
69421,2025-04-16 00:00:00
69422,2025-08-20 00:00:00
69564,2025-11-11 00:00:00
69604,2025-12-09 00:00:00
69624,2025-12-23 00:00:00
69696,2025-06-19 00:00:00
69707,2025-12-17 00:00:00
69744,2025-09-18 00:00:00
69754,2025-12-09 00:00:00
69867,2025-01-28 00:00:00
69881,2025-12-22 00:00:00
70378,2025-08-14 00:00:00
70391,2026-02-12 00:00:00
70488,2025-02-25 00:00:00
70518,2025-08-07 00:00:00
70523,2025-03-05 00:00:00
70534,2025-12-15 00:00:00
70538,2025-08-14 00:00:00
70539,2025-08-15 00:00:00
70559,2025-03-05 00:00:00
70567,2026-02-12 00:00:00
70584,2025-11-12 00:00:00
70657,2025-03-03 00:00:00
70667,2025-03-27 00:00:00
70777,2025-03-05 00:00:00
70785,2025-07-08 00:00:00
70799,2025-02-26 00:00:00
70812,2025-01-13 00:00:00
70876,2025-08-05 00:00:00
70883,2025-10-06 00:00:00
70889,2025-08-14 00:00:00
71049,2025-08-18 00:00:00
71109,2025-03-25 00:00:00
71178,2025-04-08 00:00:00
71180,2025-11-12 00:00:00
71180,2026-01-26 00:00:00
71181,2025-06-06 00:00:00
71271,2025-08-05 00:00:00
71315,2026-02-02 00:00:00
71377,2025-06-16 00:00:00
71404,2025-01-14 00:00:00
71413,2025-11-06 00:00:00
71439,2025-06-30 00:00:00
71468,2025-03-10 00:00:00
71671,2025-08-15 00:00:00
71701,2025-07-08 00:00:00
71739,2025-08-15 00:00:00
71808,2026-02-16 00:00:00
71940,2025-12-16 00:00:00
71943,2025-03-21 00:00:00
71953,2025-03-04 00:00:00
71977,2025-05-14 00:00:00
71991,2025-08-15 00:00:00
72024,2025-03-17 00:00:00
72065,2025-12-23 00:00:00
72075,2025-08-15 00:00:00
72075,2025-11-06 00:00:00
72095,2025-01-20 00:00:00
72095,2025-12-23 00:00:00
72102,2025-08-05 00:00:00
72163,2026-02-25 00:00:00
72236,2025-12-15 00:00:00
72237,2025-02-12 00:00:00
72247,2025-07-21 00:00:00
72247,2025-12-17 00:00:00
72268,2025-03-01 00:00:00
72272,2025-12-19 00:00:00
72307,2025-01-20 00:00:00
72547,2025-02-14 00:00:00
72603,2025-04-18 00:00:00
72644,2025-07-28 00:00:00
72771,2025-03-22 00:00:00
72859,2026-02-10 00:00:00
72981,2026-01-21 00:00:00
73046,2026-01-15 00:00:00
73047,2025-02-16 00:00:00
73084,2025-12-15 00:00:00
73140,2025-08-27 00:00:00
73156,2025-03-01 00:00:00
73163,2025-03-20 00:00:00
73195,2025-02-25 00:00:00
73197,2025-11-24 00:00:00
73210,2025-03-21 00:00:00
73234,2025-05-06 00:00:00
73241,2025-08-12 00:00:00
73251,2025-11-24 00:00:00
73307,2025-08-13 00:00:00
73475,2025-04-22 00:00:00
73637,2025-09-22 00:00:00
73675,2025-08-12 00:00:00
73691,2025-03-12 00:00:00
73717,2025-04-21 00:00:00
73753,2025-08-12 00:00:00
73791,2025-04-22 00:00:00
73821,2025-02-25 00:00:00
73821,2025-09-11 00:00:00
74066,2026-02-19 00:00:00
74196,2025-03-19 00:00:00
74375,2025-02-12 00:00:00
74378,2025-02-12 00:00:00
74405,2025-08-12 00:00:00
74408,2025-02-16 00:00:00
74472,2025-11-12 00:00:00
74533,2025-08-05 00:00:00
74552,2025-08-15 00:00:00
74575,2025-08-05 00:00:00
74587,2025-08-15 00:00:00
74591,2026-02-02 00:00:00
74625,2025-02-25 00:00:00
74638,2025-07-02 00:00:00
74640,2025-09-01 00:00:00
74701,2025-08-19 00:00:00
74766,2025-02-25 00:00:00
74840,2025-08-18 00:00:00
74843,2026-02-19 00:00:00
74859,2025-12-03 00:00:00
74891,2025-02-25 00:00:00
74948,2025-03-11 00:00:00
74954,2025-03-11 00:00:00
74980,2025-08-15 00:00:00
74982,2025-09-23 00:00:00
75057,2025-03-13 00:00:00
75146,2025-06-16 00:00:00
75209,2025-10-09 00:00:00
75220,2025-03-20 00:00:00
75260,2026-02-20 00:00:00
75276,2025-07-03 00:00:00
75279,2025-08-05 00:00:00
75286,2025-08-18 00:00:00
75295,2025-08-11 00:00:00
75314,2025-08-11 00:00:00
75355,2025-11-06 00:00:00
75362,2025-12-23 00:00:00
75370,2025-07-01 00:00:00
75435,2025-11-27 00:00:00
75453,2025-08-11 00:00:00
75504,2025-04-22 00:00:00
75504,2025-08-14 00:00:00
75505,2025-03-25 00:00:00
75505,2025-06-16 00:00:00
75505,2025-10-15 00:00:00
75518,2025-08-11 00:00:00
75590,2025-01-20 00:00:00
75637,2025-08-06 00:00:00
75671,2026-01-29 00:00:00
75685,2025-02-09 00:00:00
75692,2025-09-01 00:00:00
75728,2025-08-11 00:00:00
75779,2025-01-20 00:00:00
75779,2025-08-06 00:00:00
75822,2025-03-21 00:00:00
75880,2025-07-23 00:00:00
75920,2025-11-06 00:00:00
75933,2025-12-11 00:00:00
75954,2025-06-18 00:00:00
76007,2025-11-06 00:00:00
76025,2025-06-05 00:00:00
76025,2026-02-19 00:00:00
76120,2025-08-06 00:00:00
76120,2026-02-05 00:00:00
76181,2025-10-28 00:00:00
76184,2025-08-18 00:00:00
76203,2025-08-18 00:00:00
76204,2025-03-10 00:00:00
76315,2025-08-18 00:00:00
76373,2025-08-11 00:00:00
76416,2025-06-18 00:00:00
76418,2025-06-18 00:00:00
76455,2025-11-06 00:00:00
76467,2025-08-11 00:00:00
76490,2025-09-01 00:00:00
76515,2025-12-04 00:00:00
76565,2025-08-07 00:00:00
76615,2025-06-03 00:00:00
76624,2025-01-21 00:00:00
76624,2025-09-03 00:00:00
76636,2025-10-06 00:00:00
76729,2025-04-15 00:00:00
76789,2025-04-16 00:00:00
76789,2025-12-17 00:00:00
76818,2025-03-20 00:00:00
76818,2025-09-23 00:00:00
76850,2026-01-26 00:00:00
76871,2026-02-03 00:00:00
76934,2025-12-17 00:00:00
76992,2025-03-19 00:00:00
77077,2025-06-09 00:00:00
77116,2025-07-17 00:00:00
77147,2025-07-17 00:00:00
77164,2025-09-15 00:00:00
77310,2025-08-11 00:00:00
77324,2025-03-11 00:00:00
77368,2025-03-04 00:00:00
77383,2025-03-04 00:00:00
77404,2025-12-16 00:00:00
77415,2025-07-02 00:00:00
77476,2026-02-02 00:00:00
77499,2025-08-11 00:00:00
77552,2025-09-01 00:00:00
77560,2026-02-24 00:00:00
77574,2025-03-20 00:00:00
77725,2025-06-09 00:00:00
77764,2025-08-15 00:00:00
77885,2025-08-11 00:00:00
78005,2025-07-01 00:00:00
78058,2025-03-21 00:00:00
78058,2025-08-19 00:00:00
78079,2025-08-25 00:00:00
78102,2025-09-23 00:00:00
78105,2025-01-20 00:00:00
78123,2025-08-13 00:00:00
78134,2025-08-06 00:00:00
78137,2025-06-05 00:00:00
78189,2025-07-07 00:00:00
78239,2025-04-04 00:00:00
78239,2025-10-28 00:00:00
78282,2025-03-10 00:00:00
78312,2025-03-10 00:00:00
78436,2025-12-02 00:00:00
78450,2025-08-14 00:00:00
78518,2025-12-02 00:00:00
78738,2025-11-18 00:00:00
78901,2025-12-16 00:00:00
79172,2025-07-03 00:00:00
79271,2025-03-03 00:00:00
79342,2025-08-13 00:00:00
79474,2025-12-16 00:00:00
79483,2025-08-13 00:00:00
79523,2025-03-17 00:00:00
79534,2025-05-14 00:00:00
79602,2025-04-22 00:00:00
79684,2025-12-16 00:00:00
79695,2025-12-16 00:00:00
79728,2025-02-26 00:00:00
79732,2025-08-13 00:00:00
79783,2025-03-17 00:00:00
79798,2025-08-13 00:00:00
79920,2025-03-21 00:00:00
79993,2025-11-20 00:00:00
80033,2025-02-26 00:00:00
80045,2025-08-13 00:00:00
80052,2025-05-22 00:00:00
80101,2026-02-18 00:00:00
80121,2025-11-21 00:00:00
80300,2025-11-05 00:00:00
80381,2025-10-02 00:00:00
80410,2025-05-22 00:00:00
80413,2025-08-13 00:00:00
80554,2025-05-22 00:00:00
80576,2025-07-01 00:00:00
80732,2025-09-15 00:00:00
80752,2025-11-24 00:00:00
80773,2025-08-13 00:00:00
80775,2026-01-28 00:00:00
80782,2025-08-08 00:00:00
80794,2025-06-03 00:00:00
80862,2025-12-17 00:00:00
80880,2025-05-22 00:00:00
80880,2025-10-15 00:00:00
80893,2025-03-05 00:00:00
80893,2025-11-17 00:00:00
80930,2025-03-18 00:00:00
80974,2026-02-16 00:00:00
80975,2025-08-06 00:00:00
80990,2026-02-19 00:00:00
81005,2025-11-29 00:00:00
81206,2025-05-13 00:00:00
81225,2025-11-20 00:00:00
81240,2025-05-13 00:00:00
81286,2025-02-26 00:00:00
81292,2025-08-13 00:00:00
81375,2025-09-15 00:00:00
81465,2025-02-24 00:00:00
81530,2026-01-29 00:00:00
81764,2025-08-14 00:00:00
81797,2025-11-18 00:00:00
81815,2025-02-26 00:00:00
81917,2025-12-16 00:00:00
82014,2025-02-20 00:00:00
82015,2025-08-06 00:00:00
82047,2025-04-16 00:00:00
82048,2025-08-20 00:00:00
82061,2025-04-16 00:00:00
82086,2025-08-14 00:00:00
82087,2025-01-16 00:00:00
82418,2025-02-27 00:00:00
82455,2025-01-20 00:00:00
82597,2026-01-15 00:00:00
82665,2025-09-08 00:00:00
82731,2025-08-21 00:00:00
82745,2025-03-25 00:00:00
82748,2025-01-17 00:00:00
82748,2025-08-21 00:00:00
82857,2025-08-21 00:00:00
83121,2025-03-13 00:00:00
83465,2025-11-12 00:00:00
83561,2025-01-16 00:00:00
83682,2026-02-06 00:00:00
83710,2025-11-05 00:00:00
83876,2025-08-20 00:00:00
83914,2025-12-25 00:00:00
83948,2025-11-24 00:00:00
83958,2025-11-12 00:00:00
84040,2025-07-22 00:00:00
84097,2026-01-14 00:00:00
84207,2026-02-06 00:00:00
84952,2026-02-16 00:00:00
85009,2025-08-22 00:00:00
85021,2025-08-22 00:00:00
85789,2025-03-11 00:00:00
85798,2026-02-19 00:00:00
85828,2025-11-27 00:00:00
85841,2025-08-19 00:00:00
85894,2026-02-19 00:00:00
85896,2025-08-06 00:00:00
85899,2025-11-27 00:00:00
85907,2025-02-25 00:00:00
86047,2025-09-02 00:00:00
86060,2025-08-05 00:00:00
86072,2025-03-20 00:00:00
86082,2025-08-05 00:00:00
86093,2026-01-29 00:00:00
86096,2025-03-20 00:00:00
86097,2025-06-05 00:00:00
86099,2025-09-01 00:00:00
86139,2025-08-05 00:00:00
86139,2025-12-17 00:00:00
86158,2025-08-11 00:00:00
86207,2025-08-18 00:00:00
86262,2025-02-25 00:00:00
86316,2025-03-05 00:00:00
86326,2025-08-19 00:00:00
86365,2025-03-05 00:00:00
86453,2025-03-28 00:00:00
86460,2025-05-22 00:00:00
86531,2025-03-20 00:00:00
86597,2025-08-13 00:00:00
86633,2025-09-15 00:00:00
86683,2025-08-13 00:00:00
86721,2026-01-29 00:00:00
86725,2025-08-13 00:00:00
86805,2025-03-17 00:00:00
86827,2025-12-16 00:00:00
86887,2025-09-04 00:00:00
86933,2025-12-03 00:00:00
86980,2025-05-21 00:00:00
87155,2025-04-15 00:00:00
87155,2025-10-22 00:00:00
87168,2025-02-24 00:00:00
87200,2025-08-06 00:00:00
87220,2025-07-03 00:00:00
87223,2025-11-24 00:00:00
87242,2025-04-21 00:00:00
87253,2025-04-18 00:00:00
87377,2025-08-15 00:00:00
87381,2025-08-15 00:00:00
87404,2025-06-18 00:00:00
87417,2025-05-05 00:00:00
87426,2025-09-15 00:00:00
87441,2025-03-26 00:00:00
87475,2025-05-05 00:00:00
87490,2025-08-05 00:00:00
87627,2025-12-15 00:00:00
87648,2025-08-08 00:00:00
87874,2025-08-20 00:00:00
87893,2025-03-04 00:00:00
87909,2025-03-26 00:00:00
87914,2025-06-16 00:00:00
87950,2025-03-04 00:00:00
87982,2025-05-21 00:00:00
87997,2025-02-26 00:00:00
88060,2025-11-18 00:00:00
88067,2026-01-12 00:00:00
88098,2025-08-06 00:00:00
88163,2025-06-30 00:00:00
88167,2025-06-30 00:00:00
88184,2025-12-15 00:00:00
88220,2025-11-18 00:00:00
88240,2025-06-30 00:00:00
88251,2025-08-20 00:00:00
88252,2025-11-24 00:00:00
88315,2025-11-05 00:00:00
88375,2025-08-21 00:00:00
88464,2025-04-16 00:00:00
88638,2025-05-05 00:00:00
88638,2026-02-02 00:00:00
88731,2025-03-05 00:00:00
88939,2025-12-15 00:00:00
88944,2025-08-21 00:00:00
88986,2025-04-22 00:00:00
89037,2025-02-22 00:00:00
89097,2025-06-30 00:00:00
89157,2025-08-05 00:00:00
89211,2025-08-05 00:00:00
89262,2025-12-03 00:00:00
89326,2025-08-20 00:00:00
89375,2025-02-22 00:00:00
89375,2025-09-04 00:00:00
89477,2025-08-01 00:00:00
89477,2025-11-10 00:00:00
89485,2025-09-18 00:00:00
89508,2025-04-02 00:00:00
89510,2025-02-22 00:00:00
89510,2025-11-10 00:00:00
89537,2025-11-11 00:00:00
89583,2025-10-28 00:00:00
89636,2025-04-15 00:00:00
89644,2025-08-21 00:00:00
89782,2025-08-06 00:00:00
89826,2025-11-05 00:00:00
89832,2025-09-23 00:00:00
89886,2025-08-15 00:00:00
89915,2025-06-30 00:00:00
89915,2025-12-16 00:00:00
90093,2025-08-13 00:00:00
90108,2025-03-10 00:00:00
90108,2025-10-02 00:00:00
90132,2025-09-03 00:00:00
90275,2025-07-07 00:00:00
90486,2025-08-13 00:00:00
90491,2025-08-13 00:00:00
90616,2025-09-04 00:00:00
90620,2025-11-24 00:00:00
90710,2025-09-15 00:00:00
90742,2025-02-25 00:00:00
90772,2025-08-14 00:00:00
90802,2025-08-18 00:00:00
90806,2025-06-30 00:00:00
90860,2025-08-18 00:00:00
90933,2025-09-04 00:00:00
91050,2025-12-02 00:00:00
91122,2025-08-06 00:00:00
91145,2025-07-02 00:00:00
91174,2025-07-29 00:00:00
91362,2026-01-14 00:00:00
91369,2026-02-05 00:00:00
91395,2025-07-03 00:00:00
91649,2025-08-19 00:00:00
91744,2025-10-28 00:00:00
91754,2025-12-18 00:00:00
91849,2025-03-26 00:00:00
91914,2025-01-13 00:00:00
91915,2025-08-18 00:00:00
91949,2025-02-25 00:00:00
91962,2025-06-26 00:00:00
92028,2025-12-16 00:00:00
92035,2025-02-26 00:00:00
92108,2025-08-27 00:00:00
92227,2025-08-18 00:00:00
92261,2025-02-26 00:00:00
92266,2025-11-21 00:00:00
92346,2025-02-22 00:00:00
92452,2025-10-02 00:00:00
92460,2025-08-21 00:00:00
92473,2025-02-26 00:00:00
92529,2025-05-21 00:00:00
92559,2025-07-03 00:00:00
92583,2025-10-02 00:00:00
92672,2025-05-21 00:00:00
92688,2025-08-19 00:00:00
92699,2025-07-03 00:00:00
92817,2025-06-30 00:00:00
92817,2025-11-20 00:00:00
92820,2025-11-20 00:00:00
92856,2025-12-24 00:00:00
92920,2025-07-14 00:00:00
92955,2025-12-23 00:00:00
92958,2025-08-05 00:00:00
92971,2025-08-05 00:00:00
92980,2025-12-23 00:00:00
92996,2025-08-05 00:00:00
93004,2025-11-20 00:00:00
93017,2025-07-15 00:00:00
93066,2025-01-22 00:00:00
93073,2025-08-14 00:00:00
93113,2025-12-25 00:00:00
93181,2025-06-18 00:00:00
93197,2026-02-24 00:00:00
93205,2025-12-01 00:00:00
93313,2025-04-02 00:00:00
93341,2025-09-15 00:00:00
93346,2025-05-16 00:00:00
93355,2025-08-18 00:00:00
93367,2025-04-02 00:00:00
93367,2025-10-22 00:00:00
93415,2025-04-15 00:00:00
93514,2025-08-07 00:00:00
93539,2025-08-07 00:00:00
93565,2025-03-24 00:00:00
93607,2025-11-24 00:00:00
93614,2025-08-14 00:00:00
93645,2025-08-07 00:00:00
93661,2026-01-12 00:00:00
93684,2025-08-07 00:00:00
93738,2026-02-09 00:00:00
93755,2025-11-26 00:00:00
93781,2026-02-09 00:00:00
93802,2025-07-02 00:00:00
93807,2025-09-10 00:00:00
93911,2025-07-02 00:00:00
93992,2025-04-21 00:00:00
94011,2025-02-27 00:00:00
94077,2025-08-27 00:00:00
94425,2025-07-02 00:00:00
94515,2025-08-07 00:00:00
94523,2025-04-19 00:00:00
94527,2025-07-02 00:00:00
94617,2025-11-19 00:00:00
94796,2025-09-10 00:00:00
94804,2025-02-27 00:00:00
94858,2025-01-27 00:00:00
94918,2026-01-12 00:00:00
94926,2025-01-27 00:00:00
94942,2025-01-27 00:00:00
94989,2025-09-16 00:00:00
95044,2026-02-25 00:00:00
95054,2025-12-17 00:00:00
95291,2025-07-02 00:00:00
95318,2025-07-02 00:00:00
95426,2025-12-17 00:00:00
95456,2025-02-16 00:00:00
95459,2025-07-21 00:00:00
95467,2025-02-16 00:00:00
95470,2025-02-16 00:00:00
95471,2025-02-16 00:00:00
95504,2025-02-16 00:00:00
95505,2025-02-16 00:00:00
95583,2025-02-16 00:00:00
95616,2025-03-26 00:00:00
95620,2025-02-16 00:00:00
95633,2025-08-12 00:00:00
95649,2025-02-22 00:00:00
95706,2025-12-12 00:00:00
95710,2025-11-19 00:00:00
95752,2025-12-16 00:00:00
95810,2025-01-15 00:00:00
95813,2025-06-03 00:00:00
95827,2025-06-03 00:00:00
95949,2025-11-25 00:00:00
96069,2025-01-20 00:00:00
96084,2025-09-11 00:00:00
96093,2025-11-24 00:00:00
96123,2025-08-12 00:00:00
96127,2025-11-20 00:00:00
96142,2025-03-21 00:00:00
96147,2025-02-16 00:00:00
96184,2025-02-16 00:00:00
96188,2025-12-15 00:00:00
96262,2025-12-15 00:00:00
96264,2025-02-14 00:00:00
96368,2025-11-19 00:00:00
96582,2025-04-02 00:00:00
96583,2025-02-19 00:00:00
96596,2025-02-19 00:00:00
96702,2025-08-19 00:00:00
96702,2026-01-21 00:00:00
96824,2025-02-12 00:00:00
96831,2025-01-15 00:00:00
96845,2025-04-02 00:00:00
96859,2025-08-12 00:00:00
96859,2025-11-25 00:00:00
96977,2025-01-15 00:00:00
96982,2025-01-28 00:00:00
97022,2025-04-22 00:00:00
97073,2025-06-25 00:00:00
97166,2025-02-22 00:00:00
97166,2025-11-22 00:00:00
97415,2025-12-15 00:00:00
97453,2025-09-17 00:00:00
97471,2025-09-17 00:00:00
97532,2025-04-22 00:00:00
97543,2025-11-20 00:00:00
97593,2025-06-25 00:00:00
97602,2025-04-22 00:00:00
97650,2025-07-29 00:00:00
97651,2025-08-12 00:00:00
97651,2025-11-20 00:00:00
97659,2025-03-21 00:00:00
97690,2025-08-12 00:00:00
97780,2025-12-03 00:00:00
97808,2025-06-16 00:00:00
97889,2025-09-17 00:00:00
97920,2025-09-17 00:00:00
98181,2025-07-03 00:00:00
98321,2025-08-13 00:00:00
98341,2025-08-13 00:00:00
98348,2025-06-17 00:00:00
98359,2025-08-12 00:00:00
98366,2025-08-12 00:00:00
98366,2025-11-19 00:00:00
98375,2025-08-12 00:00:00
98383,2025-07-03 00:00:00
98410,2025-11-24 00:00:00
98416,2025-02-24 00:00:00
98417,2025-05-15 00:00:00
98425,2025-08-12 00:00:00
98452,2025-11-19 00:00:00
98468,2025-02-22 00:00:00
98471,2025-08-12 00:00:00
98621,2025-04-03 00:00:00
98697,2025-08-12 00:00:00
98702,2025-02-22 00:00:00
98720,2025-02-22 00:00:00
98720,2025-07-03 00:00:00
98767,2026-01-15 00:00:00
98786,2025-12-03 00:00:00
98787,2025-12-03 00:00:00
98887,2025-07-03 00:00:00
98933,2025-11-11 00:00:00
98947,2025-03-24 00:00:00
99105,2025-06-25 00:00:00
99112,2025-01-15 00:00:00
99212,2025-08-14 00:00:00
99251,2025-04-24 00:00:00
99263,2025-08-27 00:00:00
99313,2025-04-24 00:00:00
99313,2026-01-12 00:00:00
99354,2025-11-11 00:00:00
99357,2025-08-29 00:00:00
99417,2025-11-06 00:00:00
99439,2025-11-21 00:00:00
99471,2026-02-17 00:00:00
99476,2025-10-22 00:00:00
99491,2025-10-16 00:00:00
99540,2025-11-19 00:00:00
99572,2025-08-29 00:00:00
99592,2026-02-10 00:00:00
99593,2026-02-10 00:00:00
99621,2025-04-23 00:00:00
99701,2025-03-18 00:00:00
99714,2025-03-18 00:00:00
99739,2025-07-29 00:00:00
99770,2025-04-01 00:00:00
99777,2025-02-28 00:00:00
99789,2025-12-09 00:00:00
99791,2025-03-01 00:00:00
99807,2025-11-24 00:00:00
99866,2025-10-14 00:00:00
99868,2026-01-13 00:00:00
99937,2025-10-14 00:00:00
99979,2025-11-06 00:00:00
99992,2025-10-01 00:00:00
100005,2025-10-01 00:00:00
100015,2025-06-09 00:00:00
100020,2025-06-30 00:00:00
100040,2025-06-30 00:00:00
100043,2025-08-28 00:00:00
100055,2025-08-28 00:00:00
100067,2025-09-08 00:00:00
100128,2025-06-30 00:00:00
100169,2025-10-16 00:00:00
100182,2025-09-24 00:00:00
100184,2025-09-24 00:00:00
100184,2026-02-26 00:00:00
100234,2025-09-24 00:00:00
100240,2025-09-24 00:00:00
100364,2025-04-01 00:00:00
100402,2025-08-28 00:00:00
100473,2025-04-01 00:00:00
100484,2025-07-28 00:00:00
100485,2025-04-28 00:00:00
100520,2025-09-24 00:00:00
100529,2025-10-21 00:00:00
100636,2025-04-23 00:00:00
100766,2025-10-01 00:00:00
100780,2025-11-25 00:00:00
100801,2025-09-08 00:00:00
100853,2025-11-25 00:00:00
100880,2025-11-26 00:00:00
101181,2025-09-22 00:00:00
101188,2025-10-16 00:00:00
101189,2026-02-10 00:00:00
101212,2025-04-01 00:00:00
101212,2025-09-18 00:00:00
101231,2025-08-29 00:00:00
101245,2025-04-24 00:00:00
101249,2025-06-09 00:00:00
101268,2025-09-08 00:00:00
101295,2025-04-24 00:00:00
101368,2025-09-16 00:00:00
101778,2025-07-24 00:00:00
101814,2025-05-15 00:00:00
102015,2026-01-28 00:00:00
102125,2025-11-19 00:00:00
102139,2025-11-11 00:00:00
102199,2025-10-03 00:00:00
102213,2025-11-11 00:00:00
102215,2025-08-25 00:00:00
102225,2025-09-25 00:00:00
102238,2025-10-15 00:00:00
102255,2025-10-15 00:00:00
102259,2025-09-26 00:00:00
102283,2025-10-21 00:00:00
102295,2025-10-15 00:00:00
102475,2025-11-11 00:00:00
102507,2025-07-01 00:00:00
102508,2025-07-01 00:00:00
102509,2025-08-28 00:00:00
102509,2025-12-09 00:00:00
102528,2025-08-28 00:00:00
102529,2025-12-09 00:00:00
102541,2025-08-28 00:00:00
102544,2025-08-28 00:00:00
102544,2026-02-17 00:00:00
102568,2025-06-10 00:00:00
102581,2025-08-28 00:00:00
102582,2025-08-28 00:00:00
102594,2026-02-17 00:00:00
102599,2025-08-28 00:00:00
102602,2025-08-28 00:00:00
102604,2025-08-28 00:00:00
103167,2026-02-04 00:00:00
103198,2025-07-14 00:00:00
103203,2025-08-25 00:00:00
103323,2025-06-10 00:00:00
103328,2025-04-02 00:00:00
103371,2025-06-10 00:00:00
103384,2025-08-29 00:00:00
104084,2025-04-02 00:00:00
104087,2025-10-01 00:00:00
104118,2025-04-23 00:00:00
104118,2025-08-12 00:00:00
104126,2025-04-23 00:00:00
104429,2025-07-16 00:00:00
104429,2025-11-18 00:00:00
104443,2025-08-29 00:00:00
104482,2025-12-25 00:00:00
104541,2025-10-21 00:00:00
104546,2025-07-14 00:00:00
104558,2025-09-18 00:00:00
104630,2025-08-29 00:00:00
104653,2025-06-10 00:00:00
104656,2025-04-23 00:00:00
104658,2025-04-02 00:00:00
104700,2025-12-25 00:00:00
104725,2025-04-02 00:00:00
104725,2025-09-18 00:00:00
104757,2025-11-19 00:00:00
104766,2025-10-21 00:00:00
104772,2025-11-12 00:00:00
104803,2025-10-15 00:00:00
104852,2025-10-15 00:00:00
104858,2025-10-15 00:00:00
104864,2025-11-19 00:00:00
104870,2026-02-17 00:00:00
104905,2025-09-18 00:00:00
104946,2025-12-25 00:00:00
105035,2025-11-19 00:00:00
105045,2025-11-19 00:00:00
105061,2025-10-21 00:00:00
105112,2025-10-21 00:00:00
105125,2025-10-21 00:00:00
105215,2025-04-02 00:00:00
105261,2025-11-12 00:00:00
105299,2025-04-24 00:00:00
105313,2025-04-02 00:00:00
105313,2026-02-04 00:00:00
105340,2025-07-03 00:00:00
105355,2025-04-01 00:00:00
105358,2025-12-25 00:00:00
105378,2025-08-29 00:00:00
105382,2025-08-29 00:00:00
105387,2025-08-29 00:00:00
105426,2025-08-29 00:00:00
105426,2025-11-24 00:00:00
105438,2025-04-24 00:00:00
105531,2025-06-09 00:00:00
105581,2025-11-24 00:00:00
105588,2025-09-22 00:00:00
105678,2025-11-25 00:00:00
105701,2025-09-16 00:00:00
105742,2025-12-25 00:00:00
105752,2025-07-01 00:00:00
105754,2025-04-24 00:00:00
105867,2025-11-11 00:00:00
105868,2025-11-11 00:00:00
105882,2025-11-11 00:00:00
105913,2025-07-14 00:00:00
105914,2025-09-23 00:00:00
105925,2025-08-28 00:00:00
105938,2025-07-14 00:00:00
105961,2025-08-14 00:00:00
105980,2025-09-25 00:00:00
105987,2025-07-14 00:00:00
105988,2025-12-09 00:00:00
106002,2025-04-28 00:00:00
106008,2025-08-25 00:00:00
106019,2025-08-14 00:00:00
106021,2025-09-25 00:00:00
106025,2025-06-16 00:00:00
106045,2025-09-25 00:00:00
106051,2025-08-28 00:00:00
106052,2025-07-14 00:00:00
106054,2025-12-09 00:00:00
106062,2025-06-30 00:00:00
106238,2025-06-30 00:00:00
106263,2025-11-11 00:00:00
106377,2026-02-04 00:00:00
106489,2026-02-25 00:00:00
106729,2025-10-14 00:00:00
106859,2025-10-09 00:00:00
106868,2025-10-09 00:00:00
106878,2025-10-17 00:00:00
107324,2025-08-30 00:00:00
107340,2025-06-10 00:00:00
107341,2026-01-22 00:00:00
107435,2025-04-28 00:00:00
107779,2026-02-26 00:00:00
107847,2025-09-24 00:00:00
107875,2025-09-24 00:00:00
108015,2025-04-01 00:00:00
108085,2025-10-14 00:00:00
108119,2025-11-11 00:00:00
108422,2025-01-14 00:00:00
108589,2025-06-26 00:00:00
108763,2025-11-10 00:00:00
108853,2025-02-25 00:00:00
108956,2025-09-16 00:00:00
109147,2025-11-22 00:00:00
109160,2025-08-26 00:00:00
109375,2026-01-26 00:00:00
109566,2025-02-09 00:00:00
109601,2025-11-13 00:00:00
109675,2025-12-11 00:00:00
109709,2025-08-14 00:00:00
109800,2025-10-15 00:00:00
110073,2025-10-13 00:00:00
110158,2025-11-17 00:00:00
110474,2025-02-20 00:00:00
110573,2025-11-21 00:00:00
110618,2026-01-15 00:00:00
110639,2025-03-27 00:00:00
110769,2025-08-11 00:00:00
110853,2025-01-20 00:00:00
111005,2025-12-03 00:00:00
111059,2025-02-21 00:00:00
111201,2025-09-25 00:00:00
111257,2025-01-23 00:00:00
111333,2025-08-21 00:00:00
111420,2025-01-21 00:00:00
111420,2025-08-21 00:00:00
111448,2025-01-21 00:00:00
111572,2025-04-17 00:00:00
111828,2025-06-30 00:00:00
112196,2025-04-22 00:00:00
112281,2025-08-14 00:00:00
112367,2025-10-02 00:00:00
112449,2025-09-18 00:00:00
112522,2025-06-26 00:00:00
112556,2025-06-26 00:00:00
112674,2025-07-01 00:00:00
112747,2025-11-18 00:00:00
112872,2025-04-15 00:00:00
112928,2025-09-15 00:00:00
113012,2025-08-21 00:00:00
113054,2025-08-20 00:00:00
113090,2025-08-20 00:00:00
113109,2025-01-13 00:00:00
113154,2025-08-21 00:00:00
113283,2025-05-21 00:00:00
113290,2025-03-27 00:00:00
113347,2025-02-22 00:00:00
113366,2025-12-24 00:00:00
113547,2026-02-02 00:00:00
113565,2025-03-17 00:00:00
113811,2025-03-18 00:00:00
113911,2025-09-23 00:00:00
113912,2025-02-25 00:00:00
113927,2025-08-14 00:00:00
113956,2025-12-16 00:00:00
114014,2025-09-03 00:00:00
114340,2025-12-16 00:00:00
114369,2025-12-16 00:00:00
114387,2025-08-18 00:00:00
114393,2025-08-18 00:00:00
114404,2025-12-16 00:00:00
114597,2025-02-22 00:00:00
115553,2025-04-16 00:00:00
115564,2025-11-20 00:00:00
115598,2025-08-14 00:00:00
115603,2025-11-20 00:00:00
115620,2025-07-23 00:00:00
115621,2025-08-14 00:00:00
115634,2025-08-14 00:00:00
115634,2026-01-27 00:00:00
115704,2026-01-27 00:00:00
115727,2026-02-25 00:00:00
115728,2025-08-30 00:00:00
115734,2025-07-22 00:00:00
115736,2025-08-30 00:00:00
115776,2025-11-19 00:00:00
115781,2025-08-30 00:00:00
115792,2025-07-03 00:00:00
115797,2025-08-30 00:00:00
115803,2025-08-25 00:00:00
115811,2025-08-30 00:00:00
115838,2026-02-25 00:00:00
115876,2025-08-30 00:00:00
115947,2025-05-22 00:00:00
115952,2025-08-30 00:00:00
116071,2025-02-24 00:00:00
116156,2026-01-26 00:00:00
116399,2025-05-06 00:00:00
116439,2025-04-21 00:00:00
116464,2025-02-23 00:00:00
116616,2026-02-16 00:00:00
116665,2025-04-22 00:00:00
117167,2025-08-14 00:00:00
117175,2025-04-22 00:00:00
117210,2025-05-05 00:00:00
117274,2025-11-22 00:00:00
117373,2025-04-21 00:00:00
117373,2026-02-05 00:00:00
117457,2025-08-26 00:00:00
117478,2025-02-13 00:00:00
117478,2025-11-27 00:00:00
117531,2025-07-16 00:00:00
117533,2025-07-04 00:00:00
117623,2026-02-19 00:00:00
117727,2025-02-25 00:00:00
117823,2025-11-27 00:00:00
117873,2025-02-21 00:00:00
117949,2026-02-26 00:00:00
118175,2025-11-29 00:00:00
118227,2025-07-21 00:00:00
118238,2025-08-14 00:00:00
118271,2025-06-16 00:00:00
118293,2025-01-20 00:00:00
118332,2025-12-03 00:00:00
118403,2025-03-06 00:00:00
118551,2025-07-04 00:00:00
118642,2025-08-08 00:00:00
118666,2025-04-17 00:00:00
118676,2025-08-08 00:00:00
118710,2025-04-21 00:00:00
118851,2025-08-26 00:00:00
118870,2026-01-26 00:00:00
119043,2025-08-14 00:00:00
119256,2025-11-11 00:00:00
119277,2026-02-19 00:00:00
119286,2025-08-14 00:00:00
119309,2025-08-11 00:00:00
119314,2026-02-16 00:00:00
119363,2025-05-05 00:00:00
119364,2025-01-23 00:00:00
119403,2025-12-17 00:00:00
119405,2026-02-17 00:00:00
119592,2025-01-15 00:00:00
119772,2025-10-13 00:00:00
119825,2025-07-14 00:00:00
119845,2025-11-29 00:00:00
119922,2025-09-17 00:00:00
120006,2026-02-19 00:00:00
120076,2025-06-16 00:00:00
120077,2025-02-25 00:00:00
120152,2026-02-19 00:00:00
120180,2026-02-16 00:00:00
120395,2025-07-21 00:00:00
120424,2025-11-12 00:00:00
120552,2025-03-04 00:00:00
120809,2025-11-13 00:00:00
120927,2025-07-01 00:00:00
120930,2025-11-21 00:00:00
120993,2025-11-06 00:00:00
121003,2025-08-25 00:00:00
121003,2025-11-10 00:00:00
121003,2026-02-16 00:00:00
121051,2025-03-21 00:00:00
121246,2025-09-05 00:00:00
121266,2025-12-03 00:00:00
121282,2026-02-16 00:00:00
121285,2025-05-22 00:00:00
121310,2026-01-13 00:00:00
121314,2025-08-14 00:00:00
121408,2025-06-16 00:00:00
121436,2025-11-12 00:00:00
121471,2025-08-21 00:00:00
121526,2025-02-21 00:00:00
121632,2025-11-21 00:00:00
121640,2025-08-14 00:00:00
121649,2025-04-21 00:00:00
121649,2025-12-17 00:00:00
121678,2025-08-21 00:00:00
121681,2025-08-21 00:00:00
121733,2025-12-08 00:00:00
121742,2025-12-17 00:00:00
121768,2026-01-26 00:00:00
121874,2026-02-16 00:00:00
122069,2025-12-25 00:00:00
122085,2025-04-15 00:00:00
122100,2025-11-11 00:00:00
122103,2025-07-21 00:00:00
122227,2025-07-04 00:00:00
122477,2025-06-04 00:00:00
122484,2025-02-21 00:00:00
122556,2025-03-03 00:00:00
122563,2025-02-20 00:00:00
122595,2025-02-20 00:00:00
122599,2025-02-20 00:00:00
122606,2025-12-25 00:00:00
122643,2025-07-28 00:00:00
122969,2025-05-12 00:00:00
123055,2025-03-25 00:00:00
123098,2025-05-07 00:00:00
123143,2025-09-10 00:00:00
123188,2025-06-16 00:00:00
123376,2025-08-08 00:00:00
123387,2025-12-21 00:00:00
123394,2025-08-25 00:00:00
123760,2025-01-20 00:00:00
123760,2025-08-14 00:00:00
123802,2026-02-11 00:00:00
123816,2025-11-12 00:00:00
123821,2026-02-16 00:00:00
123830,2025-02-13 00:00:00
123833,2025-08-14 00:00:00
123993,2025-01-15 00:00:00
124040,2025-07-22 00:00:00
124132,2025-07-21 00:00:00
124164,2025-05-05 00:00:00
124164,2026-02-19 00:00:00
124178,2025-05-22 00:00:00
124187,2025-09-15 00:00:00
124247,2025-01-23 00:00:00
124287,2025-06-04 00:00:00
124352,2025-01-20 00:00:00
124378,2025-06-16 00:00:00
124543,2025-03-21 00:00:00
124543,2025-11-13 00:00:00
124552,2025-11-21 00:00:00
124638,2025-12-18 00:00:00
124701,2025-11-13 00:00:00
124870,2025-08-27 00:00:00
125233,2025-04-25 00:00:00
125420,2026-01-12 00:00:00
125667,2025-02-23 00:00:00
125679,2025-11-10 00:00:00
126416,2025-02-09 00:00:00
126435,2025-12-16 00:00:00
126451,2025-08-08 00:00:00
126559,2025-11-21 00:00:00
126569,2025-11-21 00:00:00
126736,2025-08-26 00:00:00
126755,2025-08-14 00:00:00
126795,2025-07-16 00:00:00
126828,2025-08-14 00:00:00
126845,2025-05-22 00:00:00
126919,2025-08-14 00:00:00
126971,2026-01-12 00:00:00
127018,2025-08-14 00:00:00
127054,2025-08-26 00:00:00
127073,2025-08-26 00:00:00
127184,2025-06-16 00:00:00
127241,2025-10-15 00:00:00
127257,2025-07-04 00:00:00
127409,2025-11-22 00:00:00
127419,2025-04-02 00:00:00
127470,2026-02-17 00:00:00
127475,2025-04-22 00:00:00
127510,2025-02-25 00:00:00
127510,2025-11-22 00:00:00
127550,2025-02-09 00:00:00
127727,2025-02-23 00:00:00
127823,2025-12-02 00:00:00
127945,2025-04-02 00:00:00
127976,2025-12-03 00:00:00
128147,2025-04-02 00:00:00
128156,2025-12-24 00:00:00
128259,2025-09-10 00:00:00
128461,2025-03-25 00:00:00
128461,2025-11-12 00:00:00
128461,2026-02-16 00:00:00
128486,2025-08-25 00:00:00
128488,2025-12-21 00:00:00
128507,2025-07-23 00:00:00
128556,2025-08-25 00:00:00
128752,2025-04-22 00:00:00
128912,2025-02-26 00:00:00
128912,2025-08-08 00:00:00
128932,2025-08-08 00:00:00
128980,2025-05-07 00:00:00
129074,2025-09-17 00:00:00
129157,2025-08-14 00:00:00
129160,2025-03-25 00:00:00
129253,2025-04-22 00:00:00
129264,2026-01-26 00:00:00
129901,2025-08-11 00:00:00
130048,2025-02-24 00:00:00
130109,2025-07-01 00:00:00
130147,2025-08-08 00:00:00
131280,2025-09-10 00:00:00
131295,2025-12-01 00:00:00
131299,2025-03-24 00:00:00
131299,2025-11-24 00:00:00
131313,2025-07-16 00:00:00
131324,2025-03-24 00:00:00
131327,2025-04-24 00:00:00
131346,2025-07-02 00:00:00
131382,2025-07-22 00:00:00
131449,2025-07-16 00:00:00
131465,2025-10-07 00:00:00
131474,2025-02-14 00:00:00
131475,2025-03-24 00:00:00
131475,2025-11-17 00:00:00
131529,2025-11-12 00:00:00
131533,2025-09-16 00:00:00
131585,2025-11-17 00:00:00
131667,2025-03-05 00:00:00
131675,2025-11-17 00:00:00
131701,2025-11-19 00:00:00
131822,2025-02-14 00:00:00
131858,2025-06-03 00:00:00
131887,2025-08-27 00:00:00
131924,2025-11-06 00:00:00
131931,2025-04-24 00:00:00
132219,2025-03-05 00:00:00
132253,2025-11-27 00:00:00
132264,2025-06-06 00:00:00
132290,2025-04-15 00:00:00
132291,2025-08-20 00:00:00
132293,2025-11-18 00:00:00
132303,2025-06-26 00:00:00
132312,2025-06-26 00:00:00
132318,2025-02-22 00:00:00
132362,2025-06-26 00:00:00
132365,2025-01-14 00:00:00
132365,2025-08-18 00:00:00
132368,2025-08-20 00:00:00
132374,2026-01-29 00:00:00
132420,2025-08-14 00:00:00
132437,2025-05-22 00:00:00
132635,2026-02-02 00:00:00
132663,2025-12-18 00:00:00
132756,2025-10-20 00:00:00
132759,2025-06-26 00:00:00
132793,2025-08-06 00:00:00
132825,2025-08-15 00:00:00
132828,2025-08-15 00:00:00
132890,2025-06-16 00:00:00
132908,2025-05-21 00:00:00
132999,2025-08-14 00:00:00
133045,2025-08-14 00:00:00
133075,2025-05-22 00:00:00
133114,2026-01-12 00:00:00
133167,2025-06-26 00:00:00
133193,2025-07-21 00:00:00
133292,2025-02-13 00:00:00
133565,2025-11-11 00:00:00
133581,2025-05-12 00:00:00
133584,2025-10-08 00:00:00
133910,2025-02-27 00:00:00
133940,2025-08-20 00:00:00
133954,2025-05-12 00:00:00
133956,2025-08-07 00:00:00
134013,2025-04-15 00:00:00
134210,2026-01-12 00:00:00
134355,2025-12-22 00:00:00
134551,2026-01-15 00:00:00
134565,2026-01-15 00:00:00
134648,2025-02-09 00:00:00
134776,2025-08-25 00:00:00
134783,2025-03-25 00:00:00
135080,2025-02-09 00:00:00
135088,2025-01-28 00:00:00
135091,2025-02-10 00:00:00
135093,2025-02-10 00:00:00
135105,2025-01-28 00:00:00
135111,2025-02-09 00:00:00
135114,2025-02-09 00:00:00
135117,2025-02-10 00:00:00
135126,2025-01-24 00:00:00
135142,2025-02-09 00:00:00
135143,2025-02-09 00:00:00
135145,2026-01-26 00:00:00
135147,2025-12-22 00:00:00
135200,2025-01-24 00:00:00
135538,2025-02-09 00:00:00
135596,2025-01-23 00:00:00
135646,2025-01-23 00:00:00
135684,2025-02-09 00:00:00
135743,2025-12-03 00:00:00
135792,2025-01-24 00:00:00
135895,2026-02-18 00:00:00
136048,2026-02-18 00:00:00
136057,2025-10-28 00:00:00
136253,2025-10-28 00:00:00
136270,2025-08-13 00:00:00
136353,2025-02-05 00:00:00
136354,2025-06-24 00:00:00
136354,2025-12-23 00:00:00
136407,2025-06-11 00:00:00
136407,2025-09-22 00:00:00
136441,2026-02-26 00:00:00
136459,2025-09-23 00:00:00
136478,2025-02-05 00:00:00
136584,2025-02-21 00:00:00
136584,2025-09-23 00:00:00
136584,2025-11-19 00:00:00
136646,2025-08-18 00:00:00
136689,2026-02-26 00:00:00
136751,2025-06-23 00:00:00
136779,2025-03-19 00:00:00
136910,2026-01-19 00:00:00
136942,2025-07-16 00:00:00
136945,2025-08-19 00:00:00
137027,2025-07-16 00:00:00
137027,2026-02-16 00:00:00
137184,2025-02-05 00:00:00
137195,2025-04-22 00:00:00
137216,2025-08-18 00:00:00
137378,2025-08-26 00:00:00
137488,2025-08-11 00:00:00
137490,2025-09-09 00:00:00
137491,2025-03-25 00:00:00
137493,2025-09-03 00:00:00
137722,2025-05-22 00:00:00
137907,2025-04-07 00:00:00
137917,2025-02-25 00:00:00
138087,2025-10-20 00:00:00
138141,2025-08-22 00:00:00
138656,2025-07-24 00:00:00
138656,2025-11-22 00:00:00
138823,2025-09-16 00:00:00
138837,2026-01-16 00:00:00
138859,2025-08-22 00:00:00
138901,2025-02-10 00:00:00
138984,2025-02-08 00:00:00
139300,2025-02-08 00:00:00
139526,2026-01-26 00:00:00
140320,2025-09-17 00:00:00
140328,2025-06-30 00:00:00
140519,2026-01-20 00:00:00
141178,2025-02-08 00:00:00
141208,2026-02-19 00:00:00
141454,2026-01-26 00:00:00
141612,2025-02-25 00:00:00
141659,2025-01-20 00:00:00
141701,2025-02-08 00:00:00
141800,2025-02-08 00:00:00
141801,2025-02-08 00:00:00
141912,2026-02-17 00:00:00
142099,2025-07-24 00:00:00
142174,2025-05-15 00:00:00
142195,2025-11-22 00:00:00
142207,2025-09-16 00:00:00
142441,2025-12-22 00:00:00
142731,2025-02-08 00:00:00
142754,2025-02-07 00:00:00
142987,2025-07-03 00:00:00
142995,2025-04-03 00:00:00
142995,2025-11-22 00:00:00
143044,2026-01-16 00:00:00
143091,2026-01-16 00:00:00
143210,2025-11-12 00:00:00
143269,2025-02-08 00:00:00
143307,2026-02-19 00:00:00
143330,2025-02-08 00:00:00
143491,2025-06-06 00:00:00
143514,2025-09-11 00:00:00
143632,2025-05-22 00:00:00
143764,2025-11-11 00:00:00
143830,2025-03-19 00:00:00
143954,2025-05-15 00:00:00
144016,2025-02-10 00:00:00
144138,2025-04-15 00:00:00
144138,2026-01-26 00:00:00
144246,2025-04-17 00:00:00
144253,2025-11-11 00:00:00
144535,2026-02-26 00:00:00
144804,2025-08-22 00:00:00
144861,2025-02-07 00:00:00
144903,2025-12-22 00:00:00
144948,2025-07-03 00:00:00
144948,2025-11-20 00:00:00
144954,2025-09-17 00:00:00
144967,2025-03-05 00:00:00
144996,2025-08-07 00:00:00
145002,2025-01-13 00:00:00
145002,2025-08-25 00:00:00
145092,2025-10-02 00:00:00
145098,2025-08-25 00:00:00
145383,2026-02-16 00:00:00
145552,2025-02-13 00:00:00
145641,2025-08-22 00:00:00
145657,2025-05-22 00:00:00
145669,2025-11-22 00:00:00
145914,2025-08-25 00:00:00
145925,2025-04-21 00:00:00
145934,2025-07-24 00:00:00
145971,2025-11-11 00:00:00
146148,2025-11-20 00:00:00
146211,2026-01-14 00:00:00
146346,2025-12-03 00:00:00
146517,2025-09-09 00:00:00
146522,2025-02-24 00:00:00
146729,2025-11-05 00:00:00
146743,2025-07-10 00:00:00
146772,2025-07-01 00:00:00
146781,2025-08-21 00:00:00
146802,2025-11-13 00:00:00
146808,2025-11-20 00:00:00
146845,2025-11-25 00:00:00
146878,2025-04-17 00:00:00
146930,2025-09-10 00:00:00
147084,2025-05-01 00:00:00
