Получение судебного приказа или ИЛ,
ЛС,Дата
24,2025-02-13 00:00:00
66,2025-10-22 00:00:00
66,2025-10-22 00:00:00
92,2026-02-24 00:00:00
280,2025-03-04 00:00:00
306,2026-02-18 00:00:00
335,2025-12-18 00:00:00
397,2025-07-14 00:00:00
439,2026-02-05 00:00:00
459,2025-07-10 00:00:00
493,2025-02-10 00:00:00
912,2025-02-13 00:00:00
912,2025-08-13 00:00:00
1436,2025-11-26 00:00:00
1676,2025-11-11 00:00:00
2653,2025-11-26 00:00:00
4226,2025-06-05 00:00:00
4696,2025-09-23 00:00:00
4984,2025-06-24 00:00:00
5160,2025-06-24 00:00:00
5169,2025-06-03 00:00:00
5444,2025-06-03 00:00:00
5523,2025-06-03 00:00:00
5526,2025-06-03 00:00:00
5526,2025-12-19 00:00:00
5528,2025-10-27 00:00:00
5533,2025-06-19 00:00:00
5534,2025-12-19 00:00:00
5537,2025-06-04 00:00:00
5540,2025-06-05 00:00:00
5565,2025-06-03 00:00:00
5711,2025-06-03 00:00:00
5762,2025-10-24 00:00:00
6136,2025-06-03 00:00:00
6153,2026-01-21 00:00:00
6262,2026-01-21 00:00:00
6621,2025-12-17 00:00:00
7553,2025-07-10 00:00:00
8036,2025-12-22 00:00:00
8338,2025-06-02 00:00:00
8534,2025-06-04 00:00:00
9349,2025-03-27 00:00:00
9397,2025-06-24 00:00:00
9599,2025-01-16 00:00:00
9687,2025-05-28 00:00:00
9861,2025-11-10 00:00:00
10053,2025-05-05 00:00:00
10062,2025-03-04 00:00:00
10125,2025-01-21 00:00:00
10200,2025-01-21 00:00:00
10207,2025-11-26 00:00:00
10233,2025-02-18 00:00:00
10242,2025-05-05 00:00:00
10260,2025-01-16 00:00:00
10260,2026-02-18 00:00:00
10278,2025-03-12 00:00:00
10773,2025-03-12 00:00:00
10773,2025-10-23 00:00:00
10850,2025-04-08 00:00:00
10874,2025-06-23 00:00:00
10874,2026-01-19 00:00:00
10981,2025-07-10 00:00:00
11004,2026-01-19 00:00:00
11087,2025-07-10 00:00:00
11201,2026-02-24 00:00:00
11255,2025-03-12 00:00:00
11354,2026-01-19 00:00:00
11555,2025-05-05 00:00:00
11609,2025-01-15 00:00:00
12005,2025-10-23 00:00:00
12013,2025-06-23 00:00:00
12013,2025-07-14 00:00:00
12021,2025-02-12 00:00:00
12026,2025-06-23 00:00:00
12296,2025-06-23 00:00:00
12437,2025-03-13 00:00:00
12449,2025-03-25 00:00:00
12932,2025-06-25 00:00:00
13128,2026-01-19 00:00:00
13202,2025-07-15 00:00:00
13232,2025-11-10 00:00:00
13280,2025-03-12 00:00:00
13318,2025-11-14 00:00:00
13343,2025-03-12 00:00:00
13344,2025-10-22 00:00:00
13372,2025-07-09 00:00:00
13387,2025-07-10 00:00:00
13428,2026-02-19 00:00:00
13462,2025-12-22 00:00:00
13489,2025-10-23 00:00:00
13681,2026-02-18 00:00:00
14061,2025-06-03 00:00:00
14184,2025-06-25 00:00:00
14620,2025-06-19 00:00:00
15025,2025-12-22 00:00:00
15163,2025-09-19 00:00:00
15735,2025-03-04 00:00:00
15982,2026-01-15 00:00:00
16032,2026-01-19 00:00:00
16065,2025-01-14 00:00:00
16134,2025-08-12 00:00:00
16309,2025-07-09 00:00:00
16404,2025-02-10 00:00:00
16405,2025-01-22 00:00:00
16405,2025-12-19 00:00:00
16667,2025-06-04 00:00:00
16808,2025-06-04 00:00:00
16808,2025-06-03 00:00:00
17301,2025-04-02 00:00:00
17552,2025-07-16 00:00:00
17563,2025-07-16 00:00:00
17696,2025-05-28 00:00:00
17870,2025-04-02 00:00:00
18019,2025-02-12 00:00:00
18201,2025-12-17 00:00:00
18479,2025-06-04 00:00:00
18525,2025-07-09 00:00:00
18530,2025-06-24 00:00:00
18686,2026-01-23 00:00:00
18847,2025-04-02 00:00:00
18880,2025-02-12 00:00:00
18895,2026-02-16 00:00:00
18951,2025-09-22 00:00:00
18957,2025-09-22 00:00:00
19085,2025-09-22 00:00:00
19089,2025-06-03 00:00:00
19090,2025-06-03 00:00:00
19090,2026-01-19 00:00:00
19593,2025-12-18 00:00:00
20194,2025-01-15 00:00:00
20500,2025-05-26 00:00:00
20678,2025-12-23 00:00:00
20704,2026-02-16 00:00:00
21003,2025-01-22 00:00:00
21065,2025-09-22 00:00:00
21101,2025-10-23 00:00:00
21121,2025-06-24 00:00:00
21497,2025-03-25 00:00:00
21497,2026-01-19 00:00:00
21506,2025-06-23 00:00:00
21506,2026-01-19 00:00:00
21675,2025-04-02 00:00:00
21683,2025-02-12 00:00:00
21994,2025-04-02 00:00:00
22565,2025-03-25 00:00:00
22750,2026-02-16 00:00:00
22761,2025-06-04 00:00:00
22761,2025-08-12 00:00:00
22872,2025-10-23 00:00:00
22936,2025-02-12 00:00:00
23199,2025-01-15 00:00:00
23199,2025-12-17 00:00:00
23232,2025-06-03 00:00:00
23353,2025-12-23 00:00:00
23399,2025-02-18 00:00:00
23399,2025-04-16 00:00:00
23404,2025-06-03 00:00:00
23473,2025-01-16 00:00:00
23481,2025-08-25 00:00:00
23489,2025-01-21 00:00:00
23489,2025-09-23 00:00:00
23491,2025-03-27 00:00:00
23492,2025-02-18 00:00:00
23495,2025-02-18 00:00:00
23546,2025-05-28 00:00:00
23546,2025-06-05 00:00:00
23560,2025-05-05 00:00:00
23596,2025-03-20 00:00:00
23614,2025-08-13 00:00:00
23765,2025-02-12 00:00:00
23770,2025-01-20 00:00:00
23778,2025-04-02 00:00:00
23791,2026-02-19 00:00:00
23796,2025-01-20 00:00:00
23845,2025-10-24 00:00:00
23856,2025-09-22 00:00:00
23907,2025-02-12 00:00:00
23907,2026-02-18 00:00:00
24191,2025-01-21 00:00:00
24194,2025-02-18 00:00:00
24243,2025-01-16 00:00:00
24243,2025-10-09 00:00:00
24309,2025-09-22 00:00:00
24349,2025-03-20 00:00:00
24364,2025-03-20 00:00:00
24392,2025-01-16 00:00:00
25192,2025-04-02 00:00:00
25196,2026-02-17 00:00:00
25276,2025-09-23 00:00:00
25475,2025-11-17 00:00:00
25508,2025-12-19 00:00:00
25686,2026-02-16 00:00:00
25781,2025-01-15 00:00:00
26106,2026-02-18 00:00:00
26115,2025-03-03 00:00:00
26115,2025-09-19 00:00:00
26188,2025-02-12 00:00:00
26207,2025-09-22 00:00:00
26209,2025-03-03 00:00:00
26215,2026-02-16 00:00:00
26229,2025-04-02 00:00:00
26233,2025-03-13 00:00:00
26233,2025-09-23 00:00:00
26235,2025-02-18 00:00:00
26236,2025-02-13 00:00:00
26241,2025-03-25 00:00:00
26241,2026-01-19 00:00:00
26244,2025-01-14 00:00:00
26245,2025-05-28 00:00:00
26245,2026-01-19 00:00:00
26248,2026-01-19 00:00:00
26267,2025-07-09 00:00:00
26376,2025-01-14 00:00:00
26483,2025-07-09 00:00:00
26562,2025-06-23 00:00:00
26833,2025-01-14 00:00:00
26838,2025-02-13 00:00:00
26838,2025-09-23 00:00:00
26894,2025-01-14 00:00:00
26896,2025-02-10 00:00:00
26921,2025-01-15 00:00:00
26941,2025-01-14 00:00:00
27121,2025-04-09 00:00:00
27166,2025-06-23 00:00:00
27179,2025-03-13 00:00:00
27302,2025-03-19 00:00:00
27303,2025-02-10 00:00:00
27358,2025-03-13 00:00:00
27358,2025-10-24 00:00:00
27361,2025-01-14 00:00:00
27368,2025-02-13 00:00:00
27368,2025-09-23 00:00:00
27384,2025-12-17 00:00:00
27385,2025-07-10 00:00:00
27387,2025-03-13 00:00:00
27387,2025-06-25 00:00:00
27390,2025-07-10 00:00:00
27395,2025-12-17 00:00:00
27409,2025-02-18 00:00:00
27418,2025-07-10 00:00:00
27426,2026-02-16 00:00:00
27436,2025-07-14 00:00:00
27448,2025-12-17 00:00:00
27450,2025-02-18 00:00:00
27450,2025-12-22 00:00:00
27450,2026-02-16 00:00:00
27452,2025-12-18 00:00:00
27452,2026-02-16 00:00:00
27453,2025-12-18 00:00:00
27598,2025-03-25 00:00:00
27602,2025-06-03 00:00:00
27603,2025-07-16 00:00:00
27711,2026-01-19 00:00:00
27756,2025-02-13 00:00:00
27756,2026-01-19 00:00:00
27787,2025-03-25 00:00:00
27909,2025-02-12 00:00:00
27941,2026-02-16 00:00:00
27942,2025-12-17 00:00:00
27944,2026-01-19 00:00:00
27946,2025-06-24 00:00:00
27949,2025-07-16 00:00:00
28265,2025-06-18 00:00:00
28276,2025-08-13 00:00:00
28286,2025-08-13 00:00:00
28312,2025-07-14 00:00:00
28385,2025-02-12 00:00:00
28773,2025-03-12 00:00:00
28832,2025-08-13 00:00:00
29100,2025-03-12 00:00:00
29100,2025-12-22 00:00:00
29125,2026-01-15 00:00:00
29312,2025-02-12 00:00:00
29312,2026-01-19 00:00:00
29572,2025-02-12 00:00:00
30101,2025-02-12 00:00:00
30191,2025-10-22 00:00:00
30215,2025-03-12 00:00:00
30215,2025-10-22 00:00:00
30375,2025-03-25 00:00:00
30375,2025-12-17 00:00:00
30671,2025-03-25 00:00:00
30756,2025-02-12 00:00:00
30832,2025-03-25 00:00:00
30856,2025-03-25 00:00:00
30866,2026-01-19 00:00:00
30934,2025-07-16 00:00:00
30934,2025-07-16 00:00:00
30934,2025-07-16 00:00:00
30934,2025-07-16 00:00:00
30935,2025-01-15 00:00:00
30944,2025-03-25 00:00:00
31150,2025-06-23 00:00:00
31162,2025-09-22 00:00:00
31182,2025-10-24 00:00:00
31228,2025-01-20 00:00:00
31228,2025-02-13 00:00:00
31273,2025-02-13 00:00:00
31274,2025-01-20 00:00:00
31279,2025-03-25 00:00:00
31279,2025-04-02 00:00:00
31279,2026-01-19 00:00:00
31285,2026-02-16 00:00:00
31298,2025-12-17 00:00:00
31303,2025-02-12 00:00:00
31342,2025-03-25 00:00:00
31355,2025-04-02 00:00:00
31362,2025-09-23 00:00:00
32033,2025-02-12 00:00:00
32098,2025-03-25 00:00:00
32103,2025-08-13 00:00:00
32103,2025-12-17 00:00:00
32131,2025-01-15 00:00:00
32131,2025-10-08 00:00:00
32132,2026-01-19 00:00:00
32133,2026-01-15 00:00:00
32135,2025-06-23 00:00:00
32141,2025-03-13 00:00:00
32143,2025-01-14 00:00:00
32143,2025-09-23 00:00:00
32144,2025-06-23 00:00:00
32146,2025-12-18 00:00:00
32147,2025-01-14 00:00:00
32148,2025-06-03 00:00:00
32149,2025-09-23 00:00:00
32149,2026-01-19 00:00:00
32150,2025-09-22 00:00:00
32151,2025-12-17 00:00:00
32153,2025-01-14 00:00:00
32154,2025-04-09 00:00:00
32155,2025-04-09 00:00:00
32155,2025-06-23 00:00:00
32158,2025-08-25 00:00:00
32159,2025-03-13 00:00:00
32160,2025-06-03 00:00:00
32161,2025-07-09 00:00:00
32162,2025-02-10 00:00:00
32246,2025-04-02 00:00:00
32747,2025-06-03 00:00:00
33633,2025-09-22 00:00:00
33705,2025-12-22 00:00:00
33709,2025-06-23 00:00:00
33711,2025-06-23 00:00:00
33741,2025-10-23 00:00:00
33747,2025-06-23 00:00:00
33754,2025-06-04 00:00:00
33769,2025-12-22 00:00:00
33822,2025-03-10 00:00:00
33825,2025-03-10 00:00:00
33882,2025-03-10 00:00:00
33883,2025-07-11 00:00:00
33936,2025-04-02 00:00:00
33943,2025-11-14 00:00:00
34124,2025-12-19 00:00:00
34136,2025-01-21 00:00:00
34136,2025-10-08 00:00:00
34155,2025-09-23 00:00:00
34160,2025-03-20 00:00:00
34193,2025-07-14 00:00:00
34213,2025-03-03 00:00:00
34228,2025-03-10 00:00:00
34232,2025-08-28 00:00:00
34265,2025-08-28 00:00:00
34265,2025-11-10 00:00:00
34275,2025-06-05 00:00:00
34277,2025-12-19 00:00:00
34441,2025-07-16 00:00:00
34445,2025-08-12 00:00:00
34464,2025-10-27 00:00:00
34520,2025-05-28 00:00:00
34531,2025-03-13 00:00:00
34575,2025-12-18 00:00:00
34610,2025-01-13 00:00:00
34614,2025-03-11 00:00:00
34622,2025-10-28 00:00:00
34661,2025-10-24 00:00:00
34742,2025-10-27 00:00:00
34743,2025-06-19 00:00:00
34744,2025-05-28 00:00:00
34825,2025-02-13 00:00:00
34825,2026-02-18 00:00:00
34982,2025-12-17 00:00:00
34992,2025-03-11 00:00:00
34992,2025-11-14 00:00:00
34994,2025-08-28 00:00:00
35010,2025-08-12 00:00:00
35021,2025-11-14 00:00:00
35045,2026-01-15 00:00:00
35089,2026-01-21 00:00:00
35097,2025-01-22 00:00:00
35165,2025-07-16 00:00:00
35363,2025-04-14 00:00:00
35442,2025-10-22 00:00:00
35448,2025-03-27 00:00:00
35448,2025-12-23 00:00:00
35450,2026-01-19 00:00:00
35451,2025-02-13 00:00:00
35574,2025-11-14 00:00:00
35599,2025-10-22 00:00:00
35605,2025-09-22 00:00:00
35667,2025-03-04 00:00:00
35683,2026-01-15 00:00:00
35693,2025-08-13 00:00:00
35735,2025-12-17 00:00:00
35749,2025-02-10 00:00:00
35750,2025-04-03 00:00:00
35776,2025-11-10 00:00:00
35838,2025-12-22 00:00:00
35838,2025-12-22 00:00:00
35847,2025-03-20 00:00:00
35942,2025-02-18 00:00:00
35973,2025-01-21 00:00:00
35974,2025-12-23 00:00:00
35976,2025-08-25 00:00:00
35984,2025-11-10 00:00:00
35996,2025-06-05 00:00:00
35998,2025-01-21 00:00:00
35998,2025-10-27 00:00:00
36003,2025-04-14 00:00:00
36004,2025-10-08 00:00:00
36117,2025-03-10 00:00:00
36126,2025-10-22 00:00:00
36145,2025-07-18 00:00:00
36160,2025-10-23 00:00:00
36161,2025-02-14 00:00:00
36161,2025-12-22 00:00:00
36163,2025-12-22 00:00:00
36166,2025-10-22 00:00:00
36169,2025-06-23 00:00:00
36169,2026-02-19 00:00:00
36178,2025-03-10 00:00:00
36178,2026-02-19 00:00:00
36180,2025-10-09 00:00:00
36181,2025-07-10 00:00:00
36185,2025-06-23 00:00:00
36185,2026-02-19 00:00:00
36186,2025-03-10 00:00:00
36195,2025-10-23 00:00:00
36196,2026-02-19 00:00:00
36204,2026-01-19 00:00:00
36215,2025-03-10 00:00:00
36218,2025-12-19 00:00:00
36222,2025-10-28 00:00:00
36222,2025-12-19 00:00:00
36225,2025-10-23 00:00:00
36237,2025-06-23 00:00:00
36243,2025-06-23 00:00:00
36344,2026-01-21 00:00:00
36487,2025-07-10 00:00:00
36514,2026-01-19 00:00:00
36584,2025-06-03 00:00:00
36635,2025-03-04 00:00:00
36637,2025-06-05 00:00:00
36725,2025-09-19 00:00:00
36725,2026-01-19 00:00:00
36734,2025-01-21 00:00:00
36736,2025-03-04 00:00:00
36736,2026-02-18 00:00:00
36737,2025-04-29 00:00:00
36918,2025-03-10 00:00:00
37395,2025-07-14 00:00:00
37445,2025-09-23 00:00:00
37453,2026-01-21 00:00:00
37506,2025-03-11 00:00:00
37539,2025-06-24 00:00:00
37539,2025-12-17 00:00:00
37573,2026-01-19 00:00:00
37575,2026-02-18 00:00:00
37581,2025-05-26 00:00:00
37581,2025-12-19 00:00:00
37595,2025-03-04 00:00:00
37595,2025-11-10 00:00:00
37596,2025-07-16 00:00:00
37612,2025-03-25 00:00:00
37615,2025-04-02 00:00:00
37631,2025-08-13 00:00:00
37664,2025-09-19 00:00:00
37664,2026-01-21 00:00:00
37666,2025-09-23 00:00:00
37723,2025-09-22 00:00:00
37725,2025-06-03 00:00:00
37850,2025-11-14 00:00:00
37855,2025-06-23 00:00:00
37857,2025-01-14 00:00:00
37961,2025-01-14 00:00:00
37974,2025-07-10 00:00:00
38193,2025-02-13 00:00:00
38229,2025-08-12 00:00:00
38239,2025-12-22 00:00:00
38244,2026-02-16 00:00:00
38245,2025-08-13 00:00:00
38272,2025-03-25 00:00:00
38276,2025-12-17 00:00:00
38278,2025-04-03 00:00:00
38425,2025-11-10 00:00:00
38426,2026-02-18 00:00:00
38427,2025-11-14 00:00:00
38441,2025-04-28 00:00:00
38499,2025-10-24 00:00:00
38501,2025-08-13 00:00:00
38507,2026-02-18 00:00:00
38657,2025-09-08 00:00:00
38689,2025-01-21 00:00:00
38689,2026-02-19 00:00:00
38704,2025-01-14 00:00:00
38704,2025-06-03 00:00:00
38787,2025-03-12 00:00:00
38823,2025-05-26 00:00:00
38931,2025-03-03 00:00:00
38931,2025-11-14 00:00:00
38941,2025-01-14 00:00:00
38989,2025-12-22 00:00:00
39001,2025-12-22 00:00:00
39051,2025-12-19 00:00:00
39081,2025-07-16 00:00:00
39083,2025-03-10 00:00:00
39083,2025-12-22 00:00:00
39116,2025-01-13 00:00:00
39119,2025-10-24 00:00:00
39213,2025-11-10 00:00:00
39228,2025-04-14 00:00:00
39305,2025-12-19 00:00:00
39970,2025-04-02 00:00:00
39970,2025-06-03 00:00:00
40086,2025-03-10 00:00:00
40243,2026-02-18 00:00:00
40248,2025-02-13 00:00:00
40252,2025-10-22 00:00:00
40274,2025-04-29 00:00:00
40275,2025-04-29 00:00:00
40352,2025-07-15 00:00:00
40436,2025-04-09 00:00:00
40457,2025-07-16 00:00:00
40461,2025-12-23 00:00:00
40473,2025-10-22 00:00:00
40497,2025-11-26 00:00:00
40548,2025-12-17 00:00:00
40551,2025-06-02 00:00:00
40624,2025-03-20 00:00:00
40624,2025-10-23 00:00:00
40625,2025-06-23 00:00:00
40627,2025-12-17 00:00:00
40703,2025-12-22 00:00:00
41016,2026-01-19 00:00:00
41110,2025-08-13 00:00:00
41217,2025-07-14 00:00:00
41266,2025-02-10 00:00:00
41381,2025-08-28 00:00:00
41393,2025-01-21 00:00:00
41686,2025-12-18 00:00:00
41736,2025-11-10 00:00:00
41882,2025-10-22 00:00:00
41882,2026-01-19 00:00:00
41986,2025-01-15 00:00:00
41986,2026-01-19 00:00:00
42040,2025-02-14 00:00:00
42060,2025-01-14 00:00:00
42445,2025-11-26 00:00:00
42454,2025-03-10 00:00:00
42456,2025-06-20 00:00:00
42483,2025-05-26 00:00:00
42531,2025-08-12 00:00:00
42581,2025-02-13 00:00:00
42629,2025-06-04 00:00:00
42769,2025-06-23 00:00:00
42833,2025-03-04 00:00:00
42833,2025-11-10 00:00:00
42898,2025-05-28 00:00:00
42954,2025-08-13 00:00:00
42961,2025-07-15 00:00:00
43002,2025-05-05 00:00:00
43025,2025-03-11 00:00:00
43049,2025-02-18 00:00:00
43103,2025-07-15 00:00:00
43173,2025-05-28 00:00:00
43323,2026-01-21 00:00:00
43382,2025-03-25 00:00:00
43391,2025-03-25 00:00:00
43391,2025-09-22 00:00:00
43407,2026-01-19 00:00:00
43411,2025-07-10 00:00:00
43412,2025-06-23 00:00:00
43432,2025-11-17 00:00:00
43435,2025-10-24 00:00:00
43440,2025-03-24 00:00:00
43449,2025-05-27 00:00:00
43452,2025-06-04 00:00:00
43513,2025-01-21 00:00:00
43513,2025-08-28 00:00:00
43718,2025-08-12 00:00:00
43892,2025-11-17 00:00:00
43916,2025-01-21 00:00:00
43934,2025-02-18 00:00:00
44019,2025-02-14 00:00:00
44036,2025-06-05 00:00:00
44047,2025-05-05 00:00:00
44049,2025-11-17 00:00:00
44053,2025-10-27 00:00:00
44060,2025-05-05 00:00:00
44067,2025-06-04 00:00:00
44067,2025-06-03 00:00:00
44071,2025-05-05 00:00:00
44071,2026-02-18 00:00:00
44073,2025-06-05 00:00:00
44085,2025-05-05 00:00:00
44085,2026-01-19 00:00:00
44087,2025-07-15 00:00:00
44093,2025-12-22 00:00:00
44114,2025-12-18 00:00:00
44118,2025-07-14 00:00:00
44118,2026-02-16 00:00:00
44122,2025-12-22 00:00:00
44142,2025-03-20 00:00:00
44153,2025-03-04 00:00:00
44153,2026-01-19 00:00:00
44439,2025-09-22 00:00:00
44446,2026-01-21 00:00:00
44495,2025-05-29 00:00:00
44947,2025-06-24 00:00:00
44988,2025-10-28 00:00:00
45000,2025-04-09 00:00:00
45001,2025-03-20 00:00:00
45009,2025-06-02 00:00:00
45104,2025-11-26 00:00:00
45116,2025-08-25 00:00:00
45117,2025-08-25 00:00:00
45125,2025-06-25 00:00:00
45190,2026-02-16 00:00:00
45201,2025-06-03 00:00:00
45244,2025-05-27 00:00:00
45308,2025-12-23 00:00:00
45431,2026-01-21 00:00:00
45436,2026-01-19 00:00:00
45471,2026-01-21 00:00:00
45472,2026-02-17 00:00:00
45556,2025-10-22 00:00:00
45618,2025-12-17 00:00:00
45747,2025-10-27 00:00:00
46009,2026-02-17 00:00:00
46010,2026-01-19 00:00:00
46098,2026-02-16 00:00:00
46255,2026-01-19 00:00:00
46259,2025-12-17 00:00:00
46263,2025-11-10 00:00:00
46285,2026-02-16 00:00:00
46336,2026-02-18 00:00:00
46539,2025-07-14 00:00:00
47607,2025-06-23 00:00:00
47823,2025-12-19 00:00:00
48127,2025-01-13 00:00:00
48349,2025-03-10 00:00:00
48426,2025-03-11 00:00:00
48688,2025-12-22 00:00:00
49726,2026-02-19 00:00:00
50098,2025-05-26 00:00:00
50098,2025-12-19 00:00:00
50149,2025-05-26 00:00:00
50150,2025-05-28 00:00:00
50150,2025-06-19 00:00:00
50151,2025-05-28 00:00:00
50152,2025-05-26 00:00:00
50154,2026-01-21 00:00:00
50155,2025-12-19 00:00:00
50159,2025-05-26 00:00:00
50159,2025-12-19 00:00:00
50164,2025-10-24 00:00:00
50169,2025-03-10 00:00:00
50169,2026-01-19 00:00:00
50173,2025-05-26 00:00:00
50175,2025-10-24 00:00:00
50188,2025-05-28 00:00:00
50191,2025-06-20 00:00:00
50193,2025-06-20 00:00:00
50194,2025-12-19 00:00:00
50198,2025-05-27 00:00:00
50200,2025-05-22 00:00:00
50200,2025-12-18 00:00:00
50209,2025-10-27 00:00:00
50220,2025-06-19 00:00:00
50247,2025-03-27 00:00:00
50249,2025-10-24 00:00:00
50261,2025-05-28 00:00:00
50261,2025-12-19 00:00:00
50270,2025-12-19 00:00:00
50277,2025-05-26 00:00:00
50279,2026-01-21 00:00:00
50647,2025-06-19 00:00:00
50674,2025-10-27 00:00:00
50713,2025-05-29 00:00:00
50973,2025-05-26 00:00:00
50973,2025-12-18 00:00:00
50974,2025-10-27 00:00:00
50975,2025-05-27 00:00:00
50980,2025-05-26 00:00:00
51006,2025-05-26 00:00:00
51010,2025-10-27 00:00:00
51031,2025-12-19 00:00:00
51289,2025-10-24 00:00:00
51359,2025-03-25 00:00:00
51816,2025-01-21 00:00:00
51816,2025-10-22 00:00:00
51851,2025-01-21 00:00:00
51851,2025-01-22 00:00:00
51851,2025-10-24 00:00:00
51858,2025-04-03 00:00:00
51861,2026-01-15 00:00:00
52104,2025-05-22 00:00:00
52175,2025-06-20 00:00:00
52258,2025-12-19 00:00:00
52305,2025-05-28 00:00:00
52835,2025-05-28 00:00:00
53200,2025-06-19 00:00:00
53235,2025-06-19 00:00:00
53400,2025-10-27 00:00:00
53400,2025-12-19 00:00:00
53472,2025-05-28 00:00:00
53485,2025-10-27 00:00:00
53488,2025-12-19 00:00:00
53509,2025-06-19 00:00:00
53657,2025-06-20 00:00:00
54113,2025-03-24 00:00:00
54225,2025-03-19 00:00:00
54225,2026-02-16 00:00:00
54298,2025-08-12 00:00:00
54650,2025-03-10 00:00:00
54650,2026-01-15 00:00:00
54772,2026-01-15 00:00:00
54781,2025-04-09 00:00:00
54820,2025-08-12 00:00:00
55253,2025-09-19 00:00:00
55296,2025-04-03 00:00:00
55298,2025-04-22 00:00:00
55320,2025-07-16 00:00:00
55322,2025-05-27 00:00:00
55327,2025-03-25 00:00:00
55397,2025-03-10 00:00:00
55397,2025-12-19 00:00:00
55438,2025-05-27 00:00:00
55442,2025-06-17 00:00:00
55454,2025-09-19 00:00:00
55458,2025-01-15 00:00:00
55458,2025-11-17 00:00:00
55503,2025-03-20 00:00:00
55503,2026-01-15 00:00:00
55510,2025-03-20 00:00:00
55541,2025-04-02 00:00:00
55545,2025-04-03 00:00:00
55551,2025-07-15 00:00:00
55562,2025-06-16 00:00:00
55565,2025-07-16 00:00:00
55985,2025-06-17 00:00:00
56004,2025-03-25 00:00:00
56023,2025-11-17 00:00:00
56191,2025-04-03 00:00:00
56200,2025-07-09 00:00:00
56203,2025-08-12 00:00:00
56223,2025-06-02 00:00:00
56228,2025-09-22 00:00:00
56240,2025-06-24 00:00:00
56244,2025-09-22 00:00:00
56255,2025-02-10 00:00:00
56259,2025-02-10 00:00:00
56262,2025-06-02 00:00:00
56263,2025-06-02 00:00:00
56269,2025-02-10 00:00:00
56269,2025-12-19 00:00:00
56272,2025-01-16 00:00:00
56272,2026-01-21 00:00:00
56274,2025-08-12 00:00:00
56275,2025-02-10 00:00:00
56277,2025-07-09 00:00:00
56278,2025-05-27 00:00:00
56282,2025-06-02 00:00:00
56285,2025-06-02 00:00:00
56285,2025-12-19 00:00:00
56286,2025-05-27 00:00:00
56287,2025-09-22 00:00:00
56288,2025-07-09 00:00:00
56290,2025-09-22 00:00:00
56291,2025-06-02 00:00:00
56292,2025-06-23 00:00:00
56293,2025-07-09 00:00:00
56293,2025-11-17 00:00:00
56299,2025-07-09 00:00:00
56301,2025-06-02 00:00:00
56301,2026-02-18 00:00:00
56306,2025-06-02 00:00:00
56316,2025-09-22 00:00:00
56318,2025-01-16 00:00:00
56320,2025-02-10 00:00:00
56320,2025-12-19 00:00:00
56326,2025-08-25 00:00:00
56329,2025-02-10 00:00:00
56338,2025-09-22 00:00:00
56339,2025-07-09 00:00:00
56340,2025-07-09 00:00:00
56343,2025-12-18 00:00:00
56345,2025-06-02 00:00:00
56347,2025-01-22 00:00:00
56347,2025-09-22 00:00:00
56348,2026-02-17 00:00:00
56349,2025-09-22 00:00:00
56357,2025-02-10 00:00:00
56358,2025-08-12 00:00:00
56407,2025-05-29 00:00:00
56413,2025-06-19 00:00:00
56414,2025-12-19 00:00:00
56416,2025-11-14 00:00:00
56515,2025-10-24 00:00:00
56516,2025-05-29 00:00:00
56517,2025-05-29 00:00:00
56518,2025-10-27 00:00:00
56520,2025-06-19 00:00:00
56522,2025-12-19 00:00:00
56525,2025-06-19 00:00:00
56526,2025-06-19 00:00:00
57077,2025-05-28 00:00:00
57097,2025-06-20 00:00:00
57406,2025-05-28 00:00:00
57411,2025-12-19 00:00:00
57651,2025-05-28 00:00:00
57653,2025-06-19 00:00:00
57685,2025-05-28 00:00:00
57698,2025-06-19 00:00:00
57732,2025-09-19 00:00:00
57732,2026-02-17 00:00:00
57751,2025-08-12 00:00:00
57763,2026-01-21 00:00:00
57869,2025-05-28 00:00:00
57994,2025-04-28 00:00:00
58000,2025-10-24 00:00:00
58028,2025-05-26 00:00:00
58028,2025-12-19 00:00:00
58034,2025-06-19 00:00:00
58038,2025-05-28 00:00:00
58042,2025-06-03 00:00:00
58052,2025-10-24 00:00:00
58052,2026-01-21 00:00:00
58053,2025-10-27 00:00:00
58056,2025-06-20 00:00:00
58083,2025-05-28 00:00:00
58086,2025-12-19 00:00:00
58092,2025-10-27 00:00:00
58093,2025-10-27 00:00:00
58099,2025-10-27 00:00:00
58103,2025-10-24 00:00:00
58104,2025-05-26 00:00:00
58105,2025-05-26 00:00:00
58110,2025-05-28 00:00:00
58110,2025-05-28 00:00:00
58110,2026-01-21 00:00:00
58118,2025-10-24 00:00:00
58120,2025-10-27 00:00:00
58122,2025-05-28 00:00:00
58128,2025-05-27 00:00:00
58130,2025-10-24 00:00:00
58134,2025-12-18 00:00:00
58137,2025-12-19 00:00:00
58260,2025-06-19 00:00:00
58264,2025-12-19 00:00:00
58268,2025-06-20 00:00:00
58274,2025-05-28 00:00:00
58282,2025-12-19 00:00:00
58317,2025-05-29 00:00:00
58344,2026-01-21 00:00:00
58346,2025-05-28 00:00:00
58350,2025-12-19 00:00:00
58352,2025-06-19 00:00:00
58355,2025-06-19 00:00:00
58355,2026-01-21 00:00:00
58357,2025-06-20 00:00:00
58438,2025-10-27 00:00:00
58442,2025-05-29 00:00:00
58478,2025-05-28 00:00:00
58532,2025-10-27 00:00:00
58540,2025-06-19 00:00:00
58546,2025-10-27 00:00:00
58562,2025-10-27 00:00:00
58565,2025-10-27 00:00:00
58569,2025-12-18 00:00:00
58583,2025-05-26 00:00:00
58583,2025-10-27 00:00:00
58585,2025-10-27 00:00:00
58586,2025-06-19 00:00:00
58597,2025-05-28 00:00:00
58726,2025-08-25 00:00:00
58753,2025-10-27 00:00:00
58818,2025-01-15 00:00:00
58818,2025-10-24 00:00:00
58819,2025-03-21 00:00:00
58833,2025-03-11 00:00:00
58833,2026-01-15 00:00:00
58840,2025-06-17 00:00:00
58850,2025-03-20 00:00:00
58855,2025-08-13 00:00:00
58858,2025-06-17 00:00:00
58867,2025-03-24 00:00:00
58869,2026-02-16 00:00:00
58879,2025-09-19 00:00:00
58882,2025-03-24 00:00:00
58885,2025-06-03 00:00:00
58887,2026-01-15 00:00:00
58890,2025-10-24 00:00:00
58894,2025-03-20 00:00:00
58899,2025-08-12 00:00:00
58900,2025-06-02 00:00:00
58903,2025-05-27 00:00:00
58904,2025-10-24 00:00:00
58909,2026-01-15 00:00:00
58912,2025-08-12 00:00:00
58914,2025-09-19 00:00:00
58915,2025-08-12 00:00:00
58918,2026-01-19 00:00:00
58919,2026-02-19 00:00:00
58920,2025-09-19 00:00:00
58921,2025-03-11 00:00:00
58922,2025-03-24 00:00:00
58922,2025-09-19 00:00:00
58923,2025-03-24 00:00:00
58923,2025-09-19 00:00:00
58925,2025-07-16 00:00:00
58926,2025-06-17 00:00:00
58928,2025-03-19 00:00:00
58928,2026-01-21 00:00:00
58929,2025-12-17 00:00:00
58932,2025-11-14 00:00:00
58933,2025-07-16 00:00:00
58942,2025-06-17 00:00:00
58943,2025-10-22 00:00:00
58945,2025-07-15 00:00:00
58946,2025-05-27 00:00:00
58947,2025-05-27 00:00:00
58948,2026-01-15 00:00:00
58951,2025-03-24 00:00:00
58951,2025-09-19 00:00:00
58955,2025-12-17 00:00:00
58956,2026-01-19 00:00:00
58958,2025-06-17 00:00:00
58959,2025-03-11 00:00:00
58959,2025-09-19 00:00:00
58962,2025-09-19 00:00:00
58964,2026-01-19 00:00:00
58965,2025-11-14 00:00:00
58968,2025-03-24 00:00:00
58969,2026-01-21 00:00:00
58972,2025-06-17 00:00:00
59212,2025-09-19 00:00:00
59228,2025-05-27 00:00:00
59233,2025-01-22 00:00:00
59233,2025-01-13 00:00:00
59233,2026-02-16 00:00:00
59305,2025-03-20 00:00:00
59323,2025-03-10 00:00:00
59323,2026-01-19 00:00:00
59375,2025-03-11 00:00:00
59375,2026-01-15 00:00:00
59383,2025-09-19 00:00:00
59393,2025-11-14 00:00:00
59398,2025-01-22 00:00:00
59481,2025-10-22 00:00:00
59483,2025-11-17 00:00:00
59485,2025-07-16 00:00:00
59485,2025-10-22 00:00:00
59487,2025-08-12 00:00:00
59489,2025-08-12 00:00:00
59499,2025-03-10 00:00:00
59499,2026-02-16 00:00:00
59500,2025-08-12 00:00:00
59506,2025-08-12 00:00:00
59507,2025-06-17 00:00:00
59508,2025-06-03 00:00:00
59509,2025-07-14 00:00:00
59512,2025-06-25 00:00:00
59513,2025-10-22 00:00:00
59515,2025-09-19 00:00:00
59516,2025-03-11 00:00:00
59516,2026-02-16 00:00:00
59523,2025-08-12 00:00:00
59525,2025-03-11 00:00:00
59526,2025-12-17 00:00:00
59532,2025-06-03 00:00:00
59539,2025-05-27 00:00:00
59540,2025-03-11 00:00:00
59540,2025-11-14 00:00:00
59547,2025-08-12 00:00:00
59548,2025-10-22 00:00:00
59549,2025-01-15 00:00:00
59550,2025-05-27 00:00:00
59551,2025-08-12 00:00:00
59551,2025-08-12 00:00:00
59565,2025-01-15 00:00:00
59565,2025-10-22 00:00:00
59638,2025-05-27 00:00:00
59722,2025-03-25 00:00:00
59779,2025-01-15 00:00:00
59781,2025-03-11 00:00:00
59784,2025-03-19 00:00:00
59787,2025-02-10 00:00:00
59848,2025-04-03 00:00:00
59856,2025-03-11 00:00:00
59909,2025-05-27 00:00:00
59909,2026-01-15 00:00:00
59910,2025-12-19 00:00:00
59922,2025-12-19 00:00:00
59944,2025-03-11 00:00:00
59997,2025-09-19 00:00:00
60025,2025-06-17 00:00:00
60036,2025-03-10 00:00:00
60036,2026-01-15 00:00:00
60037,2025-10-24 00:00:00
60040,2025-03-11 00:00:00
60040,2025-12-19 00:00:00
60053,2025-10-24 00:00:00
60060,2025-06-16 00:00:00
60065,2025-09-19 00:00:00
60081,2025-03-20 00:00:00
60081,2025-11-14 00:00:00
60089,2025-05-27 00:00:00
60105,2025-06-17 00:00:00
60374,2025-08-12 00:00:00
60429,2025-09-19 00:00:00
60460,2025-03-24 00:00:00
60460,2026-01-15 00:00:00
60758,2025-03-11 00:00:00
60886,2025-03-20 00:00:00
60904,2025-12-17 00:00:00
60905,2025-05-27 00:00:00
60908,2025-04-03 00:00:00
60933,2025-12-19 00:00:00
60938,2025-03-19 00:00:00
60943,2025-06-17 00:00:00
60947,2025-10-24 00:00:00
60977,2025-04-03 00:00:00
60979,2025-02-10 00:00:00
60985,2025-03-10 00:00:00
60988,2025-03-19 00:00:00
60988,2025-11-14 00:00:00
60995,2025-12-19 00:00:00
61001,2025-10-24 00:00:00
61043,2025-05-27 00:00:00
61046,2025-07-16 00:00:00
61047,2025-06-04 00:00:00
61051,2025-07-16 00:00:00
61053,2025-08-12 00:00:00
61057,2025-06-03 00:00:00
61059,2025-06-24 00:00:00
61060,2025-06-16 00:00:00
61062,2025-08-12 00:00:00
61069,2025-06-03 00:00:00
61072,2025-03-20 00:00:00
61095,2025-07-16 00:00:00
61096,2025-12-19 00:00:00
61102,2025-12-19 00:00:00
61106,2025-04-03 00:00:00
61106,2026-02-16 00:00:00
61114,2025-03-19 00:00:00
61116,2025-03-11 00:00:00
61116,2026-01-15 00:00:00
61131,2025-02-10 00:00:00
61131,2026-01-15 00:00:00
61266,2025-06-17 00:00:00
61295,2025-01-15 00:00:00
61295,2025-12-19 00:00:00
61300,2025-09-19 00:00:00
61372,2025-08-12 00:00:00
61431,2025-03-11 00:00:00
61436,2025-06-17 00:00:00
61436,2025-09-19 00:00:00
61437,2025-06-17 00:00:00
61446,2025-06-17 00:00:00
61446,2026-01-21 00:00:00
61462,2026-01-19 00:00:00
61485,2026-02-16 00:00:00
61486,2025-01-13 00:00:00
61520,2025-06-24 00:00:00
61521,2025-01-13 00:00:00
61533,2025-10-24 00:00:00
61543,2025-11-14 00:00:00
61619,2025-12-22 00:00:00
61845,2025-07-09 00:00:00
61860,2026-02-17 00:00:00
61908,2025-03-03 00:00:00
61922,2025-05-28 00:00:00
61922,2026-01-21 00:00:00
61942,2025-10-27 00:00:00
61955,2025-12-18 00:00:00
62275,2025-05-29 00:00:00
62299,2025-06-02 00:00:00
62315,2025-12-19 00:00:00
62328,2026-01-21 00:00:00
62329,2025-12-19 00:00:00
62526,2025-03-20 00:00:00
62604,2025-07-09 00:00:00
62838,2025-03-10 00:00:00
62846,2025-03-10 00:00:00
62863,2025-03-11 00:00:00
62872,2025-10-27 00:00:00
62972,2025-10-23 00:00:00
62979,2025-03-10 00:00:00
62980,2025-06-20 00:00:00
62981,2025-12-10 00:00:00
62992,2025-03-10 00:00:00
63019,2025-06-20 00:00:00
63051,2025-01-15 00:00:00
63051,2025-10-23 00:00:00
63199,2025-01-22 00:00:00
63199,2025-09-22 00:00:00
63204,2025-07-09 00:00:00
63396,2025-10-24 00:00:00
63479,2025-11-13 00:00:00
63505,2026-01-21 00:00:00
63524,2025-06-02 00:00:00
63566,2025-06-02 00:00:00
63566,2025-09-22 00:00:00
63807,2025-03-10 00:00:00
63842,2026-01-19 00:00:00
63858,2025-12-22 00:00:00
63858,2025-12-22 00:00:00
63870,2025-12-22 00:00:00
63875,2025-03-10 00:00:00
63915,2025-02-13 00:00:00
63917,2025-11-13 00:00:00
63930,2025-07-15 00:00:00
63933,2025-03-03 00:00:00
63933,2025-10-24 00:00:00
63963,2025-06-03 00:00:00
63967,2025-03-03 00:00:00
63979,2025-08-13 00:00:00
63988,2025-03-25 00:00:00
63990,2025-02-14 00:00:00
63991,2025-11-14 00:00:00
63993,2025-04-02 00:00:00
63993,2025-09-22 00:00:00
63998,2025-03-13 00:00:00
63999,2025-03-03 00:00:00
64003,2025-11-14 00:00:00
64006,2025-03-03 00:00:00
64006,2025-11-14 00:00:00
64023,2025-08-13 00:00:00
64028,2025-01-14 00:00:00
64031,2025-04-28 00:00:00
64032,2025-07-14 00:00:00
64038,2025-01-14 00:00:00
64038,2025-11-14 00:00:00
64041,2025-08-13 00:00:00
64043,2025-01-15 00:00:00
64047,2025-11-14 00:00:00
64187,2025-06-18 00:00:00
64188,2025-07-14 00:00:00
64188,2025-09-19 00:00:00
64193,2025-03-11 00:00:00
64197,2025-09-22 00:00:00
64201,2025-10-23 00:00:00
64224,2025-10-24 00:00:00
64227,2025-06-18 00:00:00
64234,2026-01-19 00:00:00
64326,2025-12-17 00:00:00
64334,2025-10-24 00:00:00
64353,2025-02-12 00:00:00
64359,2025-10-27 00:00:00
64629,2025-03-25 00:00:00
64631,2025-09-23 00:00:00
64638,2025-05-27 00:00:00
64639,2025-04-03 00:00:00
64645,2026-01-15 00:00:00
64646,2025-10-27 00:00:00
64651,2025-09-19 00:00:00
64653,2025-03-25 00:00:00
64656,2025-06-24 00:00:00
64657,2025-03-25 00:00:00
64661,2025-05-27 00:00:00
64662,2025-07-16 00:00:00
64663,2025-07-16 00:00:00
64665,2026-01-15 00:00:00
64668,2025-05-27 00:00:00
64669,2025-07-16 00:00:00
64673,2025-06-17 00:00:00
64674,2025-06-17 00:00:00
64675,2025-06-16 00:00:00
64678,2025-05-27 00:00:00
64679,2025-09-19 00:00:00
64680,2025-04-03 00:00:00
64682,2025-06-16 00:00:00
64683,2025-10-24 00:00:00
64688,2025-06-02 00:00:00
64689,2025-07-16 00:00:00
64694,2025-09-19 00:00:00
64715,2025-08-12 00:00:00
64717,2025-07-16 00:00:00
64718,2025-10-28 00:00:00
64718,2026-01-19 00:00:00
64719,2025-04-03 00:00:00
64720,2025-04-03 00:00:00
64726,2025-08-12 00:00:00
64730,2025-06-17 00:00:00
64731,2025-08-25 00:00:00
64732,2025-06-17 00:00:00
64733,2025-06-16 00:00:00
64734,2025-05-27 00:00:00
64734,2026-01-15 00:00:00
64735,2025-09-19 00:00:00
64737,2025-03-25 00:00:00
64738,2025-01-13 00:00:00
64738,2026-01-19 00:00:00
64739,2025-01-13 00:00:00
64740,2025-03-11 00:00:00
64740,2025-11-17 00:00:00
64743,2025-06-17 00:00:00
64747,2025-04-14 00:00:00
64750,2025-11-14 00:00:00
64754,2025-04-03 00:00:00
64767,2026-01-19 00:00:00
64845,2025-03-25 00:00:00
64849,2025-09-19 00:00:00
64852,2025-07-16 00:00:00
64854,2025-07-16 00:00:00
64855,2025-07-16 00:00:00
64861,2025-05-27 00:00:00
64862,2025-03-11 00:00:00
64863,2025-07-22 00:00:00
64864,2025-07-09 00:00:00
64868,2026-02-16 00:00:00
64869,2025-02-10 00:00:00
64870,2025-06-17 00:00:00
64872,2025-06-17 00:00:00
64887,2025-03-20 00:00:00
64944,2025-05-27 00:00:00
64954,2025-03-19 00:00:00
64954,2026-01-19 00:00:00
64994,2025-03-25 00:00:00
64995,2025-08-12 00:00:00
64999,2025-01-13 00:00:00
64999,2025-10-24 00:00:00
65000,2025-01-13 00:00:00
65000,2025-10-24 00:00:00
65008,2025-03-24 00:00:00
65008,2026-01-15 00:00:00
65012,2025-03-25 00:00:00
65028,2025-05-27 00:00:00
65053,2025-03-11 00:00:00
65053,2025-11-17 00:00:00
65116,2025-05-27 00:00:00
65162,2025-08-12 00:00:00
65190,2025-08-12 00:00:00
65192,2025-10-24 00:00:00
65232,2025-03-11 00:00:00
65313,2025-06-17 00:00:00
65322,2025-10-22 00:00:00
65452,2025-10-24 00:00:00
65459,2025-10-22 00:00:00
65503,2025-09-23 00:00:00
65503,2025-09-22 00:00:00
65504,2025-03-11 00:00:00
65507,2025-02-10 00:00:00
65509,2025-03-25 00:00:00
65509,2026-01-19 00:00:00
65511,2025-03-11 00:00:00
65521,2025-01-21 00:00:00
65529,2025-03-24 00:00:00
65530,2025-05-26 00:00:00
65567,2025-06-03 00:00:00
65569,2025-07-16 00:00:00
65572,2025-03-19 00:00:00
65572,2025-12-19 00:00:00
65598,2025-03-24 00:00:00
65598,2025-12-19 00:00:00
65604,2026-02-11 00:00:00
65657,2025-03-11 00:00:00
65698,2025-03-24 00:00:00
65698,2026-01-19 00:00:00
65713,2025-06-02 00:00:00
65723,2025-06-02 00:00:00
65723,2026-02-17 00:00:00
65725,2025-06-02 00:00:00
65725,2026-01-19 00:00:00
65734,2025-07-09 00:00:00
65735,2025-02-10 00:00:00
65755,2025-06-02 00:00:00
65809,2025-11-17 00:00:00
65810,2025-09-23 00:00:00
65811,2025-10-24 00:00:00
65820,2025-08-12 00:00:00
65820,2026-01-19 00:00:00
65843,2025-03-11 00:00:00
65857,2025-02-10 00:00:00
65857,2025-11-14 00:00:00
65907,2025-03-19 00:00:00
65911,2025-06-16 00:00:00
65960,2025-03-19 00:00:00
66000,2025-01-21 00:00:00
66000,2025-03-11 00:00:00
66000,2025-08-12 00:00:00
66030,2025-03-24 00:00:00
66054,2025-03-11 00:00:00
66070,2025-12-19 00:00:00
66089,2025-05-26 00:00:00
66198,2025-03-10 00:00:00
66198,2025-12-19 00:00:00
66217,2025-10-22 00:00:00
66228,2025-03-20 00:00:00
66231,2025-01-15 00:00:00
66231,2026-01-19 00:00:00
66250,2025-01-22 00:00:00
66250,2025-09-19 00:00:00
66474,2025-07-14 00:00:00
66475,2025-07-14 00:00:00
66475,2026-02-16 00:00:00
66494,2025-03-11 00:00:00
66500,2025-03-20 00:00:00
66503,2025-10-22 00:00:00
66526,2026-01-19 00:00:00
66543,2026-01-21 00:00:00
66845,2025-09-22 00:00:00
66850,2025-03-03 00:00:00
66893,2025-06-23 00:00:00
66894,2025-09-19 00:00:00
66900,2025-02-10 00:00:00
66925,2025-03-25 00:00:00
66967,2025-09-19 00:00:00
66988,2026-01-21 00:00:00
67003,2025-07-16 00:00:00
67034,2025-03-11 00:00:00
67035,2026-01-19 00:00:00
67035,2026-02-19 00:00:00
67036,2025-06-19 00:00:00
67037,2025-03-10 00:00:00
67041,2025-05-29 00:00:00
67042,2026-01-19 00:00:00
67042,2026-02-19 00:00:00
67051,2025-12-17 00:00:00
67054,2025-03-25 00:00:00
67055,2025-03-25 00:00:00
67072,2025-12-17 00:00:00
67105,2025-12-17 00:00:00
67114,2025-05-26 00:00:00
67116,2025-05-26 00:00:00
67133,2025-05-27 00:00:00
67152,2025-11-17 00:00:00
67157,2025-05-27 00:00:00
67160,2025-07-16 00:00:00
67177,2025-06-02 00:00:00
67192,2025-06-02 00:00:00
67195,2025-08-12 00:00:00
67201,2025-06-02 00:00:00
67212,2025-06-23 00:00:00
67215,2026-01-19 00:00:00
67235,2025-06-24 00:00:00
67277,2025-12-22 00:00:00
67277,2026-02-18 00:00:00
67287,2025-02-18 00:00:00
67293,2025-12-17 00:00:00
67311,2025-12-17 00:00:00
67325,2025-06-23 00:00:00
67327,2025-06-04 00:00:00
67341,2025-12-17 00:00:00
67342,2025-05-26 00:00:00
67360,2025-07-11 00:00:00
67361,2025-12-17 00:00:00
67384,2025-10-23 00:00:00
67402,2025-05-05 00:00:00
67405,2025-12-17 00:00:00
67408,2025-03-04 00:00:00
67510,2025-05-27 00:00:00
67546,2025-06-18 00:00:00
67649,2025-05-28 00:00:00
67649,2025-05-28 00:00:00
67652,2025-12-19 00:00:00
67652,2025-12-19 00:00:00
67691,2026-01-19 00:00:00
67699,2025-12-17 00:00:00
67707,2025-05-26 00:00:00
67708,2026-01-19 00:00:00
67728,2025-05-26 00:00:00
67737,2025-04-03 00:00:00
67753,2025-09-19 00:00:00
67756,2025-05-26 00:00:00
67756,2026-01-19 00:00:00
67775,2025-06-23 00:00:00
67775,2026-01-19 00:00:00
67831,2025-05-27 00:00:00
67872,2025-03-20 00:00:00
67999,2025-04-03 00:00:00
67999,2025-11-17 00:00:00
68000,2025-05-27 00:00:00
68005,2025-03-20 00:00:00
68132,2025-05-29 00:00:00
68280,2025-10-24 00:00:00
68332,2025-05-29 00:00:00
68332,2025-06-20 00:00:00
68541,2025-06-16 00:00:00
68548,2026-02-19 00:00:00
68553,2025-06-02 00:00:00
68596,2025-03-10 00:00:00
68609,2025-04-02 00:00:00
68625,2025-06-20 00:00:00
68626,2025-06-23 00:00:00
68642,2025-06-02 00:00:00
68643,2025-06-02 00:00:00
68672,2025-05-26 00:00:00
68683,2025-12-17 00:00:00
68687,2025-03-25 00:00:00
68688,2025-09-22 00:00:00
68689,2025-10-24 00:00:00
68772,2025-12-17 00:00:00
68799,2025-03-25 00:00:00
68854,2025-11-17 00:00:00
68869,2025-10-22 00:00:00
69229,2025-06-19 00:00:00
69267,2025-05-28 00:00:00
69321,2025-05-28 00:00:00
69321,2026-01-21 00:00:00
69421,2025-12-19 00:00:00
69595,2025-05-26 00:00:00
69595,2025-12-17 00:00:00
69596,2025-12-17 00:00:00
69598,2026-02-16 00:00:00
69606,2025-11-14 00:00:00
69614,2025-09-19 00:00:00
69614,2025-12-17 00:00:00
69615,2025-12-17 00:00:00
69620,2025-03-25 00:00:00
69640,2025-10-24 00:00:00
69646,2025-03-25 00:00:00
69651,2025-12-17 00:00:00
69651,2026-01-19 00:00:00
69654,2025-02-10 00:00:00
69677,2025-05-26 00:00:00
69696,2025-12-17 00:00:00
69710,2025-06-24 00:00:00
69711,2025-03-25 00:00:00
69713,2025-12-17 00:00:00
69716,2025-03-25 00:00:00
69716,2025-12-17 00:00:00
69717,2025-03-25 00:00:00
69720,2026-01-19 00:00:00
69732,2025-05-26 00:00:00
69774,2025-06-24 00:00:00
69775,2025-12-17 00:00:00
69776,2025-12-17 00:00:00
69786,2026-02-16 00:00:00
69799,2026-01-19 00:00:00
69858,2025-02-10 00:00:00
69867,2025-09-22 00:00:00
69870,2025-06-24 00:00:00
69870,2026-02-16 00:00:00
69871,2025-07-16 00:00:00
69878,2025-08-13 00:00:00
69880,2025-12-17 00:00:00
69881,2025-05-27 00:00:00
69882,2025-04-03 00:00:00
69905,2025-06-18 00:00:00
69914,2025-03-25 00:00:00
69916,2025-05-27 00:00:00
69917,2025-09-22 00:00:00
69919,2025-04-02 00:00:00
69922,2025-03-25 00:00:00
69930,2025-05-26 00:00:00
69975,2025-03-25 00:00:00
69975,2025-12-17 00:00:00
69980,2025-09-19 00:00:00
69984,2026-02-16 00:00:00
70003,2025-12-17 00:00:00
70027,2025-11-10 00:00:00
70044,2025-04-02 00:00:00
70044,2025-12-22 00:00:00
70047,2026-02-16 00:00:00
70051,2025-02-10 00:00:00
70051,2026-02-16 00:00:00
70054,2025-12-17 00:00:00
70078,2025-01-15 00:00:00
70104,2025-01-13 00:00:00
70132,2025-12-22 00:00:00
70169,2025-12-22 00:00:00
70182,2025-06-23 00:00:00
70185,2026-01-19 00:00:00
70190,2025-10-23 00:00:00
70195,2025-07-10 00:00:00
70201,2025-10-22 00:00:00
70202,2026-01-19 00:00:00
70206,2025-12-22 00:00:00
70227,2026-01-19 00:00:00
70304,2025-10-22 00:00:00
70305,2025-10-22 00:00:00
70314,2025-10-27 00:00:00
70334,2026-01-15 00:00:00
70337,2025-12-17 00:00:00
70342,2025-03-25 00:00:00
70342,2025-12-17 00:00:00
70370,2025-05-05 00:00:00
70380,2025-06-25 00:00:00
70464,2025-08-28 00:00:00
70534,2025-05-05 00:00:00
70654,2025-07-14 00:00:00
70765,2025-05-05 00:00:00
70868,2025-04-14 00:00:00
70868,2025-11-10 00:00:00
70883,2025-04-14 00:00:00
71010,2025-12-18 00:00:00
71093,2025-04-28 00:00:00
71155,2025-04-30 00:00:00
71358,2025-08-28 00:00:00
71415,2025-05-05 00:00:00
71596,2025-05-21 00:00:00
71638,2025-09-08 00:00:00
71940,2025-06-04 00:00:00
72065,2025-12-18 00:00:00
72129,2025-12-18 00:00:00
72219,2025-02-18 00:00:00
72236,2025-04-14 00:00:00
72236,2025-11-11 00:00:00
72237,2025-09-23 00:00:00
72290,2025-02-18 00:00:00
72330,2025-02-18 00:00:00
72331,2025-04-29 00:00:00
72334,2025-11-26 00:00:00
72335,2025-02-18 00:00:00
72340,2025-04-14 00:00:00
72341,2025-04-29 00:00:00
72351,2025-03-11 00:00:00
72355,2025-11-26 00:00:00
72356,2025-01-14 00:00:00
72356,2025-10-24 00:00:00
72357,2025-07-10 00:00:00
72361,2025-08-27 00:00:00
72363,2025-08-27 00:00:00
72365,2025-02-18 00:00:00
72366,2025-01-20 00:00:00
72368,2025-11-26 00:00:00
72369,2025-02-18 00:00:00
72370,2025-11-10 00:00:00
72371,2025-09-23 00:00:00
72373,2025-11-10 00:00:00
72375,2025-03-04 00:00:00
72377,2025-09-23 00:00:00
72380,2025-07-14 00:00:00
72382,2025-06-05 00:00:00
72386,2025-04-14 00:00:00
72387,2025-01-21 00:00:00
72387,2026-02-18 00:00:00
72390,2025-06-04 00:00:00
72391,2025-06-05 00:00:00
72393,2025-06-05 00:00:00
72394,2025-10-08 00:00:00
72397,2025-08-28 00:00:00
72398,2025-09-23 00:00:00
72400,2025-01-21 00:00:00
72400,2025-10-28 00:00:00
72405,2025-09-23 00:00:00
72408,2025-07-10 00:00:00
72409,2025-02-18 00:00:00
72410,2025-04-14 00:00:00
72411,2025-01-20 00:00:00
72411,2025-11-10 00:00:00
72414,2025-01-15 00:00:00
72414,2026-01-19 00:00:00
72415,2025-10-08 00:00:00
72417,2025-06-11 00:00:00
72418,2025-06-05 00:00:00
72422,2025-07-14 00:00:00
72424,2025-02-18 00:00:00
72427,2025-03-04 00:00:00
72427,2026-02-18 00:00:00
72429,2025-01-21 00:00:00
72430,2025-05-05 00:00:00
72434,2025-05-21 00:00:00
72444,2025-04-02 00:00:00
72444,2026-01-19 00:00:00
72450,2025-03-04 00:00:00
72457,2025-03-04 00:00:00
72457,2026-01-19 00:00:00
72472,2025-07-14 00:00:00
72482,2025-06-04 00:00:00
72484,2025-01-21 00:00:00
72484,2026-01-19 00:00:00
72501,2025-03-04 00:00:00
72525,2025-07-10 00:00:00
72526,2025-04-14 00:00:00
72526,2025-11-10 00:00:00
72693,2025-11-10 00:00:00
72724,2025-03-04 00:00:00
72724,2026-02-18 00:00:00
72735,2025-01-21 00:00:00
72735,2025-12-23 00:00:00
72741,2025-05-14 00:00:00
72753,2025-06-04 00:00:00
72759,2025-06-04 00:00:00
72950,2025-03-04 00:00:00
72963,2025-01-16 00:00:00
72964,2025-09-23 00:00:00
73043,2025-01-21 00:00:00
73046,2025-01-21 00:00:00
73046,2025-11-10 00:00:00
73047,2025-04-14 00:00:00
73047,2025-11-10 00:00:00
73059,2026-02-19 00:00:00
73074,2025-10-23 00:00:00
73086,2025-04-28 00:00:00
73098,2025-01-21 00:00:00
73098,2025-11-10 00:00:00
73154,2025-03-03 00:00:00
73450,2025-03-04 00:00:00
73507,2025-09-23 00:00:00
73508,2025-09-23 00:00:00
73511,2025-07-10 00:00:00
73514,2025-11-26 00:00:00
73515,2025-02-18 00:00:00
73520,2025-10-08 00:00:00
73546,2025-05-05 00:00:00
73582,2025-02-18 00:00:00
73582,2025-10-28 00:00:00
73791,2025-06-04 00:00:00
73896,2025-07-14 00:00:00
73900,2025-04-09 00:00:00
73966,2025-08-27 00:00:00
73975,2025-04-14 00:00:00
74063,2025-09-08 00:00:00
74083,2025-06-04 00:00:00
74108,2025-05-21 00:00:00
74228,2025-11-10 00:00:00
74236,2025-11-10 00:00:00
74307,2025-06-04 00:00:00
74356,2025-04-14 00:00:00
74361,2025-06-05 00:00:00
74378,2025-05-21 00:00:00
74388,2025-02-18 00:00:00
74408,2025-03-03 00:00:00
74478,2025-03-03 00:00:00
74479,2025-07-10 00:00:00
74522,2025-02-18 00:00:00
74522,2025-03-27 00:00:00
74625,2025-12-18 00:00:00
74702,2025-07-10 00:00:00
74777,2025-12-17 00:00:00
74843,2025-07-14 00:00:00
74865,2025-12-18 00:00:00
74881,2025-10-22 00:00:00
74885,2025-07-10 00:00:00
75209,2026-01-19 00:00:00
75348,2025-12-22 00:00:00
75353,2025-07-14 00:00:00
75355,2025-12-17 00:00:00
75363,2025-10-24 00:00:00
75504,2025-03-24 00:00:00
75625,2025-12-18 00:00:00
75857,2025-06-18 00:00:00
75860,2025-12-18 00:00:00
75867,2025-10-22 00:00:00
75933,2025-12-18 00:00:00
76007,2025-12-18 00:00:00
76233,2025-10-22 00:00:00
76299,2025-12-18 00:00:00
76515,2025-12-18 00:00:00
76550,2025-10-22 00:00:00
76591,2025-07-14 00:00:00
76636,2025-11-26 00:00:00
76729,2025-08-25 00:00:00
76793,2025-07-10 00:00:00
77220,2025-06-16 00:00:00
77686,2025-08-25 00:00:00
77917,2025-10-22 00:00:00
78176,2025-05-28 00:00:00
78303,2025-10-08 00:00:00
78436,2025-05-05 00:00:00
78436,2025-06-18 00:00:00
78436,2025-11-10 00:00:00
78441,2025-09-23 00:00:00
78513,2025-06-05 00:00:00
78518,2025-05-28 00:00:00
78554,2025-08-28 00:00:00
78561,2025-07-10 00:00:00
78688,2025-10-17 00:00:00
79114,2026-01-19 00:00:00
79172,2025-12-18 00:00:00
79353,2025-06-05 00:00:00
79674,2025-11-26 00:00:00
79695,2025-06-19 00:00:00
79817,2025-04-14 00:00:00
79897,2025-05-05 00:00:00
79940,2025-04-17 00:00:00
80036,2025-05-28 00:00:00
80158,2025-08-25 00:00:00
80165,2025-11-26 00:00:00
80173,2025-11-11 00:00:00
80300,2025-01-16 00:00:00
80408,2026-02-18 00:00:00
80675,2025-08-25 00:00:00
80725,2025-06-05 00:00:00
80990,2025-10-22 00:00:00
81085,2025-03-04 00:00:00
81184,2025-03-04 00:00:00
81314,2025-12-18 00:00:00
81321,2025-08-28 00:00:00
81333,2025-04-14 00:00:00
81341,2025-06-04 00:00:00
81471,2025-03-20 00:00:00
81496,2025-08-25 00:00:00
81598,2025-05-23 00:00:00
81639,2025-08-25 00:00:00
81670,2025-11-10 00:00:00
81678,2025-10-08 00:00:00
81725,2025-05-05 00:00:00
81764,2025-11-10 00:00:00
81917,2025-11-10 00:00:00
82047,2025-10-27 00:00:00
82061,2025-05-28 00:00:00
82186,2026-01-21 00:00:00
82269,2025-03-10 00:00:00
82276,2025-03-10 00:00:00
82287,2025-03-10 00:00:00
82382,2025-10-22 00:00:00
82391,2025-03-10 00:00:00
82597,2025-07-10 00:00:00
82619,2025-05-27 00:00:00
82654,2025-10-22 00:00:00
82715,2025-03-10 00:00:00
82733,2025-12-17 00:00:00
82747,2025-03-10 00:00:00
82794,2025-06-20 00:00:00
82799,2025-01-21 00:00:00
82819,2025-01-13 00:00:00
82937,2025-03-24 00:00:00
82971,2025-01-13 00:00:00
82972,2025-04-09 00:00:00
82979,2025-06-17 00:00:00
82990,2025-03-11 00:00:00
82990,2025-11-14 00:00:00
82997,2025-04-03 00:00:00
83013,2025-03-20 00:00:00
83015,2025-03-24 00:00:00
83016,2025-12-19 00:00:00
83028,2025-03-20 00:00:00
83139,2025-04-03 00:00:00
83140,2025-03-10 00:00:00
83480,2025-03-10 00:00:00
83492,2025-07-10 00:00:00
83498,2025-09-19 00:00:00
83500,2025-04-03 00:00:00
83504,2025-05-27 00:00:00
83512,2025-03-11 00:00:00
83512,2026-01-15 00:00:00
83513,2025-03-11 00:00:00
83513,2026-01-15 00:00:00
83515,2025-03-24 00:00:00
83519,2025-03-11 00:00:00
83524,2025-03-20 00:00:00
83524,2025-09-19 00:00:00
83530,2025-12-19 00:00:00
83598,2025-03-20 00:00:00
83624,2025-12-19 00:00:00
83627,2025-05-28 00:00:00
83638,2025-05-28 00:00:00
83648,2025-10-27 00:00:00
83679,2025-10-27 00:00:00
83682,2025-06-19 00:00:00
83912,2025-10-24 00:00:00
83914,2025-10-27 00:00:00
83946,2025-02-18 00:00:00
84060,2025-06-19 00:00:00
84066,2025-06-19 00:00:00
84066,2025-12-18 00:00:00
84142,2025-10-24 00:00:00
84205,2025-05-28 00:00:00
84292,2025-05-27 00:00:00
84292,2025-12-18 00:00:00
84294,2025-12-19 00:00:00
84295,2025-12-18 00:00:00
84507,2025-06-02 00:00:00
84510,2025-06-02 00:00:00
84519,2025-05-29 00:00:00
84519,2026-02-18 00:00:00
85416,2025-05-26 00:00:00
85441,2025-05-28 00:00:00
85444,2025-05-28 00:00:00
85448,2026-02-19 00:00:00
85450,2025-05-26 00:00:00
85450,2025-10-27 00:00:00
85681,2025-05-29 00:00:00
85932,2025-12-18 00:00:00
85982,2025-12-18 00:00:00
86097,2025-07-14 00:00:00
86097,2026-02-16 00:00:00
86194,2025-12-17 00:00:00
86531,2025-10-24 00:00:00
86572,2025-06-24 00:00:00
86574,2026-01-19 00:00:00
86578,2025-08-28 00:00:00
86582,2025-06-05 00:00:00
86608,2025-08-28 00:00:00
86612,2025-06-05 00:00:00
86645,2025-06-04 00:00:00
86667,2025-05-28 00:00:00
86667,2025-11-10 00:00:00
86692,2025-06-05 00:00:00
86749,2025-08-27 00:00:00
86794,2026-02-18 00:00:00
87020,2025-05-05 00:00:00
87025,2026-02-19 00:00:00
87033,2025-11-26 00:00:00
87060,2025-11-26 00:00:00
87105,2025-09-23 00:00:00
87107,2025-11-26 00:00:00
87131,2025-11-26 00:00:00
87181,2025-12-18 00:00:00
87314,2025-06-05 00:00:00
87409,2025-09-02 00:00:00
87409,2025-10-08 00:00:00
87446,2025-09-23 00:00:00
87627,2025-10-24 00:00:00
87950,2025-12-17 00:00:00
87989,2025-12-22 00:00:00
88020,2026-02-16 00:00:00
88089,2025-12-17 00:00:00
88407,2025-04-03 00:00:00
88407,2025-11-14 00:00:00
88414,2025-10-22 00:00:00
88504,2025-12-18 00:00:00
88745,2025-06-05 00:00:00
88808,2025-11-26 00:00:00
88810,2025-11-10 00:00:00
88817,2025-08-25 00:00:00
88862,2025-06-05 00:00:00
88875,2025-07-14 00:00:00
88907,2025-06-04 00:00:00
88919,2025-10-23 00:00:00
88930,2025-08-25 00:00:00
88939,2025-03-04 00:00:00
88944,2025-07-14 00:00:00
89175,2025-05-28 00:00:00
89251,2025-01-22 00:00:00
89297,2025-06-09 00:00:00
89426,2025-02-18 00:00:00
89582,2025-10-27 00:00:00
89742,2025-08-25 00:00:00
89752,2025-06-05 00:00:00
89762,2025-08-25 00:00:00
89832,2025-02-18 00:00:00
89972,2025-06-05 00:00:00
90609,2025-02-18 00:00:00
90758,2025-02-18 00:00:00
90952,2025-05-05 00:00:00
90976,2025-06-05 00:00:00
90976,2025-08-25 00:00:00
90987,2025-05-28 00:00:00
91041,2025-08-28 00:00:00
91050,2025-06-04 00:00:00
91145,2025-06-05 00:00:00
91174,2025-11-10 00:00:00
91186,2025-08-28 00:00:00
91284,2025-11-26 00:00:00
91396,2025-08-28 00:00:00
91633,2025-03-04 00:00:00
91915,2025-01-20 00:00:00
91938,2025-08-28 00:00:00
91972,2025-04-22 00:00:00
92054,2025-12-17 00:00:00
92067,2025-12-17 00:00:00
92162,2025-12-18 00:00:00
92165,2025-07-14 00:00:00
92240,2025-12-22 00:00:00
92261,2025-03-04 00:00:00
92424,2026-02-16 00:00:00
92479,2025-11-14 00:00:00
92610,2025-12-18 00:00:00
92980,2025-01-21 00:00:00
92980,2026-02-19 00:00:00
93008,2025-01-21 00:00:00
93019,2025-07-10 00:00:00
93031,2025-03-04 00:00:00
93033,2025-10-24 00:00:00
93042,2025-03-03 00:00:00
93043,2025-03-04 00:00:00
93066,2025-02-18 00:00:00
93069,2025-03-04 00:00:00
93070,2025-02-18 00:00:00
93094,2025-10-08 00:00:00
93095,2025-06-02 00:00:00
93095,2025-06-02 00:00:00
93107,2025-03-03 00:00:00
93113,2025-03-03 00:00:00
93113,2025-11-10 00:00:00
93121,2025-03-04 00:00:00
93124,2025-03-27 00:00:00
93205,2025-05-28 00:00:00
93307,2025-12-18 00:00:00
93372,2025-06-05 00:00:00
93381,2025-07-14 00:00:00
93504,2025-07-10 00:00:00
93834,2026-01-19 00:00:00
94011,2026-02-19 00:00:00
94013,2026-02-19 00:00:00
94067,2025-12-22 00:00:00
94134,2025-07-10 00:00:00
94171,2025-06-23 00:00:00
94193,2025-03-10 00:00:00
94193,2026-02-19 00:00:00
94217,2025-03-12 00:00:00
94282,2025-03-11 00:00:00
94282,2026-02-19 00:00:00
94327,2025-03-10 00:00:00
94379,2025-09-19 00:00:00
94380,2025-11-14 00:00:00
94380,2026-02-19 00:00:00
94397,2025-07-16 00:00:00
94492,2025-11-14 00:00:00
94492,2026-01-19 00:00:00
94585,2025-01-13 00:00:00
94657,2025-09-23 00:00:00
94668,2025-06-20 00:00:00
94681,2025-03-11 00:00:00
94694,2025-03-10 00:00:00
94760,2026-01-19 00:00:00
94927,2025-07-09 00:00:00
95136,2025-03-24 00:00:00
95355,2025-08-13 00:00:00
95364,2025-01-15 00:00:00
95364,2025-10-28 00:00:00
95385,2025-06-04 00:00:00
95394,2025-04-30 00:00:00
95397,2025-06-05 00:00:00
95397,2025-11-10 00:00:00
95426,2025-03-04 00:00:00
95444,2025-11-10 00:00:00
95456,2025-09-08 00:00:00
95459,2025-10-28 00:00:00
95461,2025-11-10 00:00:00
95465,2025-12-18 00:00:00
95467,2025-05-05 00:00:00
95468,2025-05-05 00:00:00
95471,2025-07-14 00:00:00
95485,2025-05-05 00:00:00
95504,2025-06-04 00:00:00
95505,2025-01-21 00:00:00
95507,2025-01-20 00:00:00
95510,2025-12-17 00:00:00
95512,2025-02-18 00:00:00
95520,2025-01-21 00:00:00
95521,2025-09-23 00:00:00
95522,2025-10-28 00:00:00
95535,2025-08-27 00:00:00
95540,2025-03-24 00:00:00
95540,2026-02-19 00:00:00
95541,2025-04-28 00:00:00
95541,2025-11-10 00:00:00
95542,2025-12-23 00:00:00
95543,2025-10-28 00:00:00
95544,2025-06-04 00:00:00
95546,2025-04-28 00:00:00
95548,2025-03-04 00:00:00
95558,2025-10-08 00:00:00
95560,2025-04-14 00:00:00
95560,2025-11-11 00:00:00
95560,2025-11-26 00:00:00
95562,2025-10-28 00:00:00
95571,2025-06-05 00:00:00
95572,2025-06-04 00:00:00
95612,2025-11-26 00:00:00
95616,2025-12-23 00:00:00
95622,2025-03-04 00:00:00
95624,2025-04-29 00:00:00
95624,2025-11-10 00:00:00
95813,2025-11-11 00:00:00
95864,2025-03-04 00:00:00
95865,2025-01-21 00:00:00
95865,2025-11-10 00:00:00
95886,2025-11-10 00:00:00
95904,2025-02-18 00:00:00
95904,2025-12-17 00:00:00
95906,2025-06-05 00:00:00
95907,2025-03-03 00:00:00
95907,2025-11-10 00:00:00
95909,2025-01-21 00:00:00
95909,2025-12-17 00:00:00
95918,2025-04-29 00:00:00
95919,2025-06-24 00:00:00
95921,2026-01-19 00:00:00
95922,2025-06-04 00:00:00
95938,2025-07-14 00:00:00
95938,2025-10-27 00:00:00
95945,2025-10-27 00:00:00
95963,2025-04-29 00:00:00
96126,2025-05-21 00:00:00
96147,2025-04-28 00:00:00
96174,2025-06-04 00:00:00
96184,2025-10-28 00:00:00
96191,2025-04-30 00:00:00
96191,2025-11-10 00:00:00
96206,2025-06-05 00:00:00
96218,2025-02-18 00:00:00
96218,2025-04-17 00:00:00
96218,2025-04-09 00:00:00
96218,2025-12-17 00:00:00
96226,2025-11-10 00:00:00
96231,2025-05-05 00:00:00
96241,2025-01-20 00:00:00
96241,2025-10-28 00:00:00
96255,2026-01-21 00:00:00
96257,2025-11-10 00:00:00
96258,2025-08-25 00:00:00
96264,2025-09-23 00:00:00
96265,2025-09-23 00:00:00
96282,2025-07-14 00:00:00
96300,2025-04-28 00:00:00
96300,2025-10-08 00:00:00
96329,2025-03-04 00:00:00
96332,2026-01-19 00:00:00
96352,2025-12-23 00:00:00
96362,2025-07-10 00:00:00
96407,2025-03-04 00:00:00
96407,2025-11-26 00:00:00
96412,2025-04-28 00:00:00
96414,2025-10-08 00:00:00
96415,2025-11-10 00:00:00
96415,2025-12-17 00:00:00
96427,2025-02-18 00:00:00
96432,2025-03-04 00:00:00
96455,2025-04-09 00:00:00
96483,2025-03-04 00:00:00
96483,2026-01-19 00:00:00
96497,2025-03-04 00:00:00
96518,2026-02-19 00:00:00
96547,2025-06-05 00:00:00
96549,2025-07-14 00:00:00
96550,2025-10-27 00:00:00
96565,2025-01-21 00:00:00
96565,2025-10-28 00:00:00
96566,2025-06-02 00:00:00
96583,2025-06-25 00:00:00
96596,2025-01-21 00:00:00
96596,2026-02-18 00:00:00
96601,2026-01-15 00:00:00
96611,2025-01-21 00:00:00
96611,2025-02-18 00:00:00
96611,2025-03-04 00:00:00
96611,2025-08-27 00:00:00
96618,2025-03-04 00:00:00
96622,2025-03-04 00:00:00
96625,2025-02-18 00:00:00
96634,2025-03-03 00:00:00
96634,2025-12-17 00:00:00
96642,2025-03-03 00:00:00
96644,2025-01-21 00:00:00
96646,2025-03-04 00:00:00
96648,2025-06-04 00:00:00
96650,2025-03-04 00:00:00
96652,2025-03-04 00:00:00
96660,2026-02-18 00:00:00
96685,2025-04-28 00:00:00
96695,2025-10-08 00:00:00
96702,2025-03-04 00:00:00
96702,2025-11-11 00:00:00
96792,2025-02-18 00:00:00
96800,2025-06-18 00:00:00
96804,2025-03-27 00:00:00
96804,2025-11-10 00:00:00
96808,2025-03-05 00:00:00
96808,2025-04-09 00:00:00
96808,2025-11-11 00:00:00
96817,2025-06-05 00:00:00
96820,2025-02-18 00:00:00
96820,2026-01-19 00:00:00
96824,2025-05-28 00:00:00
96824,2025-06-04 00:00:00
96845,2025-12-23 00:00:00
96850,2025-04-14 00:00:00
96850,2025-12-23 00:00:00
96859,2026-02-19 00:00:00
96883,2025-04-28 00:00:00
96910,2025-11-10 00:00:00
96910,2026-02-18 00:00:00
96930,2025-06-04 00:00:00
96930,2025-12-17 00:00:00
97022,2025-07-14 00:00:00
97022,2026-01-19 00:00:00
97159,2025-02-12 00:00:00
97159,2026-02-18 00:00:00
97224,2025-11-14 00:00:00
97242,2025-03-05 00:00:00
97242,2025-11-26 00:00:00
97251,2025-06-04 00:00:00
97267,2025-03-04 00:00:00
97267,2025-11-10 00:00:00
97270,2025-02-18 00:00:00
97270,2026-01-19 00:00:00
97282,2025-07-14 00:00:00
97285,2025-03-04 00:00:00
97285,2025-10-27 00:00:00
97290,2025-03-04 00:00:00
97292,2025-07-14 00:00:00
97294,2025-05-28 00:00:00
97297,2025-09-23 00:00:00
97298,2025-08-27 00:00:00
97299,2025-09-23 00:00:00
97301,2025-06-04 00:00:00
97316,2025-05-28 00:00:00
97319,2025-03-04 00:00:00
97319,2026-01-19 00:00:00
97327,2025-03-27 00:00:00
97328,2025-09-19 00:00:00
97339,2025-03-03 00:00:00
97339,2025-12-18 00:00:00
97339,2026-02-18 00:00:00
97347,2025-03-03 00:00:00
97352,2025-07-15 00:00:00
97360,2025-11-13 00:00:00
97367,2025-07-14 00:00:00
97415,2025-07-10 00:00:00
97415,2025-11-10 00:00:00
97422,2025-02-18 00:00:00
97422,2026-01-19 00:00:00
97434,2025-03-04 00:00:00
97435,2025-01-15 00:00:00
97435,2026-01-19 00:00:00
97441,2025-05-05 00:00:00
97447,2026-02-18 00:00:00
97451,2025-01-21 00:00:00
97452,2025-06-23 00:00:00
97453,2025-11-10 00:00:00
97459,2025-06-04 00:00:00
97468,2025-04-09 00:00:00
97468,2026-01-19 00:00:00
97471,2025-12-17 00:00:00
97532,2025-08-27 00:00:00
97543,2025-03-04 00:00:00
97543,2026-02-19 00:00:00
97593,2025-01-21 00:00:00
97602,2025-04-29 00:00:00
97690,2025-03-04 00:00:00
97889,2025-03-04 00:00:00
97920,2026-02-18 00:00:00
97953,2025-03-20 00:00:00
98007,2025-03-27 00:00:00
98009,2025-07-10 00:00:00
98032,2025-03-04 00:00:00
98054,2025-06-04 00:00:00
98070,2025-03-04 00:00:00
98070,2025-12-23 00:00:00
98088,2025-05-05 00:00:00
98091,2025-10-08 00:00:00
98092,2025-06-05 00:00:00
98122,2025-04-29 00:00:00
98122,2026-02-19 00:00:00
98129,2025-12-23 00:00:00
98144,2025-01-21 00:00:00
98144,2025-07-14 00:00:00
98156,2025-10-27 00:00:00
98231,2025-04-14 00:00:00
98303,2025-03-27 00:00:00
98348,2025-11-10 00:00:00
98468,2025-05-28 00:00:00
98525,2025-03-04 00:00:00
98525,2025-04-09 00:00:00
98525,2025-11-10 00:00:00
98536,2025-05-05 00:00:00
98536,2026-02-18 00:00:00
98541,2025-12-23 00:00:00
98544,2025-06-05 00:00:00
98546,2025-02-18 00:00:00
98546,2026-01-19 00:00:00
98552,2025-01-16 00:00:00
98554,2025-11-10 00:00:00
98564,2025-02-18 00:00:00
98577,2025-01-21 00:00:00
98579,2025-11-26 00:00:00
98580,2025-07-10 00:00:00
98585,2025-03-27 00:00:00
98585,2026-01-19 00:00:00
98590,2026-01-19 00:00:00
98593,2025-04-14 00:00:00
98702,2025-01-21 00:00:00
98743,2025-03-04 00:00:00
98744,2025-04-29 00:00:00
98767,2025-07-14 00:00:00
98777,2025-05-14 00:00:00
98791,2025-07-14 00:00:00
98805,2025-10-28 00:00:00
98815,2025-07-10 00:00:00
98820,2025-07-14 00:00:00
98826,2025-04-28 00:00:00
98847,2025-10-28 00:00:00
98862,2025-03-20 00:00:00
98862,2026-01-19 00:00:00
98862,2026-02-18 00:00:00
98863,2025-09-23 00:00:00
98875,2025-06-05 00:00:00
98947,2025-10-28 00:00:00
99020,2025-04-29 00:00:00
99038,2025-04-18 00:00:00
99112,2025-10-08 00:00:00
99118,2025-04-17 00:00:00
99313,2025-03-04 00:00:00
99352,2025-06-04 00:00:00
99352,2026-01-19 00:00:00
99682,2025-11-14 00:00:00
99749,2026-01-19 00:00:00
99777,2025-10-24 00:00:00
100364,2025-10-24 00:00:00
101567,2025-01-22 00:00:00
101567,2025-12-19 00:00:00
101574,2025-06-02 00:00:00
101582,2025-02-10 00:00:00
101720,2025-06-02 00:00:00
102433,2025-10-24 00:00:00
102434,2026-01-19 00:00:00
102445,2025-10-24 00:00:00
102736,2025-06-02 00:00:00
102740,2025-06-02 00:00:00
102783,2025-09-22 00:00:00
102795,2025-02-10 00:00:00
102795,2026-01-19 00:00:00
102816,2025-12-22 00:00:00
102850,2025-12-19 00:00:00
102851,2025-10-24 00:00:00
102857,2025-05-26 00:00:00
103055,2025-03-11 00:00:00
103109,2025-02-12 00:00:00
103110,2025-03-03 00:00:00
103919,2026-01-21 00:00:00
103960,2026-01-15 00:00:00
103980,2025-10-24 00:00:00
104024,2025-12-18 00:00:00
104066,2026-02-16 00:00:00
104137,2026-02-16 00:00:00
104180,2026-01-15 00:00:00
104262,2026-02-16 00:00:00
104292,2026-02-16 00:00:00
104342,2025-11-14 00:00:00
104494,2025-10-24 00:00:00
105299,2026-01-21 00:00:00
105340,2026-02-16 00:00:00
106581,2026-01-19 00:00:00
106585,2026-01-19 00:00:00
106586,2026-01-19 00:00:00
106587,2025-10-24 00:00:00
106589,2026-02-16 00:00:00
106593,2026-02-18 00:00:00
106601,2026-01-15 00:00:00
106604,2026-01-15 00:00:00
106616,2026-01-15 00:00:00
106618,2026-01-19 00:00:00
106636,2026-02-17 00:00:00
106637,2026-01-21 00:00:00
106648,2025-11-14 00:00:00
106655,2026-01-21 00:00:00
106668,2026-01-19 00:00:00
107892,2026-01-15 00:00:00
107919,2026-02-16 00:00:00
107986,2026-01-21 00:00:00
108414,2025-02-18 00:00:00
108414,2026-01-19 00:00:00
108853,2025-02-13 00:00:00
108889,2026-01-19 00:00:00
108914,2025-02-12 00:00:00
108914,2025-12-19 00:00:00
109065,2025-02-12 00:00:00
109120,2025-02-11 00:00:00
109375,2025-03-03 00:00:00
109375,2025-11-14 00:00:00
109424,2025-06-03 00:00:00
109566,2025-12-17 00:00:00
110281,2025-02-12 00:00:00
110281,2026-01-19 00:00:00
110287,2025-02-12 00:00:00
110429,2025-12-19 00:00:00
110474,2026-02-19 00:00:00
110523,2026-01-21 00:00:00
110618,2025-06-24 00:00:00
110728,2025-06-02 00:00:00
110773,2025-12-19 00:00:00
110828,2025-06-02 00:00:00
110828,2026-01-21 00:00:00
111119,2025-02-12 00:00:00
111262,2025-06-02 00:00:00
111369,2025-12-17 00:00:00
111371,2025-07-14 00:00:00
111371,2026-02-16 00:00:00
111373,2025-07-10 00:00:00
111374,2025-12-18 00:00:00
111831,2025-09-19 00:00:00
111840,2025-06-18 00:00:00
111912,2025-06-18 00:00:00
111954,2025-03-13 00:00:00
111959,2025-11-13 00:00:00
112021,2025-07-15 00:00:00
112338,2025-12-18 00:00:00
112451,2025-12-18 00:00:00
112470,2025-10-24 00:00:00
112470,2025-12-17 00:00:00
112522,2025-10-24 00:00:00
112906,2025-12-18 00:00:00
112911,2025-12-17 00:00:00
112911,2026-02-16 00:00:00
112987,2025-08-28 00:00:00
113366,2025-05-05 00:00:00
113591,2025-02-18 00:00:00
113884,2025-03-04 00:00:00
113884,2025-04-14 00:00:00
113937,2025-10-27 00:00:00
113981,2025-04-29 00:00:00
114045,2025-06-18 00:00:00
114055,2025-12-18 00:00:00
114093,2025-10-24 00:00:00
114099,2025-07-10 00:00:00
114318,2025-06-25 00:00:00
114335,2025-03-04 00:00:00
114335,2025-04-14 00:00:00
114335,2025-11-26 00:00:00
114335,2026-01-19 00:00:00
114340,2025-06-04 00:00:00
114368,2025-02-18 00:00:00
114404,2025-06-02 00:00:00
114508,2026-01-19 00:00:00
114535,2025-05-05 00:00:00
114535,2025-06-04 00:00:00
114586,2025-08-28 00:00:00
114597,2025-03-04 00:00:00
114618,2025-11-10 00:00:00
114737,2025-09-19 00:00:00
114783,2025-12-22 00:00:00
114809,2025-04-02 00:00:00
114816,2025-01-15 00:00:00
114850,2025-02-14 00:00:00
114854,2025-07-15 00:00:00
114856,2025-08-12 00:00:00
114857,2025-06-03 00:00:00
114867,2025-03-03 00:00:00
114867,2026-01-15 00:00:00
114869,2025-01-14 00:00:00
114871,2025-03-03 00:00:00
114876,2025-03-12 00:00:00
114880,2025-08-13 00:00:00
114895,2025-03-12 00:00:00
114902,2025-09-19 00:00:00
114903,2025-03-25 00:00:00
114908,2025-06-03 00:00:00
114913,2025-08-13 00:00:00
114914,2025-03-03 00:00:00
114920,2025-06-03 00:00:00
114927,2025-02-14 00:00:00
114927,2025-09-19 00:00:00
114937,2025-11-10 00:00:00
114937,2026-01-15 00:00:00
114938,2025-10-24 00:00:00
114939,2025-06-18 00:00:00
114954,2025-11-10 00:00:00
114960,2025-03-13 00:00:00
114966,2025-07-15 00:00:00
114971,2025-12-17 00:00:00
114980,2025-02-14 00:00:00
114985,2025-02-12 00:00:00
114986,2025-09-19 00:00:00
114988,2025-01-14 00:00:00
114994,2025-02-12 00:00:00
114994,2026-02-18 00:00:00
115004,2026-02-18 00:00:00
115006,2025-01-15 00:00:00
115010,2025-08-13 00:00:00
115013,2025-11-14 00:00:00
115018,2025-06-03 00:00:00
115020,2025-07-15 00:00:00
115021,2025-03-03 00:00:00
115025,2026-01-15 00:00:00
115026,2025-03-27 00:00:00
115032,2025-07-15 00:00:00
115039,2025-10-24 00:00:00
115056,2025-01-15 00:00:00
115058,2025-11-13 00:00:00
115060,2025-02-14 00:00:00
115067,2025-02-14 00:00:00
115073,2025-01-15 00:00:00
115074,2025-03-25 00:00:00
115074,2026-01-15 00:00:00
115075,2025-01-15 00:00:00
115080,2025-07-15 00:00:00
115083,2025-12-23 00:00:00
115085,2025-08-13 00:00:00
115087,2026-02-18 00:00:00
115088,2026-01-15 00:00:00
115089,2025-08-13 00:00:00
115093,2025-08-13 00:00:00
115117,2025-06-18 00:00:00
115118,2025-02-10 00:00:00
115118,2025-10-24 00:00:00
115128,2025-06-03 00:00:00
115128,2025-11-14 00:00:00
115131,2025-08-12 00:00:00
115133,2025-02-12 00:00:00
115141,2025-11-14 00:00:00
115145,2025-08-13 00:00:00
115158,2025-02-12 00:00:00
115160,2025-06-18 00:00:00
115170,2025-02-10 00:00:00
115177,2025-12-22 00:00:00
115178,2025-01-15 00:00:00
115180,2025-07-14 00:00:00
115181,2025-10-24 00:00:00
115182,2025-07-15 00:00:00
115189,2025-06-18 00:00:00
115204,2025-02-12 00:00:00
115205,2025-10-24 00:00:00
115208,2025-07-15 00:00:00
115218,2025-04-02 00:00:00
115220,2026-02-18 00:00:00
115224,2025-11-13 00:00:00
115226,2025-10-23 00:00:00
115236,2025-11-13 00:00:00
115243,2025-06-03 00:00:00
115247,2026-01-19 00:00:00
115249,2025-07-15 00:00:00
115253,2025-11-13 00:00:00
115264,2026-01-15 00:00:00
115273,2025-04-02 00:00:00
115279,2025-08-13 00:00:00
115284,2025-06-03 00:00:00
115284,2026-02-18 00:00:00
115290,2025-11-14 00:00:00
115315,2025-12-22 00:00:00
115324,2025-08-13 00:00:00
115325,2025-08-13 00:00:00
115327,2025-06-03 00:00:00
115327,2025-06-18 00:00:00
115328,2025-09-19 00:00:00
115329,2025-09-19 00:00:00
115330,2025-08-13 00:00:00
115332,2025-08-13 00:00:00
115334,2025-08-13 00:00:00
115344,2025-08-13 00:00:00
115362,2025-02-12 00:00:00
115371,2025-02-14 00:00:00
115373,2026-01-15 00:00:00
115387,2025-03-11 00:00:00
115387,2025-11-14 00:00:00
115389,2026-02-18 00:00:00
115394,2025-12-19 00:00:00
115420,2025-02-14 00:00:00
115435,2025-06-03 00:00:00
115463,2025-04-02 00:00:00
115465,2025-04-03 00:00:00
115466,2025-03-25 00:00:00
115470,2025-04-02 00:00:00
115471,2025-03-25 00:00:00
115472,2025-04-02 00:00:00
115473,2025-09-22 00:00:00
115477,2025-05-27 00:00:00
115478,2025-12-17 00:00:00
115480,2025-05-27 00:00:00
115481,2025-12-17 00:00:00
115483,2025-05-27 00:00:00
115485,2025-12-17 00:00:00
115487,2025-10-24 00:00:00
115488,2025-02-10 00:00:00
115492,2025-05-26 00:00:00
115495,2025-10-23 00:00:00
115498,2026-01-19 00:00:00
115499,2025-12-17 00:00:00
115500,2025-03-25 00:00:00
115500,2026-02-16 00:00:00
115503,2025-09-22 00:00:00
115506,2025-12-17 00:00:00
115526,2025-02-10 00:00:00
115527,2025-04-02 00:00:00
115535,2025-10-24 00:00:00
115535,2025-12-17 00:00:00
115540,2025-03-25 00:00:00
115553,2025-10-27 00:00:00
115606,2025-12-18 00:00:00
115680,2025-10-27 00:00:00
115890,2026-02-16 00:00:00
115901,2025-10-24 00:00:00
115909,2025-10-24 00:00:00
115910,2026-02-16 00:00:00
116156,2025-11-14 00:00:00
116156,2026-02-18 00:00:00
116275,2025-04-02 00:00:00
116344,2025-04-02 00:00:00
116368,2025-08-25 00:00:00
116464,2025-02-12 00:00:00
116464,2025-10-23 00:00:00
116790,2026-02-18 00:00:00
116855,2025-04-03 00:00:00
116855,2025-10-23 00:00:00
116925,2025-09-22 00:00:00
117070,2025-12-19 00:00:00
117122,2025-02-13 00:00:00
117175,2026-01-19 00:00:00
117231,2025-12-22 00:00:00
117274,2025-11-14 00:00:00
117341,2025-02-12 00:00:00
117341,2025-10-23 00:00:00
117821,2025-02-12 00:00:00
118104,2025-02-12 00:00:00
118175,2025-02-12 00:00:00
118175,2026-01-21 00:00:00
118227,2025-04-02 00:00:00
118227,2025-09-22 00:00:00
118234,2026-01-19 00:00:00
118472,2025-04-02 00:00:00
118771,2025-02-12 00:00:00
118870,2025-03-03 00:00:00
118870,2026-01-19 00:00:00
119364,2025-11-14 00:00:00
119745,2025-02-12 00:00:00
119745,2025-10-23 00:00:00
121246,2025-06-02 00:00:00
121310,2025-06-02 00:00:00
121364,2025-03-25 00:00:00
121543,2025-06-02 00:00:00
121543,2026-02-16 00:00:00
122563,2025-10-24 00:00:00
122595,2025-02-10 00:00:00
122770,2025-06-02 00:00:00
123269,2025-02-10 00:00:00
123387,2025-02-10 00:00:00
123400,2025-07-16 00:00:00
124126,2025-10-24 00:00:00
124236,2025-10-23 00:00:00
124444,2025-12-17 00:00:00
124579,2025-09-22 00:00:00
124871,2025-08-12 00:00:00
125047,2025-11-17 00:00:00
125142,2025-01-22 00:00:00
125142,2025-08-12 00:00:00
125154,2026-01-21 00:00:00
125212,2025-12-19 00:00:00
125233,2025-02-10 00:00:00
125233,2025-10-24 00:00:00
125248,2025-10-24 00:00:00
125278,2025-10-24 00:00:00
125300,2025-03-25 00:00:00
125336,2025-09-22 00:00:00
125493,2025-07-10 00:00:00
125544,2025-12-22 00:00:00
125576,2026-02-19 00:00:00
125591,2025-12-22 00:00:00
125591,2026-02-19 00:00:00
125597,2025-03-11 00:00:00
125622,2025-06-23 00:00:00
125847,2026-01-19 00:00:00
125864,2026-01-19 00:00:00
125866,2025-03-25 00:00:00
125866,2026-01-19 00:00:00
125915,2025-03-25 00:00:00
125946,2025-07-16 00:00:00
125951,2025-07-10 00:00:00
125951,2025-10-27 00:00:00
125984,2025-10-23 00:00:00
125986,2025-10-24 00:00:00
125990,2025-10-24 00:00:00
126032,2025-03-25 00:00:00
126059,2025-03-25 00:00:00
126069,2025-05-26 00:00:00
126069,2025-06-23 00:00:00
126128,2025-01-22 00:00:00
126203,2025-05-26 00:00:00
126322,2025-01-21 00:00:00
126322,2026-01-19 00:00:00
126416,2025-02-12 00:00:00
126435,2025-04-02 00:00:00
126435,2026-01-19 00:00:00
126708,2025-03-03 00:00:00
126929,2025-02-12 00:00:00
126929,2025-02-12 00:00:00
127370,2025-10-08 00:00:00
127461,2025-02-12 00:00:00
127520,2025-02-12 00:00:00
127548,2025-02-13 00:00:00
127576,2025-02-12 00:00:00
127727,2025-11-14 00:00:00
127945,2025-12-19 00:00:00
127976,2025-06-03 00:00:00
128022,2025-11-14 00:00:00
128139,2025-03-03 00:00:00
128139,2025-11-14 00:00:00
128147,2025-02-11 00:00:00
128156,2025-04-02 00:00:00
128156,2025-11-14 00:00:00
128173,2025-04-02 00:00:00
128461,2025-03-03 00:00:00
128488,2026-01-21 00:00:00
128862,2025-09-19 00:00:00
128912,2025-02-10 00:00:00
129253,2025-06-02 00:00:00
129308,2025-06-02 00:00:00
129308,2026-01-21 00:00:00
129342,2025-06-02 00:00:00
129399,2025-05-29 00:00:00
129438,2026-01-21 00:00:00
129497,2025-02-10 00:00:00
129497,2026-02-19 00:00:00
129532,2025-07-09 00:00:00
129687,2025-09-22 00:00:00
129875,2025-07-09 00:00:00
130172,2025-07-09 00:00:00
130272,2025-06-02 00:00:00
130273,2025-07-09 00:00:00
130327,2025-09-22 00:00:00
130345,2025-10-22 00:00:00
130352,2025-09-22 00:00:00
130375,2025-03-25 00:00:00
130375,2025-09-22 00:00:00
130375,2025-11-14 00:00:00
130384,2025-03-25 00:00:00
130450,2025-02-14 00:00:00
130450,2026-02-18 00:00:00
130457,2025-09-22 00:00:00
130545,2026-01-19 00:00:00
130558,2025-12-17 00:00:00
130559,2025-03-25 00:00:00
130618,2025-05-28 00:00:00
130647,2025-12-17 00:00:00
130664,2025-12-17 00:00:00
130686,2026-01-19 00:00:00
130812,2025-06-03 00:00:00
130868,2025-06-18 00:00:00
130879,2025-03-25 00:00:00
130885,2025-01-16 00:00:00
131011,2026-02-24 00:00:00
131018,2025-12-22 00:00:00
131023,2025-10-22 00:00:00
131043,2025-10-22 00:00:00
131044,2025-03-10 00:00:00
131056,2025-03-10 00:00:00
131080,2025-03-10 00:00:00
131080,2025-06-23 00:00:00
131122,2025-06-23 00:00:00
131122,2025-06-23 00:00:00
131122,2025-06-23 00:00:00
131324,2026-02-18 00:00:00
131356,2025-06-23 00:00:00
131416,2026-02-19 00:00:00
131465,2025-12-22 00:00:00
131508,2025-12-22 00:00:00
131924,2025-07-09 00:00:00
131931,2025-12-22 00:00:00
131945,2026-02-16 00:00:00
131948,2025-10-22 00:00:00
131949,2025-12-17 00:00:00
131952,2026-02-16 00:00:00
131953,2025-12-17 00:00:00
131954,2026-02-16 00:00:00
131955,2025-07-14 00:00:00
131961,2025-10-22 00:00:00
131964,2025-12-18 00:00:00
131967,2025-12-18 00:00:00
131968,2025-10-24 00:00:00
131991,2025-10-24 00:00:00
131995,2025-12-22 00:00:00
131995,2026-02-16 00:00:00
131997,2025-02-12 00:00:00
132001,2025-10-22 00:00:00
132002,2025-12-23 00:00:00
132017,2025-10-22 00:00:00
132019,2025-12-17 00:00:00
132025,2025-12-18 00:00:00
132026,2025-12-18 00:00:00
132027,2025-12-18 00:00:00
132029,2026-02-16 00:00:00
132030,2025-12-18 00:00:00
132032,2025-07-14 00:00:00
132032,2025-12-22 00:00:00
132042,2025-12-17 00:00:00
132048,2025-02-12 00:00:00
132118,2025-08-28 00:00:00
132121,2025-05-28 00:00:00
132142,2025-12-23 00:00:00
132215,2025-10-08 00:00:00
132253,2025-09-02 00:00:00
132253,2025-10-08 00:00:00
132290,2025-12-17 00:00:00
132293,2025-10-24 00:00:00
132446,2025-12-17 00:00:00
132456,2025-10-22 00:00:00
132460,2025-09-08 00:00:00
132908,2025-12-17 00:00:00
132963,2025-12-17 00:00:00
133054,2025-06-04 00:00:00
133167,2026-02-16 00:00:00
133193,2025-10-22 00:00:00
133206,2025-12-17 00:00:00
133206,2026-02-16 00:00:00
133240,2025-10-22 00:00:00
133325,2025-10-24 00:00:00
133328,2025-04-22 00:00:00
133330,2025-07-10 00:00:00
133366,2025-12-18 00:00:00
133372,2025-07-14 00:00:00
133373,2025-06-11 00:00:00
133385,2025-12-17 00:00:00
133393,2025-07-14 00:00:00
133395,2025-07-11 00:00:00
133396,2025-03-10 00:00:00
133402,2025-03-04 00:00:00
133410,2026-02-16 00:00:00
133418,2025-07-10 00:00:00
133419,2025-07-14 00:00:00
133427,2025-05-29 00:00:00
133434,2025-07-14 00:00:00
133437,2025-12-18 00:00:00
133696,2025-01-14 00:00:00
133791,2025-06-03 00:00:00
133798,2025-03-13 00:00:00
133798,2025-12-18 00:00:00
133823,2025-02-14 00:00:00
133823,2025-11-14 00:00:00
133850,2025-08-13 00:00:00
133918,2025-12-18 00:00:00
134013,2025-01-13 00:00:00
134047,2025-03-25 00:00:00
134066,2026-02-18 00:00:00
134097,2025-03-20 00:00:00
134098,2025-06-18 00:00:00
134102,2025-09-19 00:00:00
134145,2025-02-13 00:00:00
134145,2025-12-22 00:00:00
134254,2025-06-18 00:00:00
134278,2025-02-12 00:00:00
134280,2025-07-15 00:00:00
134287,2025-07-14 00:00:00
134299,2025-11-14 00:00:00
134312,2025-11-26 00:00:00
134332,2025-11-10 00:00:00
134334,2025-01-21 00:00:00
134334,2025-01-21 00:00:00
134334,2026-01-19 00:00:00
134349,2025-03-04 00:00:00
134361,2025-03-04 00:00:00
134366,2025-03-04 00:00:00
134366,2026-02-18 00:00:00
134372,2025-11-26 00:00:00
134397,2025-08-28 00:00:00
134402,2025-10-08 00:00:00
134414,2025-06-05 00:00:00
134428,2025-03-20 00:00:00
134428,2026-01-19 00:00:00
134433,2025-02-18 00:00:00
134443,2025-03-04 00:00:00
134459,2025-12-22 00:00:00
134529,2025-12-17 00:00:00
134551,2025-12-17 00:00:00
134565,2025-10-24 00:00:00
134571,2025-10-24 00:00:00
134648,2026-02-18 00:00:00
134662,2025-12-17 00:00:00
134746,2025-12-17 00:00:00
134859,2025-07-11 00:00:00
134884,2025-07-14 00:00:00
134934,2025-07-14 00:00:00
134975,2025-02-12 00:00:00
134999,2025-06-23 00:00:00
135010,2025-12-17 00:00:00
135023,2025-03-04 00:00:00
135023,2025-10-22 00:00:00
135034,2025-12-18 00:00:00
135058,2025-12-22 00:00:00
135080,2025-10-24 00:00:00
135082,2025-06-18 00:00:00
135083,2026-01-21 00:00:00
135084,2025-12-17 00:00:00
135088,2025-12-17 00:00:00
135089,2025-07-11 00:00:00
135091,2025-12-22 00:00:00
135093,2025-10-24 00:00:00
135100,2025-10-24 00:00:00
135105,2025-10-22 00:00:00
135107,2025-10-22 00:00:00
135108,2025-10-22 00:00:00
135109,2025-12-19 00:00:00
135110,2026-02-16 00:00:00
135111,2025-06-11 00:00:00
135112,2025-10-22 00:00:00
135114,2025-08-28 00:00:00
135115,2025-07-14 00:00:00
135115,2026-02-16 00:00:00
135117,2025-07-14 00:00:00
135125,2025-12-17 00:00:00
135126,2025-12-17 00:00:00
135129,2025-07-14 00:00:00
135130,2025-12-17 00:00:00
135132,2025-12-17 00:00:00
135139,2025-12-17 00:00:00
135140,2025-07-14 00:00:00
135140,2025-12-17 00:00:00
135142,2025-10-24 00:00:00
135143,2025-10-24 00:00:00
135143,2025-10-24 00:00:00
135166,2025-01-13 00:00:00
135173,2025-12-17 00:00:00
135200,2025-10-22 00:00:00
135211,2025-12-17 00:00:00
135221,2025-12-17 00:00:00
135241,2025-10-24 00:00:00
135253,2025-12-22 00:00:00
135261,2025-12-17 00:00:00
135272,2025-10-22 00:00:00
135306,2025-12-17 00:00:00
135317,2025-10-22 00:00:00
135321,2025-10-22 00:00:00
135347,2025-12-22 00:00:00
135451,2025-10-24 00:00:00
135458,2025-05-26 00:00:00
135509,2026-02-16 00:00:00
135537,2025-12-18 00:00:00
135538,2025-12-18 00:00:00
135543,2025-07-14 00:00:00
135543,2026-02-16 00:00:00
135552,2025-12-18 00:00:00
135580,2025-03-04 00:00:00
135596,2025-12-17 00:00:00
135619,2025-06-18 00:00:00
135622,2026-02-16 00:00:00
135624,2025-12-18 00:00:00
135626,2025-06-18 00:00:00
135644,2025-10-22 00:00:00
135659,2025-12-19 00:00:00
135659,2026-02-16 00:00:00
135671,2025-07-14 00:00:00
135671,2025-12-22 00:00:00
135684,2025-10-22 00:00:00
135697,2025-10-22 00:00:00
135707,2025-10-24 00:00:00
135760,2025-12-17 00:00:00
135760,2025-12-22 00:00:00
135814,2025-12-17 00:00:00
135831,2025-10-22 00:00:00
135839,2026-02-16 00:00:00
135847,2025-10-23 00:00:00
135849,2025-10-24 00:00:00
135862,2025-07-14 00:00:00
135862,2025-07-14 00:00:00
135905,2025-06-24 00:00:00
136792,2025-04-09 00:00:00
136811,2025-09-23 00:00:00
136987,2025-04-28 00:00:00
136994,2026-01-19 00:00:00
136997,2025-07-10 00:00:00
136998,2025-02-18 00:00:00
137115,2025-01-22 00:00:00
137115,2025-10-28 00:00:00
137137,2025-04-28 00:00:00
137153,2025-04-22 00:00:00
137416,2025-11-14 00:00:00
137488,2025-09-23 00:00:00
137536,2025-04-09 00:00:00
137539,2025-02-13 00:00:00
137549,2025-12-17 00:00:00
137571,2025-09-22 00:00:00
137588,2025-03-25 00:00:00
137620,2026-02-16 00:00:00
137663,2025-09-22 00:00:00
137702,2025-12-17 00:00:00
137705,2025-07-16 00:00:00
137706,2025-01-20 00:00:00
137707,2025-03-25 00:00:00
137708,2026-01-19 00:00:00
137733,2025-04-02 00:00:00
137733,2026-02-16 00:00:00
137743,2025-03-25 00:00:00
137743,2026-01-19 00:00:00
137775,2025-02-13 00:00:00
137776,2025-06-23 00:00:00
137797,2025-09-19 00:00:00
137819,2025-12-19 00:00:00
137826,2025-04-02 00:00:00
137844,2026-01-19 00:00:00
137872,2026-01-19 00:00:00
137873,2025-03-25 00:00:00
137875,2025-09-22 00:00:00
137877,2026-02-16 00:00:00
137889,2025-10-23 00:00:00
137896,2025-12-17 00:00:00
137907,2025-02-13 00:00:00
137908,2025-03-25 00:00:00
137928,2025-09-22 00:00:00
137929,2025-09-22 00:00:00
137945,2026-02-16 00:00:00
137946,2025-11-13 00:00:00
137947,2026-01-19 00:00:00
137948,2025-03-25 00:00:00
137953,2025-04-02 00:00:00
137954,2025-08-12 00:00:00
137955,2025-07-15 00:00:00
137967,2025-07-16 00:00:00
137971,2025-03-25 00:00:00
137977,2025-06-04 00:00:00
137978,2026-01-19 00:00:00
138016,2025-03-25 00:00:00
138024,2025-04-02 00:00:00
138033,2025-04-02 00:00:00
138033,2025-06-03 00:00:00
138040,2025-09-22 00:00:00
138087,2025-12-17 00:00:00
138196,2025-07-15 00:00:00
138226,2025-02-14 00:00:00
138301,2025-02-10 00:00:00
138326,2025-04-03 00:00:00
138330,2025-03-25 00:00:00
138330,2026-01-19 00:00:00
138356,2025-03-25 00:00:00
138364,2025-07-16 00:00:00
138386,2025-02-10 00:00:00
138387,2025-09-22 00:00:00
138516,2025-06-23 00:00:00
138573,2025-02-10 00:00:00
138573,2025-12-17 00:00:00
138575,2025-10-23 00:00:00
138620,2025-06-24 00:00:00
138666,2025-12-17 00:00:00
138667,2025-10-24 00:00:00
138667,2025-10-23 00:00:00
138668,2025-09-22 00:00:00
138736,2025-08-12 00:00:00
138804,2025-05-27 00:00:00
138900,2026-02-19 00:00:00
138901,2025-01-13 00:00:00
138902,2026-01-15 00:00:00
138915,2025-07-15 00:00:00
138966,2025-07-16 00:00:00
138984,2026-02-18 00:00:00
139019,2025-03-13 00:00:00
139046,2025-10-24 00:00:00
139062,2025-07-15 00:00:00
139087,2025-09-19 00:00:00
139094,2025-01-15 00:00:00
139201,2025-08-13 00:00:00
139256,2025-12-10 00:00:00
139274,2025-08-13 00:00:00
139280,2025-08-13 00:00:00
139288,2025-01-15 00:00:00
139294,2025-01-14 00:00:00
139300,2025-07-15 00:00:00
139356,2025-03-12 00:00:00
139388,2025-03-13 00:00:00
139401,2026-01-15 00:00:00
139408,2026-01-15 00:00:00
139411,2025-12-22 00:00:00
139417,2026-01-15 00:00:00
139421,2025-03-12 00:00:00
139421,2026-01-15 00:00:00
139476,2025-02-14 00:00:00
139476,2026-01-15 00:00:00
139515,2025-07-14 00:00:00
139525,2025-12-18 00:00:00
139526,2025-03-03 00:00:00
139526,2026-01-15 00:00:00
139544,2025-03-12 00:00:00
139587,2025-03-12 00:00:00
139596,2025-10-24 00:00:00
139666,2026-01-15 00:00:00
139677,2025-03-13 00:00:00
139683,2025-01-15 00:00:00
139728,2025-10-24 00:00:00
139734,2025-03-13 00:00:00
139806,2025-03-25 00:00:00
139816,2025-06-18 00:00:00
139871,2025-04-29 00:00:00
139890,2025-06-19 00:00:00
139920,2026-02-18 00:00:00
139923,2025-12-22 00:00:00
139959,2025-02-14 00:00:00
139959,2026-01-15 00:00:00
140005,2026-02-18 00:00:00
140082,2025-03-03 00:00:00
140096,2025-03-03 00:00:00
140101,2026-01-15 00:00:00
140172,2025-06-18 00:00:00
140193,2025-06-10 00:00:00
140233,2025-08-13 00:00:00
140308,2025-02-14 00:00:00
140320,2026-01-15 00:00:00
140320,2026-02-18 00:00:00
140426,2025-03-13 00:00:00
140446,2025-01-14 00:00:00
140458,2025-06-19 00:00:00
140462,2025-02-13 00:00:00
140475,2025-02-12 00:00:00
140475,2025-11-14 00:00:00
140475,2025-12-22 00:00:00
140519,2025-07-15 00:00:00
140580,2025-02-13 00:00:00
140580,2025-12-22 00:00:00
140613,2025-02-14 00:00:00
140630,2025-06-04 00:00:00
140645,2025-02-12 00:00:00
140645,2026-01-15 00:00:00
140663,2025-10-24 00:00:00
140722,2025-02-12 00:00:00
140733,2026-01-15 00:00:00
140803,2025-08-12 00:00:00
140838,2025-07-16 00:00:00
140839,2025-04-02 00:00:00
140840,2025-01-14 00:00:00
140840,2025-11-10 00:00:00
140840,2026-02-18 00:00:00
140857,2025-09-19 00:00:00
140857,2026-02-18 00:00:00
140871,2025-08-13 00:00:00
140874,2025-07-15 00:00:00
140875,2026-01-21 00:00:00
140887,2025-01-13 00:00:00
140888,2025-11-14 00:00:00
140889,2025-12-22 00:00:00
140890,2025-02-14 00:00:00
140890,2025-11-13 00:00:00
140898,2025-09-19 00:00:00
140902,2025-12-23 00:00:00
140933,2025-12-22 00:00:00
140952,2025-02-13 00:00:00
140961,2025-03-13 00:00:00
140962,2025-08-13 00:00:00
140967,2025-01-14 00:00:00
140977,2025-06-03 00:00:00
140980,2025-04-02 00:00:00
141000,2025-06-03 00:00:00
141001,2025-11-14 00:00:00
141017,2025-06-04 00:00:00
141024,2025-10-24 00:00:00
141025,2025-09-23 00:00:00
141026,2025-01-14 00:00:00
141048,2026-01-15 00:00:00
141049,2025-06-03 00:00:00
141177,2025-06-03 00:00:00
141178,2025-07-15 00:00:00
141240,2025-07-14 00:00:00
141275,2025-02-14 00:00:00
141280,2025-03-12 00:00:00
141281,2025-06-03 00:00:00
141296,2026-02-18 00:00:00
141312,2025-08-13 00:00:00
141320,2025-08-13 00:00:00
141323,2025-03-03 00:00:00
141323,2026-01-15 00:00:00
141324,2025-06-03 00:00:00
141327,2025-03-12 00:00:00
141328,2025-05-27 00:00:00
141332,2025-01-14 00:00:00
141334,2025-06-04 00:00:00
141344,2025-07-15 00:00:00
141349,2025-02-13 00:00:00
141350,2025-01-13 00:00:00
141361,2025-07-15 00:00:00
141367,2025-03-12 00:00:00
141379,2025-03-03 00:00:00
141383,2025-01-13 00:00:00
141384,2025-11-14 00:00:00
141385,2025-06-18 00:00:00
141386,2025-03-12 00:00:00
141387,2025-02-12 00:00:00
141388,2026-02-16 00:00:00
141407,2025-02-14 00:00:00
141407,2025-12-23 00:00:00
141411,2025-08-13 00:00:00
141416,2025-07-15 00:00:00
141417,2025-08-13 00:00:00
141419,2025-04-02 00:00:00
141420,2025-03-25 00:00:00
141424,2025-07-15 00:00:00
141427,2025-12-22 00:00:00
141433,2025-06-18 00:00:00
141439,2025-01-14 00:00:00
141440,2026-02-18 00:00:00
141448,2025-06-03 00:00:00
141454,2025-03-12 00:00:00
141467,2025-02-14 00:00:00
141476,2025-06-03 00:00:00
141477,2026-02-18 00:00:00
141481,2025-07-14 00:00:00
141499,2026-01-19 00:00:00
141504,2025-02-14 00:00:00
141504,2026-02-18 00:00:00
141505,2025-08-13 00:00:00
141508,2025-07-14 00:00:00
141515,2025-07-15 00:00:00
141516,2025-08-13 00:00:00
141519,2025-11-14 00:00:00
141521,2025-11-13 00:00:00
141523,2025-02-13 00:00:00
141524,2026-01-15 00:00:00
141525,2025-02-12 00:00:00
141526,2025-01-14 00:00:00
141530,2025-07-15 00:00:00
141531,2025-03-12 00:00:00
141532,2025-03-03 00:00:00
141534,2025-08-13 00:00:00
141537,2025-03-12 00:00:00
141538,2025-03-25 00:00:00
141539,2025-02-10 00:00:00
141542,2025-03-03 00:00:00
141544,2025-03-12 00:00:00
141547,2025-12-23 00:00:00
141548,2025-12-17 00:00:00
141555,2025-02-14 00:00:00
141562,2025-07-15 00:00:00
141563,2025-03-03 00:00:00
141564,2025-03-12 00:00:00
141565,2025-06-03 00:00:00
141567,2025-08-13 00:00:00
141575,2025-12-23 00:00:00
141590,2026-01-15 00:00:00
141594,2025-02-12 00:00:00
141596,2025-03-12 00:00:00
141615,2025-02-14 00:00:00
141623,2025-07-15 00:00:00
141626,2025-03-12 00:00:00
141627,2025-03-13 00:00:00
141628,2025-06-04 00:00:00
141629,2025-08-13 00:00:00
141633,2025-03-04 00:00:00
141636,2025-02-13 00:00:00
141636,2026-02-18 00:00:00
141637,2026-02-18 00:00:00
141639,2025-07-14 00:00:00
141645,2025-03-13 00:00:00
141645,2026-02-18 00:00:00
141652,2025-01-14 00:00:00
141653,2025-09-19 00:00:00
141661,2025-02-14 00:00:00
141662,2025-03-03 00:00:00
141698,2026-02-18 00:00:00
141701,2025-02-10 00:00:00
141701,2025-04-15 00:00:00
141705,2025-06-03 00:00:00
141706,2026-02-18 00:00:00
141711,2025-03-03 00:00:00
141715,2025-03-13 00:00:00
141716,2025-08-13 00:00:00
141720,2025-08-13 00:00:00
141721,2025-08-13 00:00:00
141730,2025-02-13 00:00:00
141732,2025-03-03 00:00:00
141733,2026-01-15 00:00:00
141734,2026-02-18 00:00:00
141735,2025-08-13 00:00:00
141751,2025-02-13 00:00:00
141766,2025-12-22 00:00:00
141775,2025-03-12 00:00:00
141787,2025-03-13 00:00:00
141792,2026-02-18 00:00:00
141793,2025-07-15 00:00:00
141803,2026-01-15 00:00:00
141817,2026-01-15 00:00:00
141821,2025-02-13 00:00:00
141842,2026-02-18 00:00:00
141850,2025-11-17 00:00:00
141865,2025-11-13 00:00:00
141899,2025-01-22 00:00:00
141906,2025-03-25 00:00:00
141956,2025-06-03 00:00:00
142005,2025-02-12 00:00:00
142099,2025-04-15 00:00:00
142295,2025-09-19 00:00:00
142297,2026-01-19 00:00:00
142381,2025-03-13 00:00:00
142435,2025-06-19 00:00:00
142437,2025-06-19 00:00:00
142443,2025-07-15 00:00:00
142454,2025-03-25 00:00:00
142461,2025-06-03 00:00:00
142462,2026-01-15 00:00:00
142487,2025-06-18 00:00:00
142498,2025-06-03 00:00:00
142507,2025-12-22 00:00:00
142517,2025-10-24 00:00:00
142571,2025-07-14 00:00:00
142578,2025-03-12 00:00:00
142594,2025-01-15 00:00:00
142603,2025-01-15 00:00:00
142603,2026-02-18 00:00:00
142607,2025-10-24 00:00:00
142649,2026-01-15 00:00:00
142666,2025-07-14 00:00:00
142694,2025-02-13 00:00:00
142754,2025-03-13 00:00:00
142757,2025-07-15 00:00:00
142852,2025-02-14 00:00:00
142898,2026-02-18 00:00:00
142947,2025-07-15 00:00:00
142947,2026-01-15 00:00:00
142995,2025-11-13 00:00:00
143017,2026-01-15 00:00:00
143018,2025-03-03 00:00:00
143046,2025-11-14 00:00:00
143046,2025-11-13 00:00:00
143147,2025-01-15 00:00:00
143225,2025-12-18 00:00:00
143243,2025-03-12 00:00:00
143350,2025-01-14 00:00:00
143352,2025-08-13 00:00:00
143369,2025-06-18 00:00:00
143403,2025-06-03 00:00:00
143418,2025-11-13 00:00:00
143594,2026-02-18 00:00:00
143880,2025-08-13 00:00:00
143881,2025-11-13 00:00:00
143883,2026-02-24 00:00:00
143902,2025-07-14 00:00:00
143911,2025-02-14 00:00:00
143913,2025-11-13 00:00:00
143917,2025-03-20 00:00:00
143919,2025-11-13 00:00:00
143928,2025-07-15 00:00:00
143929,2025-08-13 00:00:00
143963,2025-07-16 00:00:00
143972,2025-12-23 00:00:00
143975,2025-06-18 00:00:00
144006,2025-03-03 00:00:00
144016,2025-01-14 00:00:00
144016,2026-02-18 00:00:00
144026,2025-03-13 00:00:00
144044,2025-06-03 00:00:00
144076,2025-02-13 00:00:00
144091,2025-11-13 00:00:00
144204,2025-06-03 00:00:00
144290,2025-11-13 00:00:00
144326,2025-05-05 00:00:00
144416,2025-07-15 00:00:00
144423,2025-07-15 00:00:00
144438,2025-10-24 00:00:00
144440,2025-07-15 00:00:00
144446,2025-03-25 00:00:00
144456,2025-12-18 00:00:00
144459,2025-11-10 00:00:00
144473,2025-02-14 00:00:00
144488,2025-03-12 00:00:00
144498,2026-01-15 00:00:00
144581,2025-03-13 00:00:00
144583,2025-08-13 00:00:00
144584,2025-10-24 00:00:00
144588,2025-06-03 00:00:00
144588,2026-01-15 00:00:00
144599,2026-01-15 00:00:00
144601,2025-08-13 00:00:00
144605,2025-12-22 00:00:00
144606,2025-03-12 00:00:00
144606,2025-09-19 00:00:00
144609,2025-03-13 00:00:00
144609,2026-01-15 00:00:00
144610,2025-07-15 00:00:00
144610,2026-02-18 00:00:00
144611,2025-11-14 00:00:00
144612,2026-01-15 00:00:00
144613,2025-03-12 00:00:00
144613,2025-11-14 00:00:00
144613,2025-12-22 00:00:00
144614,2025-08-13 00:00:00
144615,2025-09-19 00:00:00
144621,2025-08-13 00:00:00
144623,2025-03-12 00:00:00
144625,2025-08-13 00:00:00
144627,2025-09-19 00:00:00
144628,2025-06-18 00:00:00
144633,2025-07-15 00:00:00
144634,2026-02-16 00:00:00
144642,2025-09-23 00:00:00
144649,2025-03-12 00:00:00
144653,2025-03-13 00:00:00
144654,2025-03-13 00:00:00
144655,2025-11-26 00:00:00
144656,2025-07-15 00:00:00
144656,2025-12-22 00:00:00
144831,2025-05-28 00:00:00
144831,2025-12-22 00:00:00
144837,2025-07-14 00:00:00
144838,2025-03-12 00:00:00
144861,2026-02-16 00:00:00
144875,2026-02-18 00:00:00
144878,2025-09-19 00:00:00
144882,2025-04-09 00:00:00
144882,2025-10-24 00:00:00
144887,2025-12-19 00:00:00
144889,2025-11-13 00:00:00
144889,2026-02-18 00:00:00
144891,2025-03-03 00:00:00
144891,2026-02-18 00:00:00
144898,2025-03-12 00:00:00
144902,2025-08-13 00:00:00
144903,2025-06-03 00:00:00
144905,2026-02-18 00:00:00
144907,2025-01-14 00:00:00
144914,2025-10-24 00:00:00
144921,2025-10-23 00:00:00
144925,2025-08-13 00:00:00
144954,2025-02-14 00:00:00
144954,2025-03-12 00:00:00
145002,2025-08-13 00:00:00
145065,2026-02-18 00:00:00
145134,2025-08-13 00:00:00
145177,2026-01-21 00:00:00
145183,2025-06-18 00:00:00
145189,2025-01-14 00:00:00
145190,2025-01-15 00:00:00
145209,2025-09-19 00:00:00
145223,2025-09-19 00:00:00
145225,2025-08-13 00:00:00
145229,2025-07-15 00:00:00
145239,2025-03-13 00:00:00
145242,2025-03-12 00:00:00
145243,2026-01-15 00:00:00
145246,2025-06-03 00:00:00
145251,2025-06-03 00:00:00
145283,2025-07-15 00:00:00
145286,2025-03-03 00:00:00
145304,2025-03-13 00:00:00
145304,2025-11-13 00:00:00
145336,2025-08-13 00:00:00
145343,2025-06-18 00:00:00
145383,2025-02-12 00:00:00
145686,2025-02-14 00:00:00
145799,2025-02-12 00:00:00
145833,2025-01-15 00:00:00
145934,2025-06-03 00:00:00
146112,2025-06-18 00:00:00
146116,2026-01-19 00:00:00
146213,2026-02-18 00:00:00
146226,2025-12-22 00:00:00
146236,2025-07-10 00:00:00
146322,2025-03-10 00:00:00
146376,2025-12-23 00:00:00
146559,2025-10-23 00:00:00
146597,2025-10-23 00:00:00
146879,2025-03-10 00:00:00
147017,2025-10-23 00:00:00
