"Среднемесячная номинальная начисленная заработная плата работников по полному кругу организаций  по субъектам Российской Федерации с 2019 года, рублей","Среднемесячная номинальная начисленная заработная плата работников по полному кругу организаций  по субъектам Российской Федерации с 2019 года, рублей","Среднемесячная номинальная начисленная заработная плата работников по полному кругу организаций  по субъектам Российской Федерации с 2019 года, рублей","Среднемесячная номинальная начисленная заработная плата работников по полному кругу организаций  по субъектам Российской Федерации с 2019 года, рублей","Среднемесячная номинальная начисленная заработная плата работников по полному кругу организаций  по субъектам Российской Федерации с 2019 года, рублей","Среднемесячная номинальная начисленная заработная плата работников по полному кругу организаций  по субъектам Российской Федерации с 2019 года, рублей","Среднемесячная номинальная начисленная заработная плата работников по полному кругу организаций  по субъектам Российской Федерации с 2019 года, рублей","Среднемесячная номинальная начисленная заработная плата работников по полному кругу организаций  по субъектам Российской Федерации с 2019 года, рублей","Среднемесячная номинальная начисленная заработная плата работников по полному кругу организаций  по субъектам Российской Федерации с 2019 года, рублей","Среднемесячная номинальная начисленная заработная плата работников по полному кругу организаций  по субъектам Российской Федерации с 2019 года, рублей","Среднемесячная номинальная начисленная заработная плата работников по полному кругу организаций  по субъектам Российской Федерации с 2019 года, рублей","Среднемесячная номинальная начисленная заработная плата работников по полному кругу организаций  по субъектам Российской Федерации с 2019 года, рублей","Среднемесячная номинальная начисленная заработная плата работников по полному кругу организаций  по субъектам Российской Федерации с 2019 года, рублей",,,,,,,,,,,,,,,,,,,,,,,,,,,,,,,,,,,,,,,,,,,,,,,,,,,,,,,,,,,,,,,,,,,,,,,,,,,,,,,,,,,,
,2019 год,2019 год,2019 год,2019 год,2019 год,2019 год,2019 год,2019 год,2019 год,2019 год,2019 год,2019 год,2020 год,2020 год,2020 год,2020 год,2020 год,2020 год,2020 год,2020 год,2020 год,2020 год,2020 год,2020 год,2021 год,2021 год,2021 год,2021 год,2021 год,2021 год,2021 год,2021 год,2021 год,2021 год,2021 год,2021 год,2022,2022,2022,2022,2022,2022,2022,2022,2022,2022,2022,2022,20231),20231),20231),20231),20231),20231),20231),20231),20231),20231),20231),20231),20241),20241),20241),20241),20241),20241),20241),20241),20241),20241),20241),20241),20251),20251),20251),20251),20251),20251),20251),20251),20251),20251),20251),20251),20261),20261),20261),20261),20261),20261),20261),20261),20261),20261),20261),20261)
,январь,февраль,март,апрель,май,июнь,июль,август,сентябрь,октябрь,ноябрь,декабрь,январь,февраль,март,апрель,май,июнь,июль,август,сентябрь,октябрь,ноябрь,декабрь,январь,февраль,март,апрель,май,июнь,июль,август,сентябрь,октябрь,ноябрь,декабрь,январь,февраль,март,апрель,май,июнь,июль,август,сентябрь,октябрь1),ноябрь1),декабрь1),январь,февраль,март,апрель,май,июнь,июль,август,сентябрь,октябрь,ноябрь,декабрь,январь,февраль,март,апрель,май,июнь,июль,август,сентябрь,октябрь,ноябрь,декабрь,январь,февраль,март,апрель,май,июнь,июль,август,сентябрь,октябрь,ноябрь,декабрь,январь,,,,,,,,,,,
Российская Федерация,42263.2,43062.4,46324.2,48029.8,47926.2,49347.9,46509.4,44961.3,45540.9,46549,46284.5,62239.2,46674.1,47256.5,50947.5,49306,50746.5,52123.1,50145.1,47648.5,49258.7,49538.5,49274.3,69277.6,49516.3,51228.8,55207.7,56613.9,56171.3,58781.7,55169.8,52355.1,54687.1,54649,55639.4,77994.2,55717,57343.6,66757.4,62268.9,62456.8,66572.2,62199.7,59906.7,61878.7,62470,63060.2,88468.3,63260.3,65093.7,71334.4,71203.6,72851.2,76604.2,71419.4,69439.2,70921.5,73829.5,73383,103814.9,75033.5,78432,87739.6,83874.8,86383.7,89144.9,85016.5,82218.3,84324.3,86582.1,86399.3,128665.4,88980.5,89645.6,97645.2,97375,99422.1,103183.1,99304.9,92866.4,96181.9,99707.1,98192.5,139727.1,103611.6,,,,,,,,,,,
Центральный федеральный округ,52944.5,54939.5,60219.7,63711.2,58602,62400.2,59236.3,56709.4,57136.5,58523.2,58058.5,82267.3,58790.3,60058.2,66678.3,63943.2,61580,64941.6,64553.2,60047.3,61712,62683,62634.6,93504.2,62060,66414.3,73321.9,74774.2,69933.7,73177.1,71383.2,66353.5,68697.5,69335.3,70271.6,105705.5,70060.7,74510.6,91197.9,79563.3,76665.8,83082.9,77381.4,74172.9,76851,77421,77901.3,116778.3,77985,81351.5,92905.9,91288.3,88099.7,95179.8,88478.3,85619.2,87731.7,92821.8,90852.6,139515.8,93297.1,99488.8,116439.7,107158.7,105131.1,110067.3,106635.8,101382.6,104051.8,107904.4,107168.5,178092.1,111347.6,112559.4,127989.7,125099.6,121005.9,127369.1,126418.3,116294,119815,125319.1,123489.2,189873.3,133540.6,,,,,,,,,,,
Белгородская область,31858,30679.9,32926.5,33617.2,33899.1,34149.1,35196.3,34048.5,33948.7,35324.3,34084.7,42109.2,35590.6,34484.9,36199,35969.6,36108.9,37516.2,38915.8,36674.3,36500.8,37601.2,36864,45944.9,37801.9,36393.4,39487.2,40280.8,39730.8,41619.7,42958.6,40321.8,40651.2,42444.3,41878,52616,43839.5,42168.6,47558.7,46406.6,46133.3,47677,48265.5,47312.9,45587.3,47737,47482.2,60041.5,48681,47325.8,51414.8,50893.5,52706.9,54581.3,55033.6,54391.2,52906,56284.7,56081,69352,60668,57500.4,62807.9,61818.2,63677.6,64814,67241.3,64291.6,66740.8,66353.8,65553.9,86432.4,69047.8,67969.3,73556.4,71793.4,73165.7,74505.4,75834.1,72559.6,72693.7,74504,73308.6,87799.2,79899.7,,,,,,,,,,,
Брянская область,26826.3,26752.4,27729.8,29055.9,32207.1,31328.1,29353.6,29262.1,29258,29285,29843.6,35188,29470.2,29795.6,30498.4,31635.6,32605.5,32488.6,32183.8,31226.2,31681.3,31402.2,31579.1,38487.4,31237.8,31510.2,33005.5,34577.6,37007.8,38015.8,35232.8,34398.2,35295.4,35929.8,35912.9,44807.9,36024.6,34942.1,38681.3,40238.4,40353.6,42622.3,39574.4,39434.4,39363.3,41936,42405.2,52951.2,42457.4,41656.3,44948.3,44696.3,49268.9,50697.2,46835.5,46093.7,46704.9,48866.5,48982,62502.6,50348.9,50834.8,53997.1,54143.7,60883.9,61870.5,55516.8,55914.2,59869.7,58918.8,58602.8,76868,60678,60389.3,62528.5,62326.5,67547.6,69905.6,64910.7,62607.4,64245.2,65048.4,66930.4,82521.5,67767.3,,,,,,,,,,,
Владимирская область,31220.1,29983.7,30956.6,31668.3,32635.8,34235.4,31298.5,31081.2,31292.1,31885,32206.1,39906.3,32282.9,32167.5,33767.6,32313.7,34325.9,35103.9,33994.4,32389.7,32694.4,34610.6,33853.5,43013.4,33808.2,34569.8,36405.9,37154.4,37454.9,39754.1,37410.1,36360.4,37431.1,37083.2,37575.9,47485.8,37394.4,39289.7,43716,43592.3,44187.9,48068.2,44136.4,44196.2,44551.2,45371,46269.9,57641.2,45523.7,46231.8,49002.1,49184.5,51038,54101.9,51087.4,51143.1,51387.8,52973.2,53673.1,66780.9,54863.3,56327,58976.4,59976,62258.2,66393.3,62433.5,62030,62640.1,64563.5,64043.2,82047.5,66024,66790.2,69292.6,71205,72485,76584.5,73240,70395,71904.5,74826.6,73277.7,91376,77436.8,,,,,,,,,,,
Воронежская область,30413.9,30766.5,32714.6,33632.7,32905.6,34588.2,33562.1,31900.5,32209.8,33703.9,33366.3,40633.9,32755,33788.3,35032.3,34177.4,36550.1,37410,36961.3,34730.6,35744.5,36344.4,35878.8,46193.2,35021,36538.6,39364.6,40725.5,40289.4,42658.3,41371.6,38622.2,39992.2,40104.7,41115.4,52962.4,40535.1,40421.7,45467.2,45424.4,45142.4,48634.8,45056.3,44130.1,45830.7,46644,46979.2,58053.1,47314.2,47264.7,50105.2,51750.1,52756.1,56520.7,51909.4,51260.4,52002.7,53991.3,54121.1,71140.9,55792.8,56370.9,59620.1,60960,61996.5,63878.5,63577.7,60999,61908.5,65085.5,63832.6,85182.7,66949.2,67495.8,71812.5,74072.6,74271.8,77847,77089.4,73483.7,73674.8,76616.6,75489.7,97498.2,77511.5,,,,,,,,,,,
Ивановская область,24711.1,24874.7,26448.7,26454.6,27158.9,28976.3,26417.4,26166.4,26531.2,27174.6,27191.4,35320.8,26415.8,26535.2,27907.1,26770.2,28626,29014.9,27981.1,26115,27391.5,27465,26924.8,36931.9,27240.8,27808.5,29287.9,30101.5,31116.4,35158.5,30723.5,30379,31572.2,31722.8,32623,44832.1,30882.8,31362.9,35285.9,34963.5,35232.4,39363.7,35001.7,34268.5,35059.8,36083,36544,49620.8,36253,36242.6,39369.2,39740.6,40735.7,45054.6,39039.4,39546.3,39780.8,43143.3,43162,59584.3,42819.8,43856.4,46487.9,46679.7,48432.7,52154.4,47619.8,46716.6,47155.9,49859.2,50293,69748,50904.1,50155.8,53363.4,54019.7,55967.6,60537.3,57431.1,52843.4,54408.6,57446.4,57034.8,80025.7,58247.5,,,,,,,,,,,
Калужская область,37273.7,36867.6,39578.2,40955.4,40334.7,43648.4,40314.7,39109.1,40427.3,41050.8,41118.5,51968.6,40332.6,39866.6,42282.5,40644.8,43968.8,44157.9,45363.1,40491.7,42595.6,43817.5,43632.1,55421.6,43940.9,42958.4,46762.4,47383.4,47418.7,50546.5,47836.9,44388.4,46839.3,47949.7,47735.5,60483.4,48431.5,46982.8,53149.7,52000.2,51426.1,54751,52658.7,49193.3,50672.3,53126,53439,65921.6,52950.4,52794.4,57285.9,57246.2,58853.1,62551.6,59430.4,57405.5,58314,61701,61267.6,79186.5,62404.1,63099.2,67426,69933,69225.4,74430.7,69600.6,68552.1,70622.5,74683.3,73498.1,101673.4,75502.4,74070.8,80560.2,80542.6,82031,86564,84743.9,79398.8,81636.5,87223.3,85000.4,106424.7,86553,,,,,,,,,,,
Костромская область,28482.8,26415.4,32675.2,33489.1,30133.8,32220.3,28526.6,27968,29708.8,29926.5,30395.4,37850.5,29871,29882.2,32049,28995,30785.7,31461.2,31760.8,30178.8,31313.6,31959.3,31008.2,43625.1,30871.4,31808.7,33672.1,34403.6,34991.1,37557.4,33911.5,33748.5,35874.9,34053.9,35388.1,43585.9,33951.9,34660.4,39510.8,39353.4,38882.9,41776.5,38908.9,37616,37702.1,39511,40284.8,51550.6,39412.1,40177.9,43457.5,44334.1,44248.9,48506.2,44241.4,43504.4,43986.3,46732.9,46115.7,63286.1,47488.5,48271.9,53154.1,54150.1,54324.4,59192.3,54161.5,53037.3,56419.5,56923.1,55358.8,74848.5,55933.9,56902.8,61537.6,62548.5,61576.6,66660.7,64021.1,58847.1,61198.6,63026.3,61344.7,82856.6,63242.9,,,,,,,,,,,
Курская область,30360.8,29600.1,30118.7,32575.1,32089,33601.2,31706.6,32235.8,32492,33048,32831.3,41056.8,34384.3,32265.6,33112.1,34132.5,36236.8,36662.1,36085.2,34353.7,35290.3,36513,35113.7,46617,35668.9,34839.8,36594.2,40161,40111.4,42549.6,39067,38102.6,39463,40356.8,40713.4,54848.8,39909.2,38697.9,43668.1,44574.1,45417.3,48599.9,43543.9,44339.1,44924.7,46576,46793.7,64068.1,46509.5,45936.4,48876.9,50939.5,52640.2,55227.6,50335.4,50489,52264.6,53746.4,54032.1,74846.8,57195.9,55540.9,59249.6,61543.5,62944.7,65578.1,61574,60950.2,66442.6,65107.9,65545.4,89875.9,65832.9,66052.9,70008,73891,74513.6,78188.5,73074.3,70530.7,74082.8,74897.5,74963.4,108571.6,80660.4,,,,,,,,,,,
Липецкая область,31009.1,30458,37517.4,35131.8,33528.2,34778.6,35393.5,33757.5,33673.7,34133.1,33478.2,44031,34401,33688.3,37486,34953.2,36304.8,35954.4,36658.2,35512.5,35243.3,35509.2,38052.9,47753.8,36126.2,35372.2,41276.7,39372.9,39913.8,41755.7,39683.9,38699.4,39028.6,39204.8,39807.9,51973.4,40334.4,41205.3,55125.9,43467.4,44151.6,47246.5,44357.1,44313.9,43367.7,45007,44814.8,60725.5,45933.9,45232.2,53348.5,49426.4,51705.7,53722.8,51358.7,51058,50941.9,53422.8,53066.5,72031.5,56201.8,57407.4,66735.8,61669.3,63880.8,66670.8,67985.4,64308.8,64628.3,67166.6,66996,97327.2,69681.4,67001.1,76067.3,73128,75407,77767,75506.1,73197.8,73214.2,75905.7,77720.1,101443.5,79449.1,,,,,,,,,,,
Московская область,51067.7,50611.6,54442.1,55096.8,55196.7,58317.4,54098.5,52151.1,53804.2,54939.5,54006.2,68969.6,55236.4,54124.1,57915.1,52093.9,55754.6,57043.7,56200.2,53724.3,55039.2,57519,55641.4,74968.9,56969.3,56126.5,60929.3,62273.7,62918,65598.4,62125.2,59594.3,62832.2,63859.6,64624,83116.6,64417.5,63134,72090.2,68359.1,67118.5,72750.3,67525.6,65718.2,68411.2,69878,70273.5,92464.7,72774.5,72336.7,78263.1,78723.1,79272,84953.7,79930.7,78617.2,82496.3,85938.8,86102.9,110081.6,88323.6,87368.4,94983.4,93479.5,94891.2,99933.8,95690.8,94022.1,96446.3,101062.7,101152.2,137854.2,105527.8,103931,110253.5,111650.3,111927,118785.4,115811.3,108638.6,113364.8,119731.5,116352.5,156426.5,124074.7,,,,,,,,,,,
Орловская область,26451.3,26692.4,27956.7,28574.4,29840.7,31323.5,29334.8,28711.1,28885.3,29425.4,29341.2,38593.5,28960.6,29183.8,30772.1,30635.2,31852.9,33474.7,31802.8,30832.1,31378.3,30501.8,30829.1,41851.1,30323.3,30431.3,32621.8,33692,34669.6,37561.8,34603.9,34087.5,34277.6,35115.4,35148.4,49552.6,34634.7,34747.4,38357.6,38206.3,39517.6,43837.9,38743.3,39328,39768.2,40331,40875.8,57164.4,40928.6,41750.5,44311.7,44446.5,46895.3,51458.8,45195.2,45842,46619.8,47063.5,47051.2,66278.4,48221.9,48727.4,52088.8,52086,55164.6,59800.7,53914.9,54914.4,54107.6,56282.9,56106.3,78415.5,56967.7,57149.7,59225.3,62074,63075,68039.7,63097.7,61670.8,62614.3,63758.5,63052.8,85216.3,64541.7,,,,,,,,,,,
Рязанская область,30488.1,30436.7,31731.3,33808.9,35917.4,35392.6,33577.6,33598.1,33307.2,33549.9,33192.2,42978.8,32856.9,33496.6,35097.9,35362.5,36199.8,38062.8,35988.8,35324.2,35998.7,36244.8,34819.7,46431.1,35317.1,35854.8,38156.2,39630.7,40353.5,43741.7,38994.8,38844.3,40021.2,39582.1,39822.1,53071.1,39898.9,39706.7,43263.3,45533.7,44064.9,47383.7,45099,43508.1,44091.9,44571,45242.1,59974.5,45384.1,46347.2,49166.4,50622.8,52625.7,55754.8,52513.1,51974.7,51683,53603,54478.6,74179.5,54952.5,56900.7,61641.2,59778.5,63352.4,65702.1,61461.5,62642.8,62674.8,64058.7,63925.4,89272.5,65027.8,65201.6,67876.7,70429.8,72925.7,77151.4,71689.8,69656.2,71371.7,73989.4,73115,99204.9,75772.6,,,,,,,,,,,
Смоленская область,28623.3,29074,29830.5,31141.4,31540.7,33009.2,30748,30336,30489.6,31238.7,31078.4,39234.5,31662.8,30725,31731.1,31862.9,32832.8,34578.4,32983.6,31374.4,32655.4,32597.5,31811.7,41718.2,33530.2,32141.7,33870.2,36474.9,35854.3,38286.7,35781.5,34617.3,35323.2,35285.6,36148.6,45852.6,37214.1,35407,39654.8,39500.3,39925.3,43558.1,40139.9,38664.2,40424.9,41733,41527.8,53748.5,43397.4,42467.4,44899.5,46077.1,47657.8,51139.5,47021.4,47268.8,47934.8,49292.9,50186.7,63233.5,52115.4,52141,54941.3,56425.7,58246.6,61616.8,58455.6,57495.5,60041.8,59074.3,58886,77034.9,62230.4,61418.7,64037.1,66428.5,67820.5,72235.4,68524.6,65073.2,68117.4,69473.1,67984.3,87122.4,72780.1,,,,,,,,,,,
Тамбовская область,25793.6,25529.9,27204.9,27528.1,29122.6,30001.4,28088.7,27817.4,28038,28979.1,28932.1,36487.1,28099.6,27685.7,29857.6,29804,31001.6,31405.5,30491.3,29894.7,30438.6,30778.7,30082.2,37267.7,29177.7,29084.1,33132,31853.9,33783.1,34640.7,32430.9,31555.2,33096.6,33301.8,33913.5,48300,33360.8,31790.6,36514.8,36567.8,37462.3,40515.9,36646.3,37317,37978.8,41156,40078.5,52882.5,39564.5,38870.6,42240.2,41561.6,45106.2,46847,42074.9,42934.9,44277,45801.5,46390.8,60613,47321.6,47351.1,51772.8,50906.1,54209.6,56543.3,52342.1,52568.9,56122.5,55708.7,55202.1,69421.4,56861.2,55245,58631.1,59137,63139.1,65001.2,61547.9,61414.1,63973.9,64896.2,65503.1,80205.5,67060.6,,,,,,,,,,,
Тверская область,30517.2,30855.3,31322,32642.1,33392.3,35012.7,32329.9,32321.8,33245.7,33004.4,33168.1,41298.1,33559.9,33250.2,34258.1,34642.8,35613.7,37443.2,33392.1,32064.9,33354.7,34179.8,33736.2,42772.7,34297.3,35613.7,37027,39669,40122.7,42321.7,39498,38118.3,40005.4,39261.7,40295.2,50079.8,39996.7,39249.2,43772.5,44042.1,44642.6,47688,43335.1,42605.9,43422.3,45203,45364.5,58713.1,46276.4,46387.8,49608.9,50553.8,52377.6,55289.1,51081,51080.7,50878.9,53253.4,55803.7,72394.7,56301.2,56864.2,59927.8,62143.4,63517,66622,61895.3,63544.4,62487,63575.3,63888.4,83118.2,65890.5,66679.9,70047.3,71858.1,72563,77169.3,71816.8,69360.7,71087.2,73089.8,72190.6,89779.6,76743.2,,,,,,,,,,,
Тульская область,34211.1,34214.9,36176.2,37376.9,37353.2,39478,37666.7,36565.8,36668.1,37002,36756.7,46503.2,37831.5,37524.8,39144.1,37798.5,39999.4,41047.5,40764.7,38759.5,39092.7,38889.6,38013.9,49280.3,39332.9,38749.8,42352.4,42880,43240.8,45692.1,44755.6,42413.2,43464.5,44258.9,44224.6,55342.2,45862.3,43883.4,49731,46774.6,48331.9,52575.8,48446.2,46961.5,47964,49079,49269.6,62907.9,50539.4,51196,55874,55033.2,56707,61673.9,56692.4,56532.4,57063.4,59140.3,60096,79540.8,61599.8,61978.7,66606.6,68030.6,70261.5,74525.2,71532.8,71433.2,73673,76253.8,74577.7,100180.1,77664.5,74646.9,80187,80744.7,84615.3,87786.1,86144.6,79931.2,81900.1,84006.8,82366.3,104691.1,88415.9,,,,,,,,,,,
Ярославская область,32894.8,32423.8,34849.5,35065.5,35860.2,36954.4,35570.4,33938,34584.9,35357.2,34933.8,44306.8,35137.2,35170,37112.4,36747.6,37313.8,37774.3,38481.2,36705.2,36889.1,37664.3,36836.7,48262.1,37182.8,37035.6,40043.8,41291.1,41291.5,42892.5,41068.7,39044.4,40652.1,40954.3,41916.8,53290.9,41504.6,40189.1,45050,45794,45498.9,48782.2,45332.5,44791.3,45232,46841,47555.8,61578.9,47951.1,47734,50506.1,51937.9,53967.8,56619.8,52556.5,52171.4,52794.1,54728.5,55069.9,73491,55255.6,57193.6,62338,61167.4,64257.7,67672.6,64208,61757.1,65315.3,64658.6,64106.5,85172,65755.5,65949.5,70620.3,70856.5,73462.6,78616.3,72895.2,69381.6,72216.6,73948,74633.9,96770.9,76582.3,,,,,,,,,,,
г.Москва ,79680.4,85370,95178.5,102907.1,89044.8,96029.9,91607.1,86733.1,86684.4,89128.6,88656.5,135374.9,88844.7,92390,105237.5,101551.2,91823.4,98699.7,98930,90304,93061.5,94064.5,95314.1,153647.3,93058.8,104451,116354.8,117768.5,105246.4,109306.2,108519.7,98973.9,102232.6,103393.3,104877.2,172552.9,103123.8,114700.7,146043.5,120501.4,113670.9,123688.2,115293.8,109059.9,113895.2,113163,113722.3,185645.3,111897.8,120097.6,141925.1,137296.4,127327.1,138716.6,128329.3,122328.6,125394.1,134022.8,128848.8,218636.8,131745.4,146247.9,179096.7,157447.1,149755.9,156426.6,152925.5,141998.3,145741.3,151623.4,150390.7,281778.3,156251.4,159697.4,188977.7,180200.8,168437.1,177008.3,178595.5,161100.7,165712.6,173747.6,171302.2,288524,187644.3,,,,,,,,,,,
Северо-Западный федеральный округ,47568.1,48867.6,52222.6,52636.1,52478.6,54543.4,52600.4,49841.2,50199.8,51819.1,51276.6,67627.1,52175.2,53957.5,57574.5,53164,55792.5,58632.1,56710.9,53102.9,55671.9,55752.1,54357.5,74356.6,55636.3,57985,61288.8,62711,62664.4,65476.8,61811.9,58291.2,61462.6,60576.3,61872.2,84161.7,62270.1,65814,73365,69226.2,69580.8,74781.3,68979.4,66016.2,67834,68784,69659.2,96789.8,69711.9,74675,77065.1,77703.5,81174.4,85490.1,78264,75713.3,77154.9,80426.5,79413.1,109015.1,81522.5,87109.1,89915.8,89081.2,92912,96760.6,91400,86845.8,88341.8,91230.5,91554.6,130150.9,93881.3,98196.3,101708.5,101775.7,106176.2,110739.9,103605,96511.1,100315.8,105043,101422.4,141256.8,105696,,,,,,,,,,,
Республика Карелия,38908.4,40103.2,41256.9,41080.3,44490.5,46605.8,42300.9,38989.3,40676.4,41523.6,42187.5,54899.7,42855.3,43708.4,45287.6,44129.4,47312.8,50345.3,45184.2,42065.8,44403.2,46330.5,44047.5,58486.5,46470.3,45324.4,47699.2,48357.7,49983.6,54514.3,47289.6,44533,47473,47753.7,47948.7,64294,51990.7,50751.7,54427.5,52869,57058.8,61260.1,53593.3,51067.2,52995.7,53999,54026.9,71827.3,57634.4,59698.7,60705.4,61112.7,66182.3,71616.3,61706.4,60736.4,62215.2,64768.6,63282,84556.7,69547.9,66612.7,73129.7,70117.6,76057.1,80444.4,70839,67634.2,73579.2,72190,72600.6,91857.4,78074.3,76018.6,78714.1,78309.9,83657.8,91287.2,80783.8,73436.7,78496.8,80913.1,78411.4,99412.9,85208.9,,,,,,,,,,,
Республика Коми,49204.8,48865.1,51055.2,54801.2,56732.2,55070.4,53406.1,51308.9,50025.5,51058,50416.8,66129.5,52853.2,52591.1,54920.1,56629.3,61270.3,59386.3,57577.9,54789,54589,54126.9,52364.4,70421,55538.4,54889.2,57684.5,60229.2,65664.3,62388,60198.1,56515.5,55378,55693.8,56091.6,76377.7,60121.3,60998.2,65816.4,67971.4,70513.7,68816,69147.5,66929.7,64253.7,65817,65408,87936.7,70551.7,69407.8,73659.2,73499.9,86174.2,80083.9,76584.3,73664.2,70970.2,72834.2,73211.3,100862,78762.3,78301.5,82660.4,85875.1,97401.8,89120.2,86772.3,83710.2,79366.6,85033.8,83073.3,121696.4,90620.3,86609.6,90243.3,94981,108330.5,101186.7,97393.6,92331,89112.6,91360.1,89473.1,120208.4,100367.1,,,,,,,,,,,
Архангельская область,48186,47739.1,48215.9,51232.8,54942.5,55929.9,51014.7,48386.7,48744.3,50934.4,50592.8,65000.2,51334.1,52103.8,53034.1,53837.9,58637.1,59331.4,54797.8,51972.2,52974.8,53517.4,51951.4,66942.6,54955.4,54678.5,57129.5,59057,61991.7,66108.3,58114.6,54913.5,58325.6,58104.7,58926.9,77240,60364.8,59201.6,62571.3,64802.1,69186.2,74993.4,65468.5,61829.7,64913,65436,66983.3,88499.4,68303.2,68154,71119.5,72021.6,79040.8,83421.5,72256.6,69274.1,72752.2,74077.6,75362.1,99743.1,77718.7,78570.2,81351.9,81956.2,89561.4,92249.9,81182.6,78109.4,80442.6,83471.6,83644.9,110626,88045.5,87248.4,90725.4,92892.3,100880.7,105342.5,92401.2,85774.2,92013.3,94351.9,92339.9,121135.1,99779.7,,,,,,,,,,,
в том числе Ненецкий авт.округ,83535.1,77082,81916.5,86861.3,99487.2,96825.1,83455.9,83754.8,79467.8,79910,80562.3,105422.9,88943.3,82489.7,87688.4,100623.5,97735.6,100588.7,87824.2,89141.4,84370.5,82288.7,81537.1,112190.1,93699,85311.2,92484.3,96709,102006.7,109432.1,94472,87297.9,88316.5,84579.4,86707.6,120807.1,100573.2,90590.1,99640.1,98936.7,108434.9,123706.1,104649.9,105314.3,97159.4,99801,98345,141152.2,111357,102137.8,112859.8,111520.3,130105.7,124032.2,118375.5,116939.1,106456.6,111728,111811.8,159586,124382.6,115886.9,130306.8,128294,145987.3,139214.7,125061.5,128927.2,124411.6,126491.8,121877.3,199439.9,139604.3,126764.9,141413.7,145183.6,157847.2,159195.5,143749.9,131488.4,149146.3,138229.7,133652.9,191388.6,158248,,,,,,,,,,,
Архангельская область без авт. округа.,45256.1,45281.9,45357.9,48200,51182.4,52467.6,48246,45368.7,46163.8,48515.3,48100.6,61597.1,48127.4,49442,49970.7,49737.9,55301.3,55745.8,51939.6,48763.7,50333.7,51116,49516.6,63216.5,51787.7,52142.8,54225.9,55950.7,58738.3,62540.5,55098.8,52239.3,55869.2,55960.5,56682.1,73681.2,57009.1,56541.8,59401.6,61859.8,65763,70683.4,61989.3,57974.5,62096.8,62511,64306.4,83983.6,64581.9,65175.7,67449.7,68523.4,74562.3,79848.8,68205.3,65072.3,69814.4,70808.6,72197.4,94564.1,73663.9,75261.9,77003.5,77832.8,84539.9,88030.1,77223.1,73525.9,76491.9,79626.7,80239.4,102692.4,83425.6,83674.3,86135.2,88299.3,95846.9,100459.8,87732.2,81659.1,86926.4,90475.2,88704.4,114949.7,94629.3,,,,,,,,,,,
Вологодская область,35049.7,37844,39228.9,37228,38708.1,41146.5,37914.5,38286,38062.4,38567.1,39160.1,48015.4,39123,43973,43283.2,40288.4,42910.2,43989.8,39371.7,38787,41193.7,41975.4,40768.4,55522.1,40913,41679.4,43650.5,43854.8,45702,47785.4,44507.3,43855.9,44311.4,45568.2,45906,57699.1,45365,56822.7,54199.9,50147.3,52556.7,55126.2,51407.1,50376.3,49501.5,52020,52426.6,66913.9,52866.1,57628.8,57654.3,54908.5,60240,62829,56832.8,57070.4,56902.5,58278.6,58659.5,74294.1,68406.2,60048.1,77139.7,64409.4,71978.4,74162.7,69550.2,69071.6,69412.8,70165.6,70211.2,89991,71330.7,79006.4,81508.7,75912.6,82317.1,84522.9,84976.5,76932.4,75986,78710.6,78074.1,98749.7,82615.6,,,,,,,,,,,
Калининградская область,30774.6,31885.7,33783.9,33826.8,33837.9,34236.3,34055.5,33172.9,33050.6,34322.9,33842.8,43649.6,32762.7,34682,36164.5,35111.5,36660.6,36719.5,37575.3,36102,36257.7,37486.5,36719.9,48994.2,35853.8,35978.4,38137.8,40699.7,40776.5,41685,43201.7,39376.3,40118.5,40100.4,42698.4,56955.2,40947.9,42588.2,47092.3,46424.2,45275.6,47593.2,46440.3,44371.5,44556.6,47013,47308.2,63504.6,46929.9,46953.8,50192.8,52402.5,53499.2,56538.7,54794.9,52200.7,52348,56500.9,55133.9,74301,53534.7,56672.7,59911.5,63657.4,63418.1,65212.1,65816,61383.4,64028.7,67878.4,66831.1,92274.3,67316.2,68065.7,72446.7,75893.9,75299.6,79639.7,78130.6,70742.1,76503.1,78056.1,74815.7,102668,78854,,,,,,,,,,,
Ленинградская область,42094.1,42869.4,45187.4,46062.1,46562.4,46009.3,46177.2,45610.1,43971,45368.5,44719.4,53882.7,46145.1,46075.5,47592,47185.2,47544.6,48607.6,49328.3,47057.2,47260.2,47683.2,46562.6,58382.1,48817.5,48003.6,52155.5,52561.4,52349.4,52047.4,53061.5,50864.7,51137.2,51961.1,51634,65566.4,53088,52339.6,59391,58561.4,56724.4,60094.2,58649.8,56917.9,56586.2,58474,57558.9,75691.2,58902.5,60088.3,63894.1,65274,68727.3,68792,66134.7,66743.5,64973.1,67860.3,67344.1,86827.8,70883.4,73298.8,77579.6,78225.8,82015,82430.2,80579.2,79418.4,78816.8,80890.3,80475.7,106060.4,85579.9,85726.4,89881.4,92295.5,94883.6,97017.5,96005.5,91509.7,92231.7,94038.6,92270.1,118778.1,95241.5,,,,,,,,,,,
Мурманская область,55928.9,57704.4,58226.8,64327.3,68241.4,64995.4,64230.7,56403,58669,61823.2,62516.6,82628.2,63045.7,63502.4,65370.7,66855.9,74358.2,70874.2,69117.7,61271.9,63690.2,67154.6,65648.2,93654,69018.9,66803.9,70302.5,76270.1,80189.6,78158.8,73502,66604.3,72965.9,73779.3,75720.8,102626.9,75567.8,75863.9,90936.8,83080.8,91480.9,94708.6,83563.9,76537.3,79308.3,83102,82736.9,125336.1,88374.3,86174.2,90775.8,96192.7,104985.9,102746.1,97554.2,89637.1,91026.1,97522.7,96561.9,138179.7,104545,101960.7,111826.8,109058.7,123889.4,116880.1,114598.7,100647.5,104043,108874.6,107627.9,158511,118716.8,111195.5,117735.9,118097.2,135585.3,129960.3,124298.9,109194.9,115080.8,122775.9,119697.8,181140.1,133433.9,,,,,,,,,,,
Новгородская область,30622.8,29449.9,30892.9,31305.3,32180.1,32809,31947.8,31281.2,30709.1,31036.6,31167.8,37414.6,30700.4,30814.3,31098.2,31213.7,31892.4,32544.8,33614.7,32028.8,32005.3,32228.4,31727.1,39789.2,32179.6,33138.9,36230.1,37248.2,38627.2,39993.1,40793.3,39654.3,41054.9,39539.4,40906.7,54307.8,43793.8,40965.9,44485.7,44668.4,45025.7,47406,47025.5,45948.6,46172.8,46834,47762.4,63732.3,50868.7,47213.5,50117.4,49923.3,53525.7,56604.6,53803.7,52961,54711.7,53847.1,54623,73462.9,59722.1,56501.6,59105.2,59300,63453.6,65316.8,63315,60968.3,61553.8,63472.1,63963.1,89053.4,68078.3,66428.3,69368.5,68476.1,72621.1,72904.8,74405.2,69111.2,68726.6,72196.5,71440.4,92261.9,80609.3,,,,,,,,,,,
Псковская область,26469,26802.8,28260,28485.2,30100.7,31068.6,29024.4,28358.1,28969.5,29060.6,28799.7,36446.8,29207.7,29357.7,30723.4,29632.8,32473.2,33290.9,31401.6,30119,30693.3,31358.5,30027.7,39090.6,31162,31000.7,32816.2,33490.4,34682.9,37478.3,34366.6,33231.2,34965.8,34396.6,34939.6,44194.1,34764.1,34478.7,37210.8,38295.8,38302.3,42097.2,37676.4,37439,38069.7,38714,39410.6,48431.3,39377.6,39669.3,41638.5,41963.3,45012.6,47575.8,43102.5,42707.4,43827.9,45647.1,46158.3,57857.2,47230.2,48853.7,50291.4,50688.6,55470,57125.4,53206.5,53130.6,53783.4,56645.3,56897.7,71951.5,58124.6,56923.7,59591,60243.9,65026.2,66426.9,64667.8,60337.2,61769.3,63756.4,62631.2,80514.4,64723.3,,,,,,,,,,,
г.Санкт-Петербург,56585.5,58625.1,64412.8,63554.9,60751.8,65286.2,63206.9,59249.2,60205.1,62223.8,61141.2,83581.5,62513.1,65249.2,72000.8,62297.6,64265,70493.5,68216.6,63278.9,67935,66952.2,65464.6,92239.9,66077.5,71681,75520.5,76519.2,73943.5,79042.9,73924.9,69558.8,74608.2,72226.6,74143,103796.8,73521.7,79362.9,89679.3,82046.7,80698.3,88481.6,80900,77359.2,80769.8,80747,82449.3,117550.2,80112.1,90107.5,91935.5,92316.3,93366.3,101154.5,91586.5,88163.1,90926,95089.7,93054.3,130720.3,92526,104869.6,104108.4,103552.5,104405.8,112559.2,105689.6,99828.8,101959.5,105122.3,106267,156595.4,106074,115253.1,118565.7,117689.7,119974.6,128048.9,117291.3,109914.4,115411.6,122178.8,116763.5,168165,118782.3,,,,,,,,,,,
Южный федеральный округ  ,30632.1,30962.7,32610.3,33752.4,34552.2,35699.1,33699.6,33609.1,33878,34374.7,33958.7,43590.2,33807.7,33786.3,35884.3,34540.2,36288.3,37165.5,35133.2,34120.7,34810.1,35198,35426.3,47869.5,35652,35888.3,37898.9,39077,39796.1,41568.9,38391.2,37392.2,38703.3,38673.3,38858.4,51656,39411.7,39278.6,43360.7,43876.7,43931.3,46783.9,44245.6,43832.1,44801,45561,45680.5,60557.9,45846,46243.2,49340.5,49176.9,51638.8,54435.8,50988.9,50910.6,51056.7,52411,52536.3,69420.7,53531.3,54224.9,58609.3,59820.6,62247.1,64939.2,61355,60915.9,61599.9,62671.9,62523.5,83241.3,63704.6,62705,66679.7,67942.7,71330.9,74153.5,70804.4,68111.7,69756.5,71290.4,70761.4,93350,74633.5,,,,,,,,,,,
Республика Адыгея,26915,27213.6,28182.2,28801.5,30124.2,31816.6,28033.4,28275.7,29051.2,29390.8,29504.4,37112.9,29390.4,30006.3,30894.6,30243.4,33031.8,33805,30411.8,30435.7,30791.2,31598.8,31336.9,39569.9,31780.2,32044.8,32929.1,34185.5,36037.3,38516.2,33678.1,34003.6,34454.5,35118.7,36711.4,48139.6,36351.4,35390.7,37786.2,37460.6,39591.4,42515.4,38435.1,38621.7,39864.9,40499,42036.5,52421.3,41386.7,40562.7,42197.7,42330,45510.8,48668.1,43512.1,44736.6,46368.5,47134.2,48036.7,59759.1,49580.8,48490.1,51691.2,51901.2,55043.7,58519.6,54087.2,54377.3,57898.2,56914.4,57501.3,70487.8,58821.7,57266.4,60432.4,60428.4,64084.7,68460.3,61187,61268,62333.4,63586.6,64154.2,83213.3,69011.6,,,,,,,,,,,
Республика Калмыкия,25541.7,25691.1,26525.1,27110.2,29734.7,30722.9,26044.4,26755.6,28093.5,27812.7,27729.7,38096.1,27586.3,27923.6,29190.2,29739.7,35245.3,34308.6,30793.1,30414.5,31560.3,31636.2,31202.8,40838.8,30577.7,31558.5,31664.5,32312.5,34904.2,35584,29011.3,29492.2,32887.4,32570.7,32480,44958.2,32119.4,31428.6,33583.3,34147.1,37690.2,40859.1,32293.3,34479.5,35161.6,36182,36219.3,47486.4,37301.1,36710.7,38818,38199.7,42139.1,45240,36560.2,37844.2,38536.2,39856.8,40721.4,56520.1,43280.7,44238.5,46412.2,46552.1,49782.2,53141.9,44464.7,45492.5,48354.8,48249,48005.1,67358.4,53819.5,49332.4,53099.6,52677.5,57513.6,61110.1,51317.5,51533.6,54879,55546.1,54597,76500,60034.9,,,,,,,,,,,
Республика Крым,28117.3,28798.7,31263,31815.1,32625.3,36674.3,31653.8,31273.7,32742,34253.4,32564.9,42504.5,31683.9,31882.1,34519.5,32359.8,34029.4,38144.4,31623.8,30317.6,32195.5,32888.6,31924.1,41839.7,31454.2,33129.1,35580.2,37410.6,37480.2,42373,37863.1,35824.6,38826.4,37869.6,37742.7,50365.7,37548.5,35500.7,38895.5,39619,40539.6,45373.7,40504.8,39592.6,41415.9,42016,41785.7,54369.6,41624.5,41239.7,44495.6,44047.3,45563.7,50707,45173.3,43777.7,45165.5,46908.5,47432.9,64526,46804.3,47673.4,50285.2,51025.2,53513.4,58730.3,52915.6,52247.3,53574.5,55194.2,54778.2,74910.6,56942.8,55843.5,58774.2,60437.9,61898.7,68589.8,63044.1,60432.1,63113,64285.3,65234,85982.6,65349.7,,,,,,,,,,,
Краснодарский край ,32755.7,32575.1,34412.7,35663.1,37331.8,37014.9,35729.3,35948.4,36039.1,36101.1,35334.4,44732.7,35798.7,35216.5,37964.3,36884.8,37773.6,37977.7,35820.2,35182.3,35649.5,36154.8,36661.5,50686.3,37729.3,37431.2,39681.9,40985.2,42406.4,43201.3,39260.8,38862.8,39569,39979.6,39812.7,52537.1,41099.7,42125.3,46892.3,47914.5,46860.8,49190.9,47439.6,47231.8,48236,48531,48751.2,64391.3,48585.3,50677.7,52480.7,52349.5,55685.1,56284.7,54819.7,55312.6,55124.7,56533.3,56320.4,75436,57934.8,58630.2,64057.7,66306,67897.3,70081,65608,66072.4,67168.8,67795.2,67372,89300,68279.5,67167.7,71797,72337.8,79228.7,78333,76221.3,73452.7,74816.2,76143.4,75178.4,99248.1,82651.4,,,,,,,,,,,
Астраханская область,32429.1,32545.6,33296.9,37592.7,35852.2,36910.9,34125.5,35615.4,33875.1,34601.4,35563.3,48355.2,35833.6,37087.1,37723.6,35800.4,43019.5,40067.4,38407.7,38413.2,37366.5,37033.1,36589.2,51306,36995.2,38378.2,39522.4,39694.8,44603.9,43477.1,39902.3,39794.1,40105.3,39695,40202.3,57008.4,40109.5,40764.1,42883.9,42997.4,49018.4,49338.1,45116.7,47209.8,44631.8,45081,45945.6,66337.8,46151.1,46493,49808.6,50751.9,54862,56385.7,51579.5,52335,49866.3,50482.2,51175.9,72546.9,52408.9,53437.3,55979.9,57383.3,62965.3,64330.9,63119.9,61676.1,58065.9,59980.9,60433,82749.4,60471.8,61025,64709.2,68424.5,68618.9,78667.3,67210.1,67113.2,67153.3,67238.6,66974.7,92829,71605.4,,,,,,,,,,,
Волгоградская область,29683.6,30136.3,30806.2,32263.7,33079.2,34025,32690.4,31953.4,31764.2,32191.9,32719.7,41196.7,32591.7,33028.3,34614.1,33771.6,35392.5,35835.1,35962.5,34683.2,35087.7,35116.7,34491.6,46445.6,34984.2,34097.7,36685.6,37920.5,37915.3,39442,37448,36281.9,37267.7,36947.9,37980.1,49900.5,38308.3,37157.6,41524.1,41231.5,41263.1,44264.4,42014.6,40893.4,41152.3,42292,42229.4,59041.3,44937.5,43234.2,46588.2,46786.9,48909.2,51450.5,48462.6,48333.3,48051,49054.5,49431.4,67856.5,51661,51323.1,55355.8,57253.7,58984.5,60653.4,59531,58436.5,58304.3,60112.5,59934.4,81666.1,63510.1,61539.1,65090.5,66664,68924.9,69733.1,69388.8,65830.7,66628.4,67253.8,66954.9,88693.3,70316.4,,,,,,,,,,,
Ростовская область,29599.2,30391.5,32107.2,32768.9,32829.3,34706.9,33163,32769,33285.2,33872.7,33716,42989.4,32942.9,32934.6,34696.2,33201.7,34561.2,36006.2,35263.4,33685.8,34659.3,35094,36236.7,47581.5,35574.2,35699.7,37568.3,38543.5,38016.8,40347.6,38549.4,37005.5,38603.9,38657.3,38693.4,51284.9,39079.4,38718.3,42751.3,43312.9,42797,45790.3,44132.3,43327,44732.6,46126,46134,59076.8,45470.5,45270.9,50022.3,49551.3,51114.5,55750.6,51426.9,50894.7,51453.8,53086.8,53015.9,65493.7,52922.1,54122.7,58569.1,58559.9,61715.4,64308.6,61615.4,60532.2,61175.2,62361.5,62581.6,81831.9,62509.5,62080.7,65986.8,67513.6,68491.1,73857.3,70771,67830.7,69744.7,72575.2,71764.4,92760.7,72306.1,,,,,,,,,,,
г.Севастополь,29865.1,30524.5,34244.4,33104.7,33325.7,36647.9,32916.1,32199.2,33713.3,36182.7,33890.5,50372.4,33314,33747,35471.7,32657,36206,39193.6,33900.5,32810.9,34056,34419.2,33443.7,48712.3,32384.9,38643.2,37462.1,38270.5,37851.2,41696.5,38047,35817.2,38990.5,37863.6,39182.2,53315.1,38441.8,37801.1,40983,39501.5,40736.9,45286.3,39434.2,39005.9,42640.5,42574,42206.9,59469.7,42560.2,43111.6,45724.4,45099.4,45845.5,53057.1,45599.7,44624.2,46044.5,46371.1,47699.2,66892.5,49028.4,50170.1,54846.3,54107.1,55999.3,62893,57063.9,55995.1,58252.3,59260.4,58390.9,79465.5,59654.9,58997.1,62820.5,64830.6,65204.1,70231.9,64321.3,60089,65370.7,66459.6,65874.5,93734.2,69439.7,,,,,,,,,,,
Северо-Кавказский федеральный округ,25673.8,26323.9,27764.7,28296.1,29468.4,31362,28779.6,27490.4,28561.8,29170.9,29140.4,38380.9,29186.6,28819.5,29849.2,29087.2,31737.8,34284.2,30346,29787.5,30748.2,31048.3,30433.9,41637.7,30194.3,30627.1,32054.1,32559.9,33755.4,36096.9,32987.8,31425.5,33053.9,33052.4,33605.3,46355,33456.5,33162,35312.7,35743.3,36588.6,40100,36199.6,35258.3,36358.8,36966,37399.6,50869,37418.2,37398.6,39852.9,39791.3,41701.2,45945.1,40069.4,39481.2,40056.8,41620.7,41950.3,57672.3,42107,43763.7,47022.9,47554.6,50412.2,53617,47127,46036.3,47135.4,48529.2,48634.4,67387.2,48953.6,49619.8,52347.9,52634.7,54629.7,59881.1,55156.3,50498.1,52733.1,54729.8,54458,75605.7,56703.5,,,,,,,,,,,
Республика Дагестан,24082.6,25160.1,26195.3,26574.9,27493.4,29856.5,25748.6,24229,26134.1,26442.6,26644.8,37489.6,26779.1,26898.8,27924.2,27905.8,30448.8,35491.2,25832.2,26960.7,29992.6,29477.6,28894.6,41675.4,28730.5,29079.3,30707.8,30645.8,32395.9,36428.7,29458.6,28800.9,31842.7,32015,32342.8,43711.7,31168.8,31816.7,33081,34084.6,34666.8,40103.2,32830.7,31230.2,34131.4,35093,35156.5,50067.8,35201.8,35522,36765.1,36910.1,38913.3,44516.3,35129.3,34470.1,36636.9,37387,37948.5,53165.8,39102,40466.8,42212.5,42559.3,45136.5,50844.9,41015.9,39278.6,42681,43174.2,43330.1,61088.1,44463.9,44651.7,47904.1,46439.2,49661.2,56601.9,47558.1,43276.9,48406.6,48655.4,49323.6,71373.3,51459.6,,,,,,,,,,,
Республика Ингушетия,25005.5,25319,27312.8,26613.5,31608.5,30650.6,24306.4,25066.2,25718.5,26451.9,27213.6,32969.4,27834.9,27698.5,28309.7,27733,31655.9,35017.3,28841.7,29172.8,30336,29820.2,28424.1,36802.4,29984.1,29952.7,30479.1,31339,35182.4,32092.8,27551.3,27912.4,30722.8,30444.7,30741.6,38358.8,31148.1,31348.6,31350.4,32508.5,37138.2,34808.8,28211.8,29962.2,31100.2,32179,31870.6,41356.9,33090.3,33818.9,34765.4,35483.6,40829.1,39473.6,30563.1,32163.4,33754.1,34713,35073.3,47893.6,37376.2,37755.1,40621.6,38185.8,44980,43854.9,33728.2,36583.8,38703.3,38458.1,38930.8,50159.3,42276.7,40963.1,44328.8,41059.7,50389.8,47861.6,37628.3,39310.4,41364,43284,44081.3,62542.9,47165.3,,,,,,,,,,,
Кабардино-Балкарская Республика,25156.6,25030.4,25503.2,26602.5,27848.9,31457.4,26470.9,25560.6,26689.2,27245,27597.3,36637.5,27758.5,27761.4,27045.3,28005.8,31535.9,35228.3,27221.8,27088.6,28665.2,29741.6,28493.7,40069.4,28987,28762.1,29292.5,30508.9,32609.1,34416.5,28648.6,28132.1,30500.1,30632.8,31156,40422.9,31662.4,31398,32072.7,33520,34835.3,39123.8,30874.5,31759.7,32931.5,34231,34904.7,47622.3,35798.9,35787.4,37022.5,37213.8,39701.5,46732.3,35994.2,36047.5,37897.1,39592.8,40523.9,55536.2,41575.4,42014.4,43232.7,43247.7,47210.7,53610.7,41617,41847.9,44133.8,45196.1,46750.9,66014.7,47302.8,46039.2,48459.4,48443.3,52110.3,60772.1,50270.3,47520.3,50375.2,52163.2,53178.4,73380.7,54856.4,,,,,,,,,,,
Карачаево-Черкесская Республика,25032.1,24379.5,25260.7,25948.6,26733.4,29080.3,27538.6,24923.9,26519.9,26507,26704.6,35726.3,26970.4,27225.6,28643.9,27986.6,28951.5,32800.3,30765.2,28114.7,29088.2,29435.5,29230.6,40028,28936.4,30791,30721.8,31128.2,31233.9,35351.1,33184.9,29040.9,32037.6,29908.4,31210.1,41990.4,31271.4,32079.6,34767.4,34535.9,34725.5,39050.9,35394.1,32739.7,34643.9,33975,35302.2,45018.5,35898.6,35837.4,38153.8,38033.8,39285.6,43781.1,39094,36820.5,39202.4,39246.8,40350.5,55437.4,41245.5,43056.9,45488.7,44589.3,47694,53065.9,45876.7,45359.8,46315.9,46594.9,49838.5,62935,48867.5,49522.1,52497.5,52071.9,53231.3,60263.1,55067.4,48884.7,53804.9,54234.2,53958.7,74066.1,56333.6,,,,,,,,,,,
Республика Северная  Осетия - Алания,26058.3,25427.4,27283.9,27567.5,28872.5,31415.2,27614.7,26291,27199.6,27633.7,28587.5,37486.8,27596.4,28462.6,28437.1,28801.4,32912.2,32720.9,29353.3,28258.1,29128.5,29881.7,29134,40572,29595.1,29822.3,30820.4,31555.2,32916.2,36492.7,30423.8,28681.4,31414.8,30665.9,32278.4,46564.1,31587.5,32620.7,33760.5,35259.9,35915.6,40712.6,34274.9,32675,34472.6,35600,36634.9,50829.3,36847.9,37794.9,38752.4,38969.1,40110.4,46316.2,38724.9,37433.7,38751.6,40149.6,41803.7,55482.2,41703.2,43363.5,44388.8,45206.2,48168.9,52636.6,45726.5,42691.2,44455.9,46026.9,48297.9,65020.3,48848.1,49235.7,50201.3,50977.1,52617.3,59334,53883.3,47960.6,50456,52284.6,53512.2,75617.2,55575.9,,,,,,,,,,,
Чеченская Республика,25024.4,25882.5,26478,26595.1,27716.5,27442.8,26650.1,26097.8,28596.8,28748.4,29397.3,34336.1,27109.4,27979.8,28855.5,26946.9,29962.7,31750.8,28765.7,28555.4,29622.2,28606.2,28909.6,36466.3,28258.2,29203.3,29712.2,30246.7,30167.5,31085.4,30363.3,28371.5,29898.1,29590.4,29620,44789.4,30112.3,31684.7,32119.7,32833.1,32940.5,34183.3,33844,33126.1,33264.3,33373,35066.9,42632.9,34457.2,34102.2,37426.1,36199.2,36267.7,41695.2,35318.3,35698.6,36522.1,38047.7,38511,47982.7,37882.4,39663.3,40644,40128.6,41495.4,46748.4,38651.2,40032.5,39930,41324.1,41544.4,54340.7,42535,43981.9,45879.8,43720.5,46180.8,51934.4,43387,42326.7,44616.8,46890.4,46740.1,60913.1,46281.2,,,,,,,,,,,
Ставропольский край,26937.4,27940.8,30019,30783.8,31812.8,33887.7,32457.7,30994.8,31099.3,32163.8,31396.9,41637.9,32327.9,30848.7,32526.7,31087.6,33321,34700.6,34441.1,33009.5,32579.9,33681.7,32892.8,44650.6,32323,32659.8,34839.4,35465.4,36453.7,38413.7,37953.3,35988.3,36150.5,36581.2,37181.9,51073.6,37331.4,35273.7,39216.8,38798.9,39718.1,43017.6,41425,40506.7,40649.4,41112,41084.5,56799,40851.9,40510.9,44030.6,44172.6,46512,49079.8,46971.9,46140.6,44930.4,47252.6,46900.4,66313.4,46284.6,48377.7,54386.4,55941.7,58878.6,59143.2,56888.2,54860.1,54658.4,56944.2,55788.9,79198.2,54967.6,56400.9,59393.2,62169.5,62426.9,66096.2,67373.7,60520.2,60573.3,63837.7,62281.8,86202.8,65843.8,,,,,,,,,,,
Приволжский федеральный округ,31086.9,30951.5,32820.4,33764.6,35292.1,35570,33677.1,33441.9,33368.9,34276,34556.1,43786.1,33918.4,34102.8,35711.4,35161.6,36960.7,37532.3,36236.8,35462.8,36215.4,36350.4,36278.6,47607.1,35974.6,36324.5,38666.7,39617.6,40583.5,42397.9,39386.8,38399.8,40151.6,39758.8,40981.5,54217.4,40449.1,40307.1,45408.4,44847.1,45733.1,48060.9,45692,45019.5,45778.5,46454,46870.7,61730.7,47101.4,47782.3,51385.3,52540.4,54867.7,56550.2,53995.7,53551.6,53906.1,55490.6,56044.4,73748.6,56441.6,57406.4,64219.5,62566.7,65448.7,67233.9,65522,64431.5,65999.7,67293.5,67339.4,92468.7,68265,68570.1,73343.6,73936,77307.2,79815.6,76920.7,73461.1,75779.8,78135.2,77637,102658,78747.3,,,,,,,,,,,
Республика Башкортостан,32247.7,32332.4,34995.8,35840.8,37403,38719.4,36098.9,36540,35779.2,36638.1,36266.7,44208.2,35783,35570.2,36571.2,37123.9,37889.7,40278.3,38271.2,37854.2,38357.6,38324.4,38396.9,50612.9,37562.8,37332.2,39673,40709.3,41932.6,44250,40641.2,40431.8,41138.1,40817.7,42233.3,53046.9,40859.6,41347.1,46578.9,47306.8,47524.2,48574.4,50638.6,48605.4,48392.2,48456,49085.4,61537.2,49598,49426.5,53658.3,54070.4,56844.9,57205,58783.9,56414.4,56129.9,56903.3,57408.5,73603.5,57085.9,59165.4,67183.1,64284.1,67064.7,66867.8,66274.1,66754.4,66874.9,67533.8,67365.7,92434.6,67023.5,67579.5,71600.9,72333.1,74955.7,76176.4,74376.6,71395.4,72466.3,72974.7,71893.9,97921.1,74274.8,,,,,,,,,,,
Республика Марий Эл,26937.7,27259.3,29577.5,28673.8,30441.6,32609.5,29234.4,28907,29283.9,29253.9,29829.2,37445.7,29153,29516.1,30832.5,30360.5,31683.9,33868.1,31256.3,30680.1,31028.8,32249.7,34519.5,40669.3,31412.7,31441.3,32823.5,33601.9,34760.3,36860.5,33919.9,32547.6,34040,36487.9,39777.4,44749.8,33215.6,34418.3,38140.8,38299.8,39137.6,42639.7,38381.8,38082.3,42537.2,40635,41871.2,53734.5,40282.5,42148.4,43750,44112.3,47902.1,51363.7,46997.9,46961.4,47442.9,52049.6,51074,65951.1,49912.7,52184.6,54782.7,56604.4,59508.8,62446.3,58787.5,59332.4,59463.3,61520.6,62621.4,78911.3,63153.2,63454.4,66537.5,67616.9,70004.6,74543.4,69890.9,67045.4,69595.2,70567.3,70152.2,91230.3,71125.6,,,,,,,,,,,
Республика Мордовия,25888.4,25899.7,27262,27549.2,28245.9,29353,28917.6,28457.8,28060.8,28474.7,28739.4,35726.4,28004.7,28514.2,30140.7,29262,30696.8,32076,31681.7,31408.2,31551.7,31031.9,30595.8,37870.5,29932.4,30404.1,32771.3,33287.9,33692.9,36170.8,36149.6,33516.6,34476.1,34373.7,34855.6,43666,34797.5,34202.5,38491.8,37675.8,39758.7,40841.4,39436.9,39158.7,38604,40103,40108.6,50596.3,40759.8,39745.9,42154,44909,45444.3,47801.4,47118.2,45933.2,45442.3,47117.8,47451.5,60014.8,49968.3,49499.7,52786.6,54871.3,55643.1,58529.1,57163.5,56204.9,55929.5,58715.7,58275.9,76145.8,60170.1,60051.5,63135.1,65823.8,65308.8,70924.3,69282.1,64834.9,64976.7,66594.4,66480.8,87116.8,69342.4,,,,,,,,,,,
Республика Татарстан,34407.2,34001.9,35335.3,36837.1,38732.2,37517.8,35972,36363.1,36885.1,37708,38289.2,47499.6,37039.9,37151.5,39071,37078.3,39019.6,38555.8,37663.2,38034.2,39487.5,40151,40043.8,51855.1,39571.1,39563.1,41655.5,44211.5,45758.6,45136.4,42391.3,42153.5,45498,44474.8,45975.6,61858.7,46324.5,45888.6,51073.6,50580.2,52789,53489.5,49201.8,50314.6,51331.7,51681,52143.9,68815.3,53633.1,53645.2,58233.4,58907.2,62813,62557.4,59578.3,61542.6,61989.7,62459.8,64658.5,81985.2,63410.3,63627.5,72409.7,70148.2,73010.2,73746.2,74986.3,74697.2,76934.2,76876.7,76173.6,109126.7,78003.2,77912.3,84832.8,83836.5,89271.2,90212.2,86695.6,86192,92001.8,93970.8,95728.9,121005.9,92457.6,,,,,,,,,,,
Удмуртская Республика,31144.4,31185.1,31956.9,33386.3,36634,35149.6,33547.9,32748.4,33752,33785.9,34140.8,41051.4,33974,33833.5,34772.7,34956.7,37341.5,38074.7,34884.3,34653.5,35189.8,35036.2,35033.7,43570,36196.1,37008,39708.8,36642.8,38002.7,40583.6,36758.6,35390.8,37394.8,37985.2,39681.1,47413.7,38908.8,39613.3,43362.9,44172.5,44420.5,47265.8,44252.1,42552.7,44183.9,44931,45694.3,56153.3,46624.8,46308.2,49563.8,50524,51106.9,53673.6,50748.6,50013.1,53425.1,54103,54241,67970.3,56404.3,56927.1,62513.2,60115.5,63278.6,67592.2,62262.2,61664.8,66408.7,69044.2,68607.7,88224.8,70843.4,68995.5,73807.6,71634.4,76238.3,81471.1,75955,72195.7,76409.6,80026.2,78957.7,101961.6,82306.3,,,,,,,,,,,
Чувашская Республика,26271.1,26202.7,28228.8,28868.7,29795.7,31481.2,29043.5,28797,28999.1,29844.4,29858.5,38179.6,28807.1,29268.2,30823.9,29994.3,31916.5,31789.3,31131.1,31331.5,32100.6,32846.3,31232.4,41331.3,30794.8,31112.8,33746.1,34408.4,34889.1,38061,34316.4,33150.3,35781,35201.1,36900.3,48008.2,35014.6,35347.1,39406.3,39528,39999.6,44165.3,39359.5,39614.8,40821.2,41182,42446.2,56053.7,42392.6,42869.9,46652.1,47122,49195,53490.2,47830.1,49322.6,49523.9,51354.1,52804.1,68656.7,50812.2,52380.8,56825.3,56259.7,59914.2,64250.7,58822.8,59188.8,60666.2,60882,60687,82495.3,60862.3,60864,65095.3,65279.3,67661.9,72807.5,69499.3,65161.1,67013,69035.7,65980.9,90184.4,66528.5,,,,,,,,,,,
Пермский край,34034.9,33932.4,36919,37720.5,38887,40613.7,37149.8,37066.6,36947.9,37772.9,37986.4,52683.6,37013.6,37849.3,40480,39337.5,41926.6,42885.3,39894.6,38803.4,39018.4,39847.2,39849.9,55548,39090.6,39175.5,43015.6,43842,44829.4,47071.9,43108.2,42557.6,44106.2,44631.6,45746.1,64960.2,45151.3,44301.7,52087.3,49842.6,50726.1,53971.8,49145,49503.6,49626.2,51506,51479.4,74055.3,50914.3,50632.2,56085,58113,59798.5,63680.2,59010.1,58161.9,58311.7,63268.4,61584.8,87374.8,61467,63415.8,69080.9,71263.1,72577.9,74983.5,71174.5,70487.7,71688.1,73019.3,72578.2,103878.1,72614.9,72531.7,79247.3,80899.2,83991.9,86864.4,82790.3,78352.5,79702.2,84419.3,82597.3,113362.1,83098.4,,,,,,,,,,,
Кировская область,27406.1,27303.4,28365,29318.3,30267.1,31507.1,29700.5,28940.4,29118.6,30076.8,29574.2,35938.8,29934.7,29886.8,30951.3,30889.3,32807,34058.5,33285.7,31737.6,31966.6,32304,31588.4,38921.9,32254.4,31695.6,33355.6,34460.2,35165,37328.1,34972.4,33969.8,35706.1,35109.2,36013.7,44649.8,35751.5,34438.9,38564,39307.5,40221.1,43598.9,40081.3,39422.9,40173,41521,41105.6,51050.1,42520,42275,45357.6,45426.8,48166.6,51459.1,47008.8,46858.7,47108.7,48656,49106,61427.6,50289.4,50763.6,54023.6,54256,57006,59936.5,56974.8,55793.9,57553.4,59743.7,59069.5,74445,61400.3,60176.6,64020.3,64664.8,67825.4,71158.5,68372.5,64110.8,65920.9,68131.1,68206.8,81928.5,69994.3,,,,,,,,,,,
Нижегородская область,32998.1,32040.7,34734.9,35952.4,35354.5,36656,34646.4,33908.6,34011.7,34867.4,35876.3,48768.4,33658,34897,37475,35818.6,36532.6,37309.6,36631.9,35633.6,36842.5,36558.2,36702.7,50996.3,35032,37797.8,39414.9,40177.9,40432.5,43070.8,40049.2,38529.4,40763.3,40162.7,41156.1,57357.8,39927.5,41413,46536.3,44097.2,44029.7,48735.9,44438,43273.2,46494.7,45795,46238.7,65382.8,44295.5,48609.8,50884.5,52889.4,54307.7,57635.7,52243,52066.1,52649.3,54092.9,54862.4,74418.5,55658.8,56479,63032.8,62612,65393.3,68514.9,66201.9,63412,65729.5,68937.5,69718.2,97867,70123.6,72101.2,77873,77841.6,80231.1,84105.3,81229.5,75725.2,78301.2,81913.4,81274.3,108459.9,81209.6,,,,,,,,,,,
Оренбургская область,29873.9,29847.1,31129.4,31494.2,35199.5,34605.5,32389.9,32978.7,32197.6,32594.7,32068.6,39632.4,33161.3,32512,33899.6,32892.8,38175.5,36638.8,34462.1,33776,34614.1,33581.6,33373,43506.7,34600.8,34801.4,36957.7,37240.7,39920.9,41180.7,35715.2,36275.6,37842.8,36800.3,37021.2,49390.6,38571.7,37491,40257.5,41420.9,44213.8,45410.5,44349.1,43102.4,42599.5,43318,43806.3,57243.5,45804,46758.1,50770.5,50223.3,55206,55458.2,50818,50290.2,51742.3,52159.8,53414,73256.1,54014.4,56552.3,63514.8,58824.6,65083.5,65385.2,60532.7,60386.9,63337.7,63441.5,62144.4,85995.9,64597.7,67594.5,70836.5,70344.2,77082.9,80037.8,72750.2,72356.5,72384.9,72499.4,71484.3,96176.7,74546.3,,,,,,,,,,,
Пензенская область,27495.9,27590,28438.3,29468.1,31291,30545.2,30425.1,30167.4,30465.2,32014.6,32265.1,39294.9,32709.6,32261.8,31437.6,31201.1,33446.4,33294.8,33042.1,32448.8,32142.9,32710.4,31820.9,40926.7,34441.2,34167,35744,36167,36535.2,35603.9,35933,34531.9,34468.1,34338.9,35247,45513.4,36284.1,35457.3,40497.3,40090.9,40196.8,42475.7,41097.6,41117.5,40278.6,41465,41936.5,53931.6,42245.2,41524.4,44373.9,46282,47475.2,49151,47453.8,47951.6,47208.4,49322.3,50408.2,64665.6,50045.2,49799.6,54304.4,53619.1,57496.3,57837.8,57818.1,57374.3,57409,58847.3,58471.8,76716.4,59500.8,60158.1,61864.8,64797.6,66731,70721.5,68129.4,65801.7,66136.5,68457,68491.4,86694.1,70420.4,,,,,,,,,,,
Самарская область,32398.5,32752.9,34725.5,35407.8,38325.1,37696.9,36509.9,35274.4,34856.5,36266.9,35895.8,44669.5,35214.8,35604.9,37044.3,38012.2,39209.8,39427.2,39159.9,36723.8,37862.3,37841.2,37967.5,48982.7,37493.5,37417.7,40685.6,41675,42593.6,45906,42887,40086.8,42155.4,41189.2,42668.5,57986.6,42012.7,40807.3,47751.3,45889.9,46176.4,48460.7,48275.6,46584.5,46610.6,48490,48447.8,61581.9,48037.1,48453.4,52622.6,54052,55948.1,56224.9,56826.5,55188.8,55199.5,56184.1,55964.3,74108.1,58460.8,59042.8,70625.7,64081.6,65963.8,68406.8,68094.2,64282.1,66668.3,66405.2,67953.8,93504.7,68661.4,68356.8,72760.7,74631.6,77476.4,78391.2,78228.5,71935.7,72812.1,75877,75184.1,102585.4,78781.6,,,,,,,,,,,
Саратовская область,26047.4,26104.2,27452.4,28427.7,28771.5,28691,27251.7,27029,26647.3,28224.3,30212.9,37413.4,30366.2,30367.3,31690.9,31905.8,33849.8,34351.1,33673.9,32768,32972.8,33004.9,32738.3,43019.5,33113.3,32794.4,34758.1,36666.8,37283.1,38891.4,36636,35968.7,36652.8,36569.8,37145,48589.2,37354.1,37035.4,40803.4,41012,42361.1,43890.1,42024.1,41538.4,41183.1,41619,42199.5,56733.3,43311,44337.2,46052.1,47913,49861.3,51354.4,49907.1,48715.3,47571.4,49937.1,50285.9,66095.7,50947.1,51375.1,54872.8,55265.9,59271.4,59637.7,57667.7,57721.3,56382.5,58665.9,58513.3,75945,59878,59166.6,62007.7,64405,67593.3,68425.1,66961,65426,66955.8,67720.6,67737.3,90041.6,69880.6,,,,,,,,,,,
Ульяновская область,27837.2,27855.3,29144.5,29981.3,31028.6,31643.7,30244.9,29803.3,29508.6,30637.9,30511,39100.6,30707.2,29566,31516.8,31324.8,32567.1,33522.1,32586.5,31376.2,32086.6,32369.8,32911.9,41241.6,33136.8,32517.1,34489,35954.6,35277.8,37046.5,35709.5,34700.8,35185.3,34805.2,36432.2,46633.3,35904.5,35154.6,39099.9,40135.5,40376.3,42741.4,40376.9,39503.1,39983.5,42487,43415.7,53160.2,43224.4,42477.2,45410.6,46804.4,47534.1,50297.9,47899.1,46235.9,47268,49791,50162,68693.9,50591.4,51102.1,55374,55803.4,58202.4,59829,59435.6,56726,57414.2,60719.6,62541.5,82841,61321.6,62292.8,65742.5,67076.9,68848.8,71718.5,70049.1,64358.8,67671,71355.2,68820.4,94327.9,71581.3,,,,,,,,,,,
Уральский федеральный округ,45682.9,46073,49298.7,50983.4,55333.8,53667.4,49467.8,47811.7,49062.3,48679.6,47857.9,64592.5,49402.4,50456.6,53277.6,52225.9,59004.1,56510.2,52202.5,50327.2,53038.2,50841.7,50424.4,70683.8,52149.1,53944.9,56931.9,58804.1,62654,65657.7,58053.7,55373.4,57997.3,56703.5,57555.6,77701.4,58899.2,59386.4,66964.5,65362.1,69392.6,71629.7,68705.3,64195,67143.9,65982,66218.3,90517.9,67247.6,68715.1,73632.8,74153.2,81463.1,81943.9,77643,73553.2,76202.5,76257.6,75645.9,103136.3,78898.2,82363.2,90893.3,86722.8,95217.9,93959.1,88096.4,87813.1,91073.8,89625,88586.8,124728,91417.6,92918.7,98236.7,99641.3,107995.5,107971.5,100607,96398.5,99655.8,100337.5,96988.6,133071.1,102713.3,,,,,,,,,,,
Курганская область,27616.3,27309.8,28371.6,29403.3,32226.7,31773.2,29316.3,29879.2,29579.9,30252.8,30033.3,38667,30060.2,30394.3,31049.2,31928.1,33571.7,34438.6,32468.9,32267.7,31895,30874.2,30813,42649.2,32516.3,31666.4,33879.6,35181.8,35899.3,37793.9,34314.3,33375.8,35033.4,33936,35100.6,45577.7,34409.5,34257.5,37270.6,39562.8,39899.7,42963.5,38367,38950.3,39911.6,41647,42205.7,57025.2,41724.9,42557.6,45608.8,46092.1,51659.5,53071.6,48611.5,48575.2,50371.8,51019.6,51732.1,69780.8,53234.8,54942,58367.8,57243.5,67221.7,64441.8,58950.4,62265.2,61388.1,61936.3,63308.5,86342.7,65918.6,65152.8,68515.1,72262.3,75164.2,75408,71906.1,70468.3,69175,70987.8,71141.6,97916.2,71934,,,,,,,,,,,
Свердловская область,37209.7,38084,39128.4,40168.2,41689.2,42702.4,40272.8,38623.8,39653.4,41078.8,41155.3,50909.2,41080,40941.1,42066.5,41114.3,44012.2,43900.8,41649.9,41199.1,42241.4,42630.1,42537.1,54298.3,42947.2,43412.8,45512.5,47999.8,47890.1,50998.6,47280.2,45779.4,47976.3,47861.9,49691.5,62811.5,49323.2,48097.8,54381.5,52791.4,53725.9,57345.1,53706.3,52473.3,54516.7,55620,56705.2,73725,56305.2,56538.2,60719.1,61464.4,62662.5,66946.5,62718,61957.3,63172.4,65910.1,66441.4,88578.4,67243.8,70744.7,73443.1,74965.5,76166.6,80217.1,75553.3,77870,77878.1,80369.2,80338.1,104639.4,80713.4,81782,85190.4,87818,89796,93920.8,87142.7,85542.3,87070.9,89753.3,88113.5,110719.8,92001.6,,,,,,,,,,,
Тюменская область,64407.8,64397.2,71192.6,73571.8,83024,76769.2,70051.8,67849.4,69344.9,66332.9,64492.5,93715.5,68706.1,71615,76156.3,74904.3,89253.2,81710.4,75053.7,71242.1,76243.5,70398.3,69703.1,105852.3,73565.6,76957.8,81268.2,82076.1,92697.1,95979,81322.3,76753.5,80796,76711,76473.9,110645.6,80793.5,83559.3,93029.5,91167,100074.3,100810.4,99299.4,88860,94342.8,88332,87292.3,126390.7,90950.1,95259.6,101275.4,100322.7,117640.1,112554.7,108521.4,98805.4,103692.5,99406.1,96866,138656.3,102950.9,109311.3,126753.8,113019,132316.4,124334.8,115927.9,113623.4,120321.5,113387.4,110570.7,172679.9,117773.2,120731.1,128561.8,127427.9,146912.5,140830.3,128773.6,122652,129138.5,125655.3,119552.9,182934.2,128677.1,,,,,,,,,,,
         в том числе:,,,,,,,,,,,,,,,,,,,,,,,,,,,,,,,,,,,,,,,,,,,,,,,,,,,,,,,,,,,,,,,,,,,,,,,,,,,,,,,,,,,,,,,,,,,,,,,,
Ханты-Мансийский  авт. округ - Югра,66308.3,65384,73414.8,70581.8,85427.3,81566.7,72130.1,68392.5,75149,67764.9,65039.6,101982.7,69516.2,72049.6,77969.6,73349,89603.1,83854.5,76072,71947.5,79628.4,69536.1,69722.5,112294.8,72687.4,76345.6,83301.1,80614.2,89757.4,102944.5,82180.5,75737,86099.3,76840.4,75844.8,120180,80837.2,84063.7,94812.6,91520.8,98215,107332.3,104483.7,88219.8,104046.8,89343,87375,137985.7,91666.8,93336.1,104592.5,96132,115411.4,119269.9,112563.7,97186.9,110242.6,99060.1,97472.2,152302.1,103864.2,108951.3,132623.9,110822.7,128996.5,131553.3,116440.8,111166.9,128870.1,114987.8,113220.9,188051.8,118929.7,121481,134479.6,125013.9,146145.1,148659.6,129626.2,120038.6,136916.4,125006.5,120314.5,199885.5,131172.5,,,,,,,,,,,
Ямало-Ненецкий авт. округ,91442.4,92193.3,96390.8,117691.1,120671.2,104035.1,97385,97365.1,89703.2,90694,89778.2,116810.4,98644.7,101040.1,104927.3,111954.9,141319.3,117335.2,106530.7,100890.2,105397.7,100601.9,96622.2,140808,107511,109692.6,110890.7,119136.9,143478.8,127718.9,110478.8,108319.5,104116,105655.6,107161.9,137678.7,116828.1,119509.6,130343,130037.6,158333.2,135764.6,133317.8,127192.6,119453.1,121688,120919.4,158709.5,128382.8,136318.6,138093.5,152128.5,179682.6,148290.1,144786.2,140714.6,135115.4,135405,131641.2,168089.3,142150,149951.1,169290,162204.5,201525.7,161503.2,158676,162237.4,150642.3,150107.3,146818.4,209624,161099.2,163718.1,167536.5,184771.2,217381.7,183631.5,173695.7,173480.9,162153.6,168194.6,157915.3,216795.7,171498.2,,,,,,,,,,,
Тюменская область без авт. округов,42425.4,43173.7,49636.4,47123.5,52382.1,49586.4,47227.6,45805.9,45258.9,46342.7,44906,62779,45331.7,48989,51524.9,49862.5,49993.8,51452.1,49253.9,47146,47887,48417.7,48653.2,67660.5,48397.2,52056,54392.5,54908.2,57001.8,59034.8,56662,53234.8,53377.8,53482.7,53142.4,73555.2,52587.4,54701.3,60790.8,60039.3,57239,63024.7,64176.1,59702.5,58953.3,60342,60544.2,82126.3,59974,65499.1,66425.6,65588.4,71459.4,73206,72965.9,67849.6,67772.6,71028.2,67938.4,92894.4,70132,77525.3,83401.8,77522.3,82881,83513.8,81555,79472.4,83011.7,82231.2,78315.8,119672.5,82673.8,86588.1,89386,87502.1,94329.7,96094.1,93418.7,88266.1,92042.6,94370.4,89245,130819.5,92623.6,,,,,,,,,,,
Челябинская область,33803.1,34167.4,35697.2,37392.4,38403.8,39457.9,36161.2,34930.6,36407.3,37183.9,36470.5,46361.1,36351.3,36357.1,39409.6,37887.4,39734.6,41022.6,36902,35670.4,38005.1,37272.1,36801.5,47208.8,37045.2,38767.7,41184.6,43838.1,43724.3,46217.3,43001.1,41215.6,42517.6,43729.6,44802.4,55677,44301.2,43084.2,50409.1,48512.6,50033.6,52254.4,48250.9,47354.5,48132.3,50714,51735.1,65198.1,50962.4,50216.8,54821.8,57252.4,58312.5,61604.2,56748.9,55864.9,57361.4,60232.5,60699.6,75548.4,63557,63051.5,67450.4,69323.2,71695.4,73125.8,69285.1,67721.2,71369.2,72214.9,71953.6,88231.6,72059.9,72316.3,76980,80064.8,81814,84696.2,82978,77365.5,79326.1,83171.4,80799.4,96896.7,85029.9,,,,,,,,,,,
Сибирский федеральный округ,36850.8,36979.8,39646.5,40439.1,42374.5,43223.8,39343.9,38434.1,39406.4,40701.1,40558.8,51825,40438.5,40004.9,42544.2,42944.6,44954,45979,42431.8,41327.9,42388.1,43077.4,42813.9,56800.5,43450.9,43024.4,45732.6,47586.1,48592.9,52282.2,46431.2,45345.6,47481.2,48385.1,49405,64196.4,49075.7,48417.5,56768.6,53736.2,55191.3,59183.9,54605.5,53196.9,54884.2,56106,57231.9,74342,56830.8,57224,62183.4,62151,65348.1,68165.4,62841.5,61683,62806.9,65872.2,66608.9,86852.9,67616.3,68593.6,76031.7,73243.5,77383.3,80024.2,73975.6,72769,74757.1,76901.2,77018.8,103553.5,79342.5,77829.7,82528.4,84525.5,87874.7,91242.1,84956.8,80029.7,83392.5,86745.6,85658.1,112762.4,88744.2,,,,,,,,,,,
Республика Алтай,28847.6,29913.5,30758.1,32062.6,34081.1,37510.1,29908.7,29581.9,31943.9,32342.6,32499.5,44851.1,32042.2,33321,33728.6,34283.5,38670.7,39969.5,33646.7,34018.7,35308.2,35572.5,33864.8,49743.9,34914.8,35399.9,36530.5,37403.7,39331.4,43868.2,34502.5,34657.5,38977.6,36665.6,37493.7,54672.9,37723.8,38690.8,40449,40992.9,44358.2,50424.2,39357.8,39041.3,42685.1,42095,42924.3,62580.4,44333.4,46534.4,48396.7,48418,51163.5,57475.9,46457.2,46354.5,48483.9,50759.8,51298,72276.1,53374.8,54456.8,57011.3,58117.6,61298.6,68603.4,55589.5,56591.4,65224.8,60851.4,62001.3,92288.9,63879.2,64491.7,66395.7,66988.1,74785.4,82197.5,66503,63303.1,72334.9,71680.6,74284.3,108479.8,80180,,,,,,,,,,,
Республика Тыва,35918.3,35430.4,37273.4,36810.1,40270,48554.1,32712.6,34803.1,37009.5,37667,43126.7,51057,38150.9,38862.7,41033.5,40108.1,46868.3,51303.5,38361.4,39447.7,42565.1,42318.3,49214.7,58237.4,41431.2,40714.5,42948.9,44243.7,45187.1,57797.6,37539.8,37970.9,44437.4,46550.4,54092.1,60189.5,45955,44317.7,48654,49172.1,54003.2,63716.4,41385.1,42472.6,48491.7,49642,58119.6,69914.8,51564.7,51518.8,55406.3,53816.6,65299.8,67202,46686.2,47761.8,52894.3,56061.1,65155.1,73369.5,59553.4,60350.3,62937.1,63456.6,78955,71572.5,56081.7,55854.2,64195.1,65392.2,76478.5,87264.4,70924.8,68203.9,70701.2,71706.9,90577.1,80461.1,62320.7,61889.7,69636.5,73915.4,88171.3,94981.7,81503.4,,,,,,,,,,,
Республика Хакасия,35806.8,35570.6,38916.2,39745.3,40329.9,43707.5,38472.1,38173.2,38603.6,39661.4,40073.7,51160,39976.4,40090.8,42007.2,42608.9,45213.1,48266.3,40649.1,41214.1,41688,42129.1,43109.8,54343.2,42578.1,42601,44685.3,46651.9,47226.8,51809.9,43324.5,44209.5,46241.4,46459,47774.6,62210.5,47845.5,46127.2,52729,52089.2,53553,58248.9,50827.1,51506.3,52086.9,54201,56076.4,72446.7,55743.4,54978.9,58633.3,58270.4,61550,66591.5,56349.4,57669.8,58595.6,61308.6,63933.9,81373.2,63344.3,63655.8,65936.2,67671.1,69655.5,77034,68100,66526,67977.8,72258.3,71172.1,92532.5,76293.1,72601.8,75370.9,78585.3,79593.3,88012.5,78860.9,73004.2,76330,80443.9,79183.7,103297.1,85147.6,,,,,,,,,,,
Алтайский край,23941.3,24612.6,26149.8,27027.4,27822.4,29052.5,27612,27076.7,27708.4,28265.5,27885.6,37152,26916.7,27038.5,28849,28512.6,29936,30931.6,29299.7,27924.1,28733.6,30207.9,29647.8,38723.8,28821.4,28951.8,30649.3,32050.7,32298.6,34635.4,32376.9,30910.1,32415.4,32921.4,33387.7,43330.1,31788.9,32006.6,35571.3,34841.8,36611.5,39930.4,36244.3,37281.5,38979.4,40319,40257.2,53083.7,40048.3,39953.1,43389,42920.2,44398.6,47927.5,42442.6,43200.6,44647.9,46959.4,46915,60578.2,46469.9,47731.3,50629.9,51195.9,54196.8,56810.1,53105.9,51508.7,53959.6,55569.2,55542,73198.6,56970.6,56554.3,59504.1,62013,63571.2,66879.3,64410.6,60219.7,63038.8,65142.4,64010.2,83357.6,65319.2,,,,,,,,,,,
Красноярский край,45093.5,45259.7,47098.5,50862.7,52794.7,51874.2,47480.6,45364.6,47599.1,48725.4,48445.2,62845.9,49334.1,48154.7,50930.7,54784.7,57838.8,56791.5,51880.7,50394.6,51882,52545.3,51765.4,69473.6,53714.9,52596,56163.5,61576.4,60649.1,66780.9,57147.9,54860.6,58071.9,59055.9,59890.6,79809.6,62361.9,59812.4,77822.3,67793.2,70188.7,73641.1,71463,64734.3,68334.9,68748,69899.8,95611.1,70818.8,70137.6,76885.3,79971.4,80713.6,82656.9,81721.9,75027.3,75559.9,79209.8,79448.3,108011.1,82375.6,83245,98284,90149.9,94080,96025.8,89558,85116.6,89160.7,91999.7,91207.2,132021,96267.6,93327,102575,100721.8,105803.3,109795.9,103341.3,96129,99855.9,104869.1,103946.3,148888,111243.4,,,,,,,,,,,
Иркутская область,41803.4,41501.9,45086,44435.8,49531.8,48346,44129.6,43349.6,44036.9,45856.1,45891.6,55846.7,45333.6,44975,48670,48365.9,52155.8,52372.4,47657.5,47120,47593.2,48914.2,48480.4,63242.4,49016.6,48326.6,51500.9,51887.6,55135.1,59445.8,51690.1,51101.3,52911.8,55318.1,56271.6,69210.8,55032.9,54315.9,65294.9,61912.1,62957.2,66687,62783.1,60267.5,61472.8,64025,65936.7,81001.8,63777.3,64560,72362.2,68100.3,74581.4,76435.5,71231,69587.1,70710.1,74037.4,75872.4,93514.7,75566.7,76892.4,90342.8,80950.2,88511.3,89477.8,81448.4,80141.3,81256.7,85610,85503.7,110327.5,87473.4,85513.7,90301.8,100246.8,98994.2,101759.3,92711.4,87705.4,90427.1,95834.7,93171.4,117847.3,96384.3,,,,,,,,,,,
Кемеровская область - Кузбасс,38952.9,38277.9,41341.6,40840.5,42339.4,43898.9,39854.1,40206.7,39994.3,41530.6,41184,51767.9,41525.8,40628.2,42744.3,40935.5,42991.6,44758.1,42032.4,41759.8,42060.5,42451.1,42716.4,55840.6,44437,43344.6,46260.3,46359.3,48051.5,50470.9,46307.1,47199.5,47747.3,48349.6,49415.8,62987.7,49870.9,51237.9,55541.8,53150.1,55966.1,60198.4,53748.9,55824.7,55538.5,56141,57853.7,74047.4,58414.8,58781.5,63454.6,60976.1,66328.6,67194.6,60815.9,64250.1,62559.3,66608.2,66966.2,87242.9,70449,68690.1,74409.5,74551.7,77329.8,79856.3,74525.5,78047.1,74506.6,77040.2,77673.9,101287.1,79153.3,76726.3,80984.5,80009.1,84743.8,86837.9,81338.8,78763.5,78992.6,81913.2,81702.3,101991.3,83728.3,,,,,,,,,,,
Новосибирская область,33881.4,34777.8,37193.6,38070.2,37949.6,40210,37541.2,36014.2,37223.6,38968.9,38237.2,49342.6,38062.9,38246.4,40272.7,39377.4,40148.1,42322.5,39988.2,38200.4,39775,40751.5,40045.1,55099.5,40611.8,40694.3,43240.4,44308,44640.1,48261,45361.8,43842.1,46392,46941,48154.9,64885.5,46330.1,45611.1,50998.5,50292.8,50353.8,54872.7,50052.2,49481.8,51831.7,52663,53016.5,68371.9,53273.9,54038.6,58307.6,58391.2,59931.9,65342.6,59380.8,58397.5,62021.2,64863.7,65244.9,83839.6,65350,67052.3,71225.5,70710.4,72747.9,77989.8,73220.8,71739.3,76311.3,76172.9,76514.7,100010.6,78703.7,77761.7,81876.2,83522.8,84894.1,90629.5,86155.6,80253.5,85572.4,88426.8,86822.6,108292.5,88256.9,,,,,,,,,,,
Омская область,31485.9,31426,35025.6,34616.7,36126.6,37084.8,34066,33272.5,34366.9,34833.6,35615.6,44832.5,34843.8,34295.3,37267,37333.8,37456.5,37938.6,36555.9,35202.6,36308,37038.4,36543.2,48962.2,36689.7,37142.9,39099.1,40697,41907.6,42334,38904.6,37435.8,39170.3,40330,41002.1,53141.7,40020.3,40140.3,44670.5,45501.7,45248.9,48428.5,44467.6,44445.4,45363.4,47568,48644.7,64156.8,46649.8,48982.4,49977.5,52271.8,55214.5,57771.3,52079.7,52028,52964,55277.5,55645.5,75457.1,55585.2,58431.8,59358.4,61517,65033,66692.9,62890.4,61348.5,63820.8,65133.2,65102.6,87311.4,65981.7,65926.7,68357,70067,75479.2,76650.1,71417.2,67799.3,72079.7,73441.8,71454.9,98082.1,73660.8,,,,,,,,,,,
Томская область,38787,39036.9,42527.3,43028.6,47590.6,48439.9,41460.5,40653.6,40877.3,42725.9,42353.9,57194.2,43277.4,42612,45516.6,48360.6,48802.1,52011.3,46722.9,45117.8,46779.6,44699.1,45415.8,58847.7,45783.8,45441.4,48055,50987.2,53435.2,56658.2,47992.6,45699.6,48615.1,48319.8,49349.4,65435.9,50292.1,48293.7,57747.1,54926.8,56210.2,60569.2,55699.5,53844.5,54159.1,55529,55902.5,71205.3,55065.6,54413.1,60115.2,64527.6,67926.1,70227.6,62928.1,61004.1,62195.9,64143.5,65095,87988.1,66438.8,68134.9,74403.4,72676.1,79843,82179.9,73311,72086.7,72118.1,75625.7,75468.2,107423.2,77649.5,78659.9,80358.7,82271.3,90396.3,93193.9,83637,78972,82316.7,83980.6,83162.9,114534.2,86136.3,,,,,,,,,,,
Дальневосточный федеральный округ,50371.9,50251.8,52932.7,53889.3,59380.9,58125.7,54778.4,52415.8,54536.2,55425.7,55650.9,74188.5,56345.7,54693.6,57811.9,57435.1,62987.9,61372.8,58100.2,54622.5,57925,58468.3,58199.8,80200.8,59196.1,58039.8,62064.9,63715.1,67812.5,68039.8,63135,59864.5,64315.2,64173.7,65588.3,90090,65391.7,64056.7,70744.7,71761.9,76172.3,77881.5,71552.8,68291.3,71783.7,72977,74321.3,102438,74493.1,72470.4,78549.9,78830.8,86044.1,86410.2,80933.6,77898.5,81284.1,83808.4,85703.2,116886.5,85989.5,87412,92522.1,92280,101646.4,100809.8,94803,90809.5,94104.6,98333.5,99871.5,138755,102735.6,99052.6,105878.2,106089.9,116637.2,116350.5,109806.6,101720.6,109121.2,112018.6,112899.7,152500.2,115695.5,,,,,,,,,,,
Республика Бурятия,34981.4,34446.2,37333.9,37949.3,39744.7,42800,37120.6,35111.8,37785.1,38845.8,39984.9,51580.2,39099.7,37980.1,40665.1,39835.5,43429.3,45852,39095.8,36219.3,39249.6,41006,41010.6,55611.1,41755.6,40206.6,43213,44557,44717.1,48686.4,40447.5,38852.7,43386.4,43652.9,46402.4,60632,44266.8,44793.3,50922.5,49995.6,53831.9,58344.9,50236.1,47882.6,51370.6,53008,53957.8,78734.7,56438.2,53546.3,58480.5,57695.9,61903.5,67269.5,57585.4,54700.3,58823.9,61504.7,63005.6,89281.7,64041,63363.2,68800.3,68826.8,73984.4,79953.8,68998.8,64924.6,69916.9,72823.6,74586.2,103650.4,74953.8,71596.7,78083.1,78015.3,84133.8,91561.3,80094.3,75562.5,80646.8,83909.4,85356.1,118593.2,90747.4,,,,,,,,,,,
Республика Саха (Якутия),62863.3,63937.6,70194.9,68984.7,82349.3,77481.6,67246.1,62802.1,69825.3,70063,71688,103329.2,70077.1,69148.1,75521.7,76126.2,81960.1,78148.5,69017.6,65392,73711,75352.2,75528.6,110448.7,73550.6,72513.6,80508.5,82774.4,90344.2,85437.1,74559.6,68529.8,75742.8,78782,82091.1,125825.4,81361.4,81259.6,95419,92318.7,101342.6,99816.3,87747.4,81846.7,92589,93445,96372.5,140945.5,93867.3,92512.2,107470.2,101567.9,120680,114925.7,100073.3,94618.2,103609.7,107493,111033,158024.3,108421.5,108958.4,123431.4,117210.9,138666.7,128261.5,115590.7,107623.5,116898.9,126375.8,126625.1,182069.1,126400.4,123825.1,138033.4,133292,154959.2,146480.4,128906.4,119299.5,131639.5,137804.7,139623,192925.6,141567.2,,,,,,,,,,,
Забайкальский край,38652.3,39018.4,40579,41467.6,43640.8,46892.9,41402,39088.3,43425.4,43974.9,44398.7,59902.9,43029,41528.3,43830.1,44612.8,48936.6,48865.2,44608.1,42611.6,46497.8,45512.9,45703,68312.7,45328.3,44460.6,47232.8,47554.3,49675.7,53630.7,47200,44837.3,49748,49634.6,50801.4,72207,48883.4,49387.8,56350.9,57545.6,58837.6,63866.1,57036.4,54462.3,57413.1,59796,62797.4,84425.5,60491.5,58983.5,62967.6,66295.1,66857.4,71425.9,65167.7,62135.1,66158.2,69732.9,72580.2,103026.2,72879.5,71526.2,76569.5,79340,83387.4,89072,80592.4,76268.9,81793.1,85641.8,88371.7,132811.5,87620.4,84031.9,92605.7,92765.2,99140.4,105024,95171.3,87777.4,101483.6,100932.3,103543.5,145314.6,100695.2,,,,,,,,,,,
Камчатский край,67403.8,67858.3,71698.1,76720.9,93422.9,76916.6,71785.9,81306.6,86469.5,79795.5,74842.1,101046.6,76944.4,70395.9,76383.8,75196.6,100636.7,85052.1,75915,78699.2,89188,79565.6,74554.4,109642.3,82457.2,76944.2,81293.4,88455.8,107075.9,92877.7,80685.2,84509.5,116449.3,96334.3,88379.3,116539.8,85759.4,83842.4,91019.2,105233.1,127144.5,127238.9,86650.9,91577.8,104440.7,98494,96096.1,136127.7,98847.4,94363.7,103115.2,116130.6,127525.4,111824.7,105456.6,121513.7,142886.8,121937.5,111625.7,163338.7,119784.8,112099.7,118606.7,123438.3,157067.1,125850.1,118589.5,122641.8,137593,135255.7,125753.3,182849.4,133964.8,126243.8,134759.9,139739.3,173720.7,138172.3,130955.6,142836.3,175302.5,164954,137346.8,206676.8,153893,,,,,,,,,,,
Приморский край,41710.7,41864,44284.2,44914,47581.1,47869.6,46708.3,43683.6,43937.1,45075.1,45372.2,60551.8,48277.3,46157.9,49475.9,47496.1,50980.6,49564.8,50598.2,46517.4,47510.4,48260.9,47397.3,65327.5,49568,48451.8,51187,52348.9,56418,56820.5,55062.9,51131.8,53867.6,54323.2,54661.6,77073.1,56792.6,54533.4,59190.1,60378.9,61770.5,64450.2,62652.4,57954.9,59689.6,62057,61693,87827.4,61617.2,61214.1,65558.3,65747.5,69735.8,72775.7,69707,66210.7,67093.4,70427.9,72141.3,100093.6,74551.3,75076.3,78850.5,80547.7,85332.3,88170.4,83785.5,79664.1,80868.3,84547.2,85069.6,118125.5,89803,86828.8,91539.7,92874.1,96902.2,101238.5,97734.9,87362.3,91641.5,95553.5,94692.9,127145.4,97155.3,,,,,,,,,,,
Хабаровский край,46214.1,45852.2,47393.4,48111.7,51917.8,51288.9,50313.1,49200.7,49558.8,50228.1,48887,64763.8,49779.2,49890.6,51595.1,51088.7,54567.9,54996.6,50705.5,47054.3,50416,51973.3,49833.8,66480.7,52071.5,52802.5,57139.9,56626.3,59133.5,63099.2,58958.2,56736.5,59464.9,58497.7,58830.4,77604.3,59384.5,56763.3,60394.6,62495.7,63104.9,66500.1,64037.2,60134.2,62201.7,65561,64590.4,86282.3,64690.4,64951.8,67964.9,67965.5,74794.8,75483,72138.2,68921.8,69591.5,73052.1,72883.2,96164,75553.2,75166.9,79417.3,78983.7,83410.6,84959.5,84890.9,80799.4,83986.4,85445.7,85226.2,116611.5,89903,88041.7,91704.9,90854.1,99396,99122.4,98911,90417.8,93638.5,96530,94719.5,129669.3,99169.9,,,,,,,,,,,
Амурская область,42594.1,42297.6,45157.8,45418,48145,48776,46519,45198.2,45188.6,48242.3,48057.3,61146.5,48298.1,47030.5,50195.2,49991,52377.9,52071.7,52225.8,50248.4,51134.8,51978.1,51851.6,72191.3,52396.5,52087.5,56966,57012.6,58191.8,59665.6,58706.6,57546.5,57436.5,59165.3,59771.7,81303.1,59579.4,57893.2,64584.4,63467.7,67991.7,67141.5,63730.8,63325.7,63737.2,63394,64543.7,91683.1,64567.7,61570.4,66981,67398.9,72415.8,74345.6,71158.4,70609.4,71624.6,74998.2,76875.6,103541.7,74942.4,74947.5,79082.5,81831.7,86899.9,90698.8,83623.3,86156.4,83315.6,87725.8,91097.9,122920.1,91860.9,85369.7,92468,92064.7,98508.1,103227.7,98332.4,92730.3,95656.9,97445.2,103470.6,137303,105020,,,,,,,,,,,
Магаданская область,79876.7,81942.3,82095.8,93977.3,106218.6,92504.2,89170.7,83615.4,86461.5,88042.3,106394.6,127136.8,87950.1,89756.1,90754.7,98605.7,110717.9,101247.8,98926.7,90145.2,96661.1,99916.3,127807.9,137247.9,97724.4,99781.2,99525.4,112421.5,118093.7,109258.6,104602.1,93984.2,97989.9,100123.1,126821.1,141196,93100.1,109110.3,115915.8,119796.7,123813.4,118894.4,115585.7,106065.5,109565.6,112280,147020.9,156732.5,107046.4,116241.3,126431.3,125053.5,134447.1,131123,124968.3,118851.2,124937.2,129655,168619.8,180922.1,122107.5,150357.8,142705.4,142998.5,152829.4,151197.7,143367.2,135931.7,132048.9,151358.2,193482.8,224085.4,145282.8,152394.5,154591.7,167642,178006,178686.9,172648.1,152498.9,158121.2,179674.4,244129.8,249335.3,176708,,,,,,,,,,,
Сахалинская область,84593.1,79555.3,81240.7,81263,88329.5,87576.8,88562.8,81151.5,82512.9,86965.8,84665.6,108760.6,94405.8,86473.3,87367.1,86435.7,95156.8,94449.2,93531.1,86832.8,85730.8,87499.8,85887.3,113282.8,96935.2,88149.9,91116.5,91886.3,95662.4,96658.3,95505.9,89134.4,88377.7,91094.5,92340,118179.9,104988.5,93445.2,99008.9,96967.5,105614.2,104537.3,102878.9,102796.8,101871.6,100144,97645.9,127032.2,121533.5,104416.5,105878.4,106353.2,113220.5,113297.8,116531.9,107046.2,105975.8,111099.8,109922.7,142859.2,119474.7,134069.3,127570.1,119879.2,134249.5,131966.5,129795.3,123542.7,123348.9,126390.3,127241.3,169332.9,151596.8,137772.6,139678.4,138425.4,155085.7,153262.6,149875.5,136686.6,142716.8,142634.3,138905.3,185621,162021,,,,,,,,,,,
Еврейская авт.область,38016.7,39053.7,40498.7,40276.4,43862.2,44421.3,42233.6,40322.9,41334.3,41382.3,41527.7,55366.8,42006.9,42817.7,44902.7,45120.4,48792.5,48108,47352.2,44173.7,46143.4,44948.8,44591,61164.7,44097.1,44074.2,46931.8,48851.6,51280.5,52402.1,49065.6,46722.4,49305,49489.9,48891.3,69352.1,48657.1,47761,51351.1,56899.4,56082.7,58328.5,56986.9,54085.3,54263.7,56397,55518.7,76270.9,55930.4,56570.7,61255.1,63200.3,65558.7,66637.3,64927,60842.6,62575.7,65917,66973.5,90632.2,66175.6,66927.9,70825.7,76181,77505.6,78232.1,79021.3,72074.5,73316,79340.1,77312.9,107242.4,79279.2,80707,84919.8,89969.2,93746.1,94295.3,92053.5,85337.7,87464.9,92278,89029.1,122773.4,92341.5,,,,,,,,,,,
Чукотский авт.округ,95747.3,104358.7,100391.7,111164.2,110284.4,106908.9,108267.8,98269.7,100106.7,101609.6,106922,137976,105132.8,112326.8,109937.6,119547,127088,124357.5,124696.7,110815.5,113245.5,120346,117833.8,168990.9,120214.4,124339.7,124077,141907.5,132727.2,130067.1,128656.5,119087.8,115588.4,122922,125466.2,180741,120769.1,128625,136166.9,148149.7,142465.8,139000.5,143871.5,131050.8,133230.8,134534,142617.1,193945.3,137635.7,139260.1,154915,160858.6,165540.1,167761.3,157219.8,141411.6,143216.2,157340,157777,218671.2,159667.7,162548.4,188702,185577.4,194469.4,187688.4,181435.2,168489.7,170017.2,178676.6,180559.8,262061.4,185029.1,191571,214399.8,223572.6,224042.8,220856.4,211827.3,192934.6,198242.4,209355.6,211768,281482,223237.4,,,,,,,,,,,
,,,,,,,,,,,,,,,,,,,,,,,,,,,,,,,,,,,,,,,,,,,,,,,,,,,,,,,,,,,,,,,,,,,,,,,,,,,,,,,,,,,,,,,,,,,,,,,,
"1) Без учета статистической информации по Донецкой Народной Республике (ДНР), Луганской Народной Республике (ЛНР), Запорожской и Херсонской областям.",,,,,,,,,,,,,,,,,,,,,,,,,,,,,,,,,,,,,,,,,,,,,,,,,,,,,,,,,,,,,,,,,,,,,,,,,,,,,,,,,,,,,,,,,,,,,,,,
,,,,,,,,,,,,,,,,,,,,,,,,,,,,,,,,,,,,,,,,,,,,,,,,,,,,,,,,,,,,,,,,,,,,,,,,,,,,,,,,,,,,,,,,,,,,,,,,
