"Среднемесячная номинальная начисленная заработная плата работников по полному кругу организаций  по субъектам Российской Федерации в 2013-2018 гг., рублей","Среднемесячная номинальная начисленная заработная плата работников по полному кругу организаций  по субъектам Российской Федерации в 2013-2018 гг., рублей","Среднемесячная номинальная начисленная заработная плата работников по полному кругу организаций  по субъектам Российской Федерации в 2013-2018 гг., рублей","Среднемесячная номинальная начисленная заработная плата работников по полному кругу организаций  по субъектам Российской Федерации в 2013-2018 гг., рублей","Среднемесячная номинальная начисленная заработная плата работников по полному кругу организаций  по субъектам Российской Федерации в 2013-2018 гг., рублей","Среднемесячная номинальная начисленная заработная плата работников по полному кругу организаций  по субъектам Российской Федерации в 2013-2018 гг., рублей","Среднемесячная номинальная начисленная заработная плата работников по полному кругу организаций  по субъектам Российской Федерации в 2013-2018 гг., рублей","Среднемесячная номинальная начисленная заработная плата работников по полному кругу организаций  по субъектам Российской Федерации в 2013-2018 гг., рублей","Среднемесячная номинальная начисленная заработная плата работников по полному кругу организаций  по субъектам Российской Федерации в 2013-2018 гг., рублей","Среднемесячная номинальная начисленная заработная плата работников по полному кругу организаций  по субъектам Российской Федерации в 2013-2018 гг., рублей",,,,,,,,,,,,,,,,,,,,,,,,,,,,,,,,,,,,,,,,,,,,,,,,,,,,,,,,,,,,,,,
,,,,,,,,,,,,,,,,,,,,,,,,,,,,,,,,,,,,,,,,,,,,,,,,,,,,,,,,,,,,,,,,,,,,,,,,
,2013,2013,2013,2013,2013,2013,2013,2013,2013,2013,2013,2013,2014,2014,2014,2014,2014,2014,2014,2014,2014,2014,2014,2014,2015 1),2015 1),2015 1),2015 1),2015 1),2015 1),2015 1),2015 1),2015 1),2015 1),2015 1),2015 1),2016 1),2016 1),2016 1),2016 1),2016 1),2016 1),2016 1),2016 1),2016 1),2016 1),2016 1),2016 1),2017,2017,2017,2017,2017,2017,2017,2017,2017,2017,2017,2017,2018,2018,2018,2018,2018,2018,2018,2018,2018,2018,2018,2018
,январь,февраль,март,апрель,май,июнь,июль,август,сентябрь,октябрь,ноябрь,декабрь,январь,февраль,март,апрель,май,июнь,июль,август,сентябрь,октябрь,ноябрь,декабрь,январь,февраль,март,апрель,май,июнь,июль,август,сентябрь,октябрь,ноябрь,декабрь,январь,февраль,март,апрель,май,июнь,июль,август,сентябрь,октябрь,ноябрь,декабрь,январь,февраль,март,апрель,май,июнь,июль,август,сентябрь,октябрь,ноябрь,декабрь,январь,февраль,март,апрель,май,июнь ,июль,август,сентябрь,октябрь,ноябрь,декабрь
Российская Федерация ,26840.1,26619.6,28692.9,30025.9,29723,30986.1,30228.7,29226.3,29345.5,30069,30289.6,39648.4,29535,29255.3,31485.9,32947.3,32271.8,33726.1,32514.7,30763.2,31929.2,32439.1,32546.1,42135.7,30928.6,31325.3,32642.2,34377.3,34380.4,35394.5,33900.6,32175.8,32911,33357,33346.8,43407.7,32659.6,33873.4,35500.6,36497.4,37269.8,38447.4,35887.8,35405.1,35843.4,35749,36195.2,47554,34421.596137846755,35497.107328761245,37899.48251158797,39225.10619901859,39679.44386059475,41453.81668524139,38073.16027688964,37098.68891890836,38046.788417519194,38332.64732426007,38847.80881673527,51197.345185527614,39016.684178807125,40443.36287949518,42363.57319728616,43381.051688982996,44075.53753738286,45848.07764798236,42413.4651766869,41363.60067139412,41774.30336641229,42331.66871452135,42595.005329930966,55569.330224101825
Центральный федеральный округ,32118.1,32249.7,35164.6,37138,35546.7,37723,37394,35277.9,35156.4,36209,36527.3,48791.7,35669.6,35821,38616.4,41048.1,38908.9,41219.3,40342,37744.2,39276.5,40212.3,40290.6,52708.2,37413.5,38872.6,39919.7,42332,42063.9,43396.5,42095.2,39567.9,40064.6,40823.7,41094.9,55151.8,39737.9,42796.3,44960.6,46977.5,45540.7,47872.2,44954.5,44593.2,44341.6,44439.4,44990.5,61183,41132.472777214934,43784.64067289826,47066.26994593104,49698.31971957761,47128.818508703764,51467.93274468743,46971.683833918105,45493.70939579058,46592.58859926241,47139.0207949226,47866.327236691126,65683.12822737738,47452.56529923479,51279.21609638983,53771.108479405746,56192.14299867796,53566.57493175756,58177.20403546799,52984.8068474718,51383.060016584976,51529.217602349396,52715.1148108945,52642.49512333896,71661.79421318122
Белгородская область,20381.2,19643.7,21027.2,21700.9,21905.5,22323,23128.5,22271.2,21870.4,22496.2,22587.9,27553.1,22458.8,21473.6,22816.3,23169.7,23545.5,24130.8,24619.8,23700.3,23681.8,24262.6,24015.9,29821.1,23826.2,22825.3,24471.6,24488.2,24957.7,25671.1,26182.7,25133.1,25278.6,25498.3,25143.2,30886.1,24433.7,24508.5,26211.3,26133.9,26375,27292.3,27669.7,27103.3,26669.4,26835.9,26720.2,32471.6,27550.42830422862,26693.481675782008,28212.624597885755,28062.416177021423,28444.15183570502,29732.011442968706,29299.01741742056,28578.030607763,29075.17037338526,29331.592580689758,28757.92553979695,35191.16445406889,29297.68575095144,29455.536831001395,30092.120040402893,31477.55910940886,31179.39492654521,31947.007286164917,32422.18465344848,31603.086760206395,30909.676469769016,31823.450615189446,31162.800891049763,37577.38604742243
Брянская область,16773.9,16632.4,17834.5,18263.5,19883.9,20178.2,19034.5,19197.6,18717.6,19577.7,19694.7,23961.2,18884.6,18540.4,19821.8,21231.8,20837.2,22115.8,20752,20239.5,21029.2,20816.5,20805.9,24668,19769,19741.8,20873,21412,22749.8,23130.2,21772.5,20952.3,21317.2,21333.6,21427.3,25131.6,20909.1,20920.6,21677.2,21797.2,24306,24489.7,22465,22701,22689.3,22481.3,22660.5,27209.8,22635.39017957841,22548.034652455026,23201.816341097863,23591.446156818463,25192.402259839742,26351.11373625103,23864.743168910467,24041.99182025579,24244.125516434455,23990.102124073215,24459.052662037957,28817.467285776613,24555.77376057189,25261.27861784056,25772.943631350103,26218.15775892179,29552.23391902915,29209.5241239202,26891.589525794167,27094.764072214013,26484.9106029789,26892.1999543683,27402.825767626233,32254.503079951235
Владимирская область,18379.5,18563,19203.7,19567.2,19809.7,20351.6,20783.7,20593.7,20037.2,20824.6,21026.4,26097.7,20672.5,20428.6,21486.7,22077.5,22466.8,24202.8,22402.1,21540.5,22007.2,22429.3,22206.5,27397.8,22227.4,22307.2,23242.9,23415.2,23800,25783.3,23713.6,23164.4,23321.3,23702.1,23942.8,28869.9,23083.6,23341.4,24621.7,24594.6,25552.7,27587.7,25042.1,25582.3,26160.6,26896.8,26019.5,30852.2,24681.276756159492,25356.14762334317,26488.490532920794,27155.176734239027,27798.61750610366,29617.896510052502,27443.46111303732,27594.660344784254,27880.748106309577,27591.488039420048,28093.988000556015,34387.353045221644,27938.738197026356,28164.64505457656,29543.866412894688,29425.484793320113,31177.147073994987,33806.067775433665,31565.28970869868,31510.741042657653,31431.942283638127,31423.128168734263,31646.622972474994,38008.97489648612
Воронежская область,19667.8,19332.1,20475.8,21748.7,21627.8,22647.6,22781.8,22057.1,21993.7,22631.6,23282.8,28195.4,21705.1,21200.4,22196.8,24080.9,24029.4,24594.3,24543.1,23424.7,23713.9,24198.9,24191.2,30171.5,23096.2,23064.6,23998.2,24637.5,25055.4,25933.6,25239.3,24790.2,24365.7,25119.2,25000.5,30123.4,23704.3,24285.1,25485.9,26397.1,26667.8,28224.4,26623.4,26513.1,26375.2,26670.9,27394.5,32754.7,25336.915203844284,25418.8591748773,27255.541887407744,28035.42262301491,28143.74207004032,29437.956643635844,28207.174995435285,27625.650029431694,27939.968191792585,28686.104109496453,29328.324003143727,34643.73871825461,27971.267075769476,29018.898290250858,29661.49464190105,31559.423496227137,31014.760363242232,32822.7365928367,31282.64889868885,30612.649864602015,30525.313204870752,31238.09061276488,31285.632272507693,38213.16946369084
Ивановская область,16529.6,16782.4,17943.2,18153.5,18688.7,20227.8,18435.1,18144.9,18321.4,18985,19531.9,25479.9,18870.8,18601.4,19260.4,19870.8,20180.2,21950.9,20383.3,19380.2,20073.9,20661.5,21003.1,26507.9,20246.8,20252.5,21074.4,20740.6,21209.2,22875.6,21052.7,19605.6,20221.2,20622.9,20525.1,26200.7,19971,20530.5,21106.7,21490.1,22363.8,23857.3,21663,20974.7,21494.4,21822.7,22278.9,27911.3,20475.3346246717,20833.445423321413,22107.30892725837,22065.706034597166,23239.310800577918,25485.61810559498,22764.250944995296,21817.097227876315,23181.223513743545,22939.482211232167,23166.96281014664,29994.327759097632,23300.08198081783,23487.97957857708,24580.56181796517,24352.928682164562,25712.093268337976,27859.63226020834,25033.32431950921,24941.107719593743,25108.565169086833,25363.990803970126,26053.036819695397,32360.93662484159
Калужская область,24091.3,23041.7,24701.2,24852.3,25564.7,26138.1,26260.8,25108.3,24915.2,26252.6,25669.6,32546.8,25796.4,25439,26519.1,27477.8,28284.9,28259.8,29031.8,26520.3,26970.8,28241,28381.8,34752.1,27320.6,27053.5,28207,28731.5,29026.4,30062.8,31233,28458.1,28596.7,29304.6,29640.5,35555.7,28515,29040.1,30466.6,30878.4,31579.5,32311.6,31771.9,31247.7,30697.4,31148.8,32237.1,38120.8,30281.288324024747,30820.223901666308,32259.039131487636,32689.86938570731,33191.24011440329,35016.66147346803,33582.94322516517,33545.117041489895,33840.16532666973,33873.89354406113,35054.50196248537,42472.390572917066,34181.953573574385,34436.05529683227,37352.70196897082,36773.360309760734,37349.763529528536,39067.963318802125,37416.001421283894,36356.677868307794,36763.58397673852,37687.08681880005,38004.63270816174,47151.36937549183
Костромская область,17872.9,17122.4,17992.3,18849.1,18578.1,19539,19651.7,18685.1,18836.5,19276.8,19978.6,24378.5,19688.3,19070.3,19819,21012.5,20767.3,21271.8,21682.6,20035.4,20127.4,20693.6,20851.6,25560.2,20396.1,20179.6,20797.7,21838.2,21943,21889.1,22495.5,21178.2,21224.1,21518.9,21367.8,25719.8,20860.9,21520.9,21859,22814.1,22945.9,22869.7,23138.6,22911.5,22565.2,22740.1,23015.6,28269,22282.389076405732,22178.727732140105,22957.767426845974,24457.833032651626,23730.388995209778,24431.31558131333,24229.868218267013,23866.34243367816,23644.02465625129,24350.20910181876,24673.361288013322,30532.847829076167,25459.30456448329,26822.764733567372,26242.13604043108,27322.72896192119,26768.706360040556,29792.350601922808,27815.879869322296,27077.423138556103,27399.000197920926,26730.980636534485,27947.556128341905,33880.267253642036
Курская область,18591.9,18172.9,19439.6,20783,20555.4,20781,22143.4,21248.2,20660.5,21558.7,21710,27544.4,20866,20434.2,21569.9,23112.3,23327.1,23419.6,24077.5,23038.9,22762.5,23260.4,22878.5,29183,21820.4,22154.3,22646.1,23497.3,23630.2,24107.3,24250.2,23560.7,23436.3,23882.4,23450.4,29823.2,22555.8,23340.6,23724.2,25442.4,24924.4,25868.3,25889.1,25117,25075.7,25050.6,25083.7,31641.4,24477.674587619418,24765.40090955763,25375.25849051599,27293.177738417216,27125.55383595943,28468.239034725535,26537.934216591268,26307.502827736065,27050.6486662773,27333.08255300385,27556.171455485113,34473.98619524017,27684.08314248667,28227.921813469085,28001.89547536068,29871.287367240056,30324.167558397654,31594.540492275897,28767.183912791577,29123.735741269298,28913.121915546908,30029.782495039184,30124.80466831204,36427.524728465316
Липецкая область,19530.5,18843,19935.7,21435.5,20989.2,21837.7,22557.6,20811.9,20845.1,22815.9,21226.7,28692,20997.2,20174.9,22014.3,23272.4,23355,23836.3,24751.7,22422.7,22694.4,24622.5,22821.1,30869.7,21935.8,21679.8,23191.6,24878.7,24054.4,24793.8,25693.5,23388,23383.7,25611.7,23419.7,32201.6,22976,23101.4,24043.3,26932.7,25549.5,26658.9,26606,25260.3,24892.6,27076.1,25222.1,34459,25657.925812219877,25187.68979711376,27004.737008255004,28908.472056922143,28153.052455166726,29029.09147414715,28908.188319810484,27224.656931975325,27674.12263512677,29434.15286054099,27885.692295681863,36601.11820781477,28965.758718611,28933.24663796146,30475.023755243623,32653.857082805895,31286.296667162464,32512.49372050845,32574.382134324078,31107.3416799928,30128.64074880476,32514.516321289804,30775.073458083472,39991.070784357515
Московская область ,32604.8,32319.9,34035.2,34562,35004,36740.1,35778,34751.2,35758.8,36403.1,36494.2,46877.5,35674.1,35205.8,37407,38663.7,38547.8,40265.2,38916,37413.7,38480.3,39120.3,39423.1,49489.9,38016.5,37331.3,39083.5,40030.1,39956.3,41721.9,39880.4,38482.9,39699,40315.2,40169.4,50023.2,39593,39916.4,42052.9,42433.6,43118.7,46032.9,42168.6,41416.7,43658.5,43275,43693.7,54239.3,42751.04382069686,42349.67509015167,45688.43128444031,45133.47348762576,46479.45398789585,50606.024815844874,44975.92281067224,44033.739364583,45654.841883490524,46271.227643320264,47005.19499705807,58944.18307943287,46409.502635468765,46669.07222805707,50117.24563538183,49692.44221599828,50614.38994997806,53862.26048614973,48953.24402695563,47837.2276660545,49900.470921754626,50564.980639365654,50134.69881780979,63911.99836602319
Орловская область,16865.9,16728.4,18041.6,18450.1,19186,19846.2,19400.4,19534.5,18643.8,19626.5,19126.6,24574.5,19023.7,18778.9,19468.3,20192.5,20919.5,21996.6,20909.6,20011.9,20110.3,20509.3,20530,27195.5,19584.4,20001.9,20796.3,20743.2,22065.6,23240.2,21412.1,21236.8,21292.4,21457.8,21273.4,26824.5,20270.4,20696.3,21645.4,21894.1,23308.6,25059.2,22245.3,22571.7,22681.6,22703.8,23280.4,28688.1,22171.94735179171,22298.20510483441,23824.82795894251,24004.330440075548,25011.61569673026,26716.205349970034,23780.8994973466,23654.374027221078,24301.127240507863,24052.371080165016,24418.30597805456,31670.259635882412,24413.11620523081,24867.543148893994,25746.88944104778,26084.015957190146,27433.7536636835,29001.157318786092,26584.424228060845,26820.335517197418,26295.440108359267,26773.640261906392,26833.8148930503,33423.92872497482
Рязанская область,19392.3,19154,21289,21271.5,21784.2,23025.2,21521.3,21662.7,21260.5,22385.6,22810.7,27664.5,21495.3,21294.7,22937,23676.7,23851.4,24967.7,23346.3,23044.9,23258.5,23895.6,24048.8,29677.5,22679,23389.6,23734.4,26320.1,25578.3,26576.3,25369.6,24618,24748.6,25568.2,25040.3,30998.9,24159.3,24896.3,25673.2,26349.6,29336.9,28887,27229.1,27578.4,27136.6,26941.5,27173.6,34394,25866.866710913873,26010.31496435897,27246.4905268494,28263.843810199764,30922.62198104762,30678.81447956008,28624.682383720257,28581.317497484746,28565.177524536717,28654.898254117357,28941.474808356226,37500.09010386531,29120.278794139103,29178.6067141181,30379.796827309194,31477.826049983905,33949.57478080805,33763.09597466459,31130.226721848274,31640.848634078357,31123.967803448875,31138.490875944033,31192.23956648487,39222.292748419626
Смоленская область,17946.3,17662.5,18583,20486.1,20037.8,20262.6,20733.7,20584.1,20248.4,20805.3,21075.7,26514.9,19927.2,20129.7,20984.1,22454.3,21959.7,24033.2,21786,20890.2,21254.8,21675.5,21258.1,27282,21005.3,21340.2,21831.7,23110.3,23081.8,24468.6,22914.8,22034.6,22609.1,23132.4,22650.2,29493.8,22470.6,23526.8,23761.3,25162.1,25067.4,27943.4,24469.7,24502.5,24442.1,24253.3,24589.6,31160.2,23947.953797821152,24544.945809874716,25410.167128045836,26158.23502877408,26144.95355660785,28301.981970553403,25304.57286992918,25006.093563234783,25885.895878571653,26218.61357574721,26571.450341519812,32853.78226855565,26457.241924500253,27180.903023880943,27209.396283329184,28849.821149887084,29109.583172086313,31072.365100302155,28576.07278908247,28727.081909962795,28925.136409122777,28892.995753317326,29566.26612434911,37306.760645119524
Тамбовская область,17161.9,16528.5,17275.7,18235.5,19286.7,18839.3,19503.2,19414.9,18768.3,19969.7,20452.8,23589.4,18850.3,18371.8,19029.5,19866.7,20108.3,21778.8,20488.8,19795.4,20493.6,21381.1,21541.5,27302.1,19849.1,19866.6,20334.3,20861.7,22832.2,22820.7,21418.2,20969.3,21393.7,21744.5,21734.4,26677.9,20467.9,20568.7,21316.9,22156.2,23774.3,24528.4,22032,22311.9,22405.3,22734.3,23447.1,28173.9,22292.458913557894,21441.118289672377,23238.574584797927,23125.250990594293,25299.825539030266,25679.845114628788,23432.32682445755,23733.00012990372,23610.86379532265,24280.583946762265,24203.422579790597,30007.96604074439,24008.40138816755,24059.453467446765,24946.71819951441,24839.97591272255,27934.82658270654,28335.997925492025,25498.31111171366,26024.295153889685,25588.484954680134,26205.931763804492,26754.24888483459,33252.371974555375
Тверская область,19518,19799.7,22180.4,22636.8,22760,23314.5,23208.2,22768.2,22339.6,23334.4,23349.3,30922.7,22219.2,22326.9,23420.5,24863.4,24539.4,25798,24907.7,23290.5,24908.4,24567.6,25121,30722.1,22756.2,23435.4,23674,24751.9,24866.8,26405.1,24468.8,23246.1,24079,24572.3,24584.4,30894.7,23456,24689.9,25154.5,25456.1,26301,28347.5,25278.6,25026,25852.7,25526.7,26090.5,31989.5,24849.929446202168,25736.135465527444,26352.578388013033,27062.725218914118,27704.16397870623,29182.139938813383,26576.442631156537,25755.629702890903,27155.488981381644,26878.538500519207,27504.293241782823,33851.75249380866,27300.193464737447,28416.466764183187,28963.089389018412,30045.48987258958,30530.454645901656,32626.973864153224,29707.325889983007,29574.471746792304,29613.135025564025,30277.712261087192,30764.119881033548,37768.621785532174
Тульская область,20615.9,20586.4,21776.8,22078.9,22562,23055.8,23576.2,23223.4,22614.1,23529.5,23865.4,29240.1,23448.1,23473.2,24530.4,25102.3,25277.2,25981.4,26317.9,25284.6,25512,25974.3,26101.1,31700.1,25845.4,25562.4,26884.4,26969.4,27369.3,28048.4,27676,26583.1,26761.1,26853.2,26716.3,31781.9,26723.7,27130,27911.6,27862.1,28816.7,30100.1,29210.5,28781.7,29258.7,28849,29153.9,34994.3,28564.15824950781,28844.049276102647,30681.36831848829,30601.641565482136,31039.746984540296,33021.97456380501,31036.505878801727,30535.25012774506,31183.245413320794,30732.309165556464,31400.763582823194,37671.25557453054,31839.973381290583,32167.32826394393,33162.70597901605,33887.67650615851,34236.85025761633,35545.263787035765,33868.57878827222,33662.04077133069,33273.715133613165,33455.38290115382,33933.26734665662,41198.32154923121
Ярославская область,20772.4,20844.8,21338.3,22449.2,22315.1,23209.4,22716.2,22210.3,22340.9,22979.5,23563.5,29705.3,22824,22618,23789.1,25150,25121.5,26198.1,24689.7,23810.7,24675.4,24987.3,25806.3,31575.4,24466.1,24196.6,25490.7,26372.5,26967.1,27996,26229.7,25240.7,25933.8,26366.1,26736.5,32715.6,25725.3,26022.3,27409.9,28002.1,28997.2,29910.5,27535.4,27317.2,28037.6,28317.9,28949.7,35444.5,27766.1859732018,27889.58957259234,29505.08584613015,29847.28587828002,31069.218104372274,31883.38462875167,29367.16864710094,28814.80587263083,29446.27303208593,30651.547355257295,31424.974001719635,38376.63479944427,31459.96083483432,31541.5120069502,32818.5039055037,32939.29152672641,34039.06206533113,35358.913764360674,32960.9285991609,32236.232563121728,32685.347704790158,33427.08969517393,33882.069331728,41869.49581471456
г.Москва ,48816.6,49587.3,55049.3,59133.8,54222.7,58548.2,58038.5,53349,52892.9,54354.8,54881.8,76237.7,53584.3,54672.5,59753.7,64337.9,58421.6,62607.6,61609.7,56683.4,59658.1,61131.9,61234.7,82592.8,56095.1,60322.3,61040.4,66127.1,64908.3,66562.3,64926.7,59911.7,60423.6,61527.2,62452.1,88623.5,60161.6,67092.1,70551.3,74733.1,69772,73215.2,69015.3,68728,66920.2,67024.9,67899.3,98435.5,61277.47757926358,67219.16499611962,72128.92193995084,77694.28520731976,69459.96736775179,77565.4350226252,70819.74497929476,67654.56846458279,69122.3330640868,69846.52759024082,70992.98555748924,104051.87180702394,70250.84856164026,80183.23738633277,84081.16472555243,89317.65619577425,81063.90784220594,90093.76366116565,80998.66672857443,77617.97666221748,77273.80077310512,79150.64988403124,78946.1843016296,113988.04407796304
Северо-Западный федеральный округ,29421.8,29211.7,31320.1,32222.3,32460.3,33797.1,32789.7,31610,31939.3,32744.8,33346.2,43466.3,32288.6,32013.1,34688.7,35654.2,35049.2,36679.6,35389.1,32892,34187.7,35271.5,35338.6,46241.8,34619.6,34929.2,36552,38081.7,37782.6,39040.8,37384.5,35128.3,36032,37160.4,37089.4,47714.4,36719,38818.6,40357.5,40092.5,41278.1,43006,40617.9,38913.5,39507.9,40089,40520.9,52371.9,39839.97919460024,41319.90146165178,43586.33269549135,43834.84786961923,44628.79498978423,47091.45604101993,43953.64773130677,42537.94370305283,43262.36982599625,43873.514818779266,44630.27110736992,57674.85262829107,46774.64718589733,47109.09840310611,48623.5604991824,48712.36805225831,48977.23482163516,51725.89393421939,48979.899492548495,46756.63002083368,47221.220979486134,48079.92776162269,48489.08176748765,62351.490175738865
Республика Карелия,25350,25226,26102.2,26166,27782.7,29945.8,27757.8,26784.8,26946.7,27462.4,28702.9,34748.1,27960.5,26918.3,29453,28091.2,29533.8,32317.3,28690.6,26834.7,28174.3,28376.4,29325.5,35725.9,28418.7,27980.4,30174.9,29689.5,30931.8,32995.2,29924,27704.1,29432.7,30278,29609.4,36703.8,29920.4,31716.6,31191.7,31424.9,33664.1,35768.3,31468,31036.5,31575.5,32173.4,32112.4,38991.8,32760.673333669904,33792.21042298263,35117.5203842389,34787.76019207646,35264.912704266826,37515.60420655662,34187.63556093755,31331.533303265394,33227.27257967961,33241.9744786327,34476.21980175175,43397.06444942878,34732.60462558557,37140.80438776313,37272.12734982226,36202.71124831028,39421.33374464899,43470.23571397237,37575.15586819964,36304.8536253248,37505.49104963827,38504.7705994209,39754.77018190482,48853.62908128706
Республика Коми,34563.4,33626.7,34815.9,39356.8,37413.6,37564.9,37619.2,36726.6,36006,36385.9,36549.3,47216.5,37144.7,36048.8,38565.6,42585.6,40401.5,42130.5,39109.5,37215.7,37287.6,38661.7,38116.9,49733.5,37973,37160.6,39629.4,43828,41397.5,42931.7,39668.4,38635.3,38757.9,39074.2,39411.5,50717.6,40968.6,41145.7,42897.4,44054,46701,48066.1,42143.5,40926,40434.2,40613.3,41285.3,51985.9,40774.228314298576,41829.037316312446,44340.40401239243,45474.76104435914,49622.43592938116,48592.0421940737,43590.99945071472,44142.43839511891,42992.79821295146,43058.43526976307,44747.57533843169,56351.156094237056,46072.845057103936,47717.144624216504,49004.52803879563,49831.49258392857,55830.11617120074,51937.50652852789,49588.21244700209,48173.168054672795,46950.06305592968,47680.23630863091,48315.60405975441,60455.155713759916
Архангельская область,30120.5,28154.1,30217.9,31447,32511.6,33578.2,32965.2,31036.6,30969.1,32478.9,32065.5,44540.6,33650.3,31975.2,33880.8,35695.8,36816.4,38285.9,35428.8,32133.7,34077,35081.2,35026.7,45634.1,36158.6,34503,36831.1,37912.6,40631.7,42804.9,37663.3,34472.8,36390,37339.6,36537,47070.2,38592.9,37552.5,39885.4,40275.1,44072.3,45267.7,40495,38251,39185.1,39663.9,39805.2,49152.3,40119.249445458285,39401.84273126033,40653.07247307783,42068.56084877061,46123.32499591368,47330.66600963846,41914.009754714236,40172.63900019778,41770.93965402699,41433.95680631839,43477.90625260934,53334.99546387288,44797.10760347107,44594.44117199379,45508.29282093903,47039.36628481528,50402.94579946905,53286.11331455151,46832.90297551634,44736.423680328575,46189.78823013534,46749.88674453567,47525.72573298285,58503.016125308604
в том числе Ненецкий авт.округ,59599,54524.8,61018.6,63366.3,63855.5,64454.2,64361.6,60196.4,57104.6,60576.4,57641.3,83400.3,63697.3,58563.6,67100.3,67827.2,65866.9,69435.9,67589.7,60671.8,63340.1,61844.2,63360.3,91657,67452.1,62424.2,67857,69877.5,79156.7,87890.6,68541.2,61049.4,65341.3,65468.7,65016.7,91779.8,71601.4,65272,70950.3,71649.1,80028.8,76576.2,70172.5,65245,66006.2,67386.6,66211.1,87751.3,71635.99975117153,66525.23344635512,71920.07838890147,76616.36800506938,84417.98300137662,79706.21176741547,68250.20078661115,69106.29106711455,68852.25947693262,68903.35265476273,71437.98964374396,92879.40598308021,80361.9786788997,72467.4618422688,80395.74748826065,82561.06055061215,92879.72630250813,94038.35055695198,79094.77345697327,83628.40151993171,75787.55309704087,76498.65078442245,77277.4103859998,97555.53898383434
Архангельская область без авт. округа.,28002,26217,27919,29054,30162,31252,30585,28796,28961,30322,30090,41512,31232,29811,31178,33060,34463,35771,32857,29884,31780,32993,32807,41980,33613,32203.4,34250.3,35279.2,37459.3,39079.1,35071.7,32265.7,34006.9,35050.1,34236,43387.6,35851.4,35174.9,37125.7,37503.9,40986.9,42572,37909.8,35879.1,36728.2,37194.8,37530.8,45871.3,37493.402407339716,37096.694928974255,38002.6623197472,39140.40641891237,42972.794628476404,44612.12812749242,39698.46246278315,37767.85218888985,39557.15703900905,39206.28851368664,41191.64003260551,50049.525371816686,41783.642357123914,42245.21062928424,42543.42949009822,44021.79241321461,46884.264951634075,49843.341272179394,44142.43496109544,41532.74896442875,43770.225942317804,44330.613467379844,45125.43710022029,55301.87801076381
Вологодская область,24570.3,23918.1,23909.7,24788.9,24561.5,25442.1,24797.1,24312.5,24015.9,24721.2,24733.6,29943.6,24893,25203.6,25314.1,27138.3,26322.5,27376.1,26118.6,25255.7,25732.2,26198.7,25888.6,35731.5,25252.7,25747.1,26266.1,27934.8,28040.1,28952.2,26815.7,26471.6,26535.3,27103.3,26906,31563.2,26873.2,29420.4,29702.8,27837.4,29466.2,31224.5,28336.7,28625.1,28350.1,28829.4,29000.2,34732.6,28067.403553573098,31091.276873318886,31794.356514097715,29646.63665186324,31055.48397547046,32383.00622401226,30249.08446337871,31022.923253815425,31106.756130334117,31629.0843731391,31770.674142782,39331.58553446686,32679.864716492517,36050.35049137794,34304.9644610899,33479.76021627528,35220.82375335275,37363.99414496662,34524.97548998941,34969.01948777545,34378.49996740983,35481.19933315501,36081.469416394684,42639.60628386371
Калининградская область,22347,22241.8,22957.3,24465.2,24782.7,25700.9,25235.7,25022,24294.8,25703.9,27537.7,34929.7,25583.6,25130.1,26669.2,26666.8,25822.8,26179.4,26226.4,24878.7,26253.8,27641.8,26746.1,35577.2,25680,26231.4,28004.9,27765.7,28872.2,28869.8,28867.6,27556.3,28011.3,28867.6,28075.4,36456.6,27439.9,27745.6,29087.7,29540.2,29914.1,30371.5,29514.4,28816.6,29146.7,28653,29341.7,38152.5,28508.866088135444,29254.25254517738,30429.1030109596,31209.803102018646,31157.079751032612,32408.74920603788,30768.71966218797,30543.91762365873,30627.738121784118,30495.270884457823,31166.47917615049,38329.763535545666,29171.20882398763,29949.9438402659,31325.551044770185,32445.36529592767,32033.147191522025,32906.47534201409,32578.58673152003,31432.595755769133,31424.404939553708,32241.73173630924,32473.429455343816,41466.482265156286
Ленинградская область,26803.8,26921.2,28661.1,29518.8,29449,30265.6,30013.9,29703,28823.1,29398.8,29413.1,35752.2,29435,29467.8,31044.6,33037.6,31865.2,32628.3,32218.1,31398.1,31278.6,32700.1,31857.7,38448.1,32088.6,33098.7,33346.6,34538.6,33237.4,34177,34016.8,33184.1,32648.4,33279.8,33143.7,38861.5,32810,34272.1,34922.1,35914.5,36033.4,36392.5,36159.3,35206,35074.9,35712.2,35490.6,42330,35090.343405774205,36162.075473098455,37943.02843985124,38198.902151539565,38795.56678747708,39751.71141841312,38862.84083993386,38347.71526571659,38068.80592603129,38567.59678846976,38912.43217273273,46501.11409736603,39078.227114379944,40790.44747854222,41983.438216061455,41987.49538915034,42886.61890230455,43270.42547465173,43055.27463444026,42796.40650093601,41320.703840371396,42560.757544842905,42433.664777942045,49562.37415313772
Мурманская область,36284.4,34959.6,37814.7,40442.8,42613.2,40793,38746.6,35383.7,36135.6,40702.3,39287.8,56446.2,40027.3,38665,40619.1,44733.4,47106.7,44547.9,42042.2,36420.3,38741.3,42300.6,41296.8,57845.3,41449,41466.1,42660.3,47138.5,50216.5,46776.8,45529.2,39089.7,42299,45511.1,45098.5,59297.3,45063.1,46365.1,46207.1,50499.4,53453.7,50841,47721.4,43330.3,44013.3,46319.5,47396.3,63276,47349.66906066758,48432.2256512551,48874.97794945122,51789.1963797679,56704.4027758662,53497.96193158539,50400.92242657082,45326.609005029866,48115.8147149496,48864.83278218947,50114.11287232485,67949.12374545817,52350.99129699681,54677.81967217547,54275.32315450634,58878.409427131875,61059.18099992896,60608.03797790713,57717.680047676215,51621.0320226151,52770.07838714283,55978.8542061944,56005.47671961395,75412.9700589569
Новгородская область,21010.9,20513.3,22031.7,21911.8,23097.2,23432.6,23777,23476.4,23540.3,23569.3,23449.9,29001.5,22791.6,23087.2,24153.8,25226.5,24742.6,25475.4,25608.6,24649.4,24836.3,25028.6,25177.1,31221,25266.1,24268.1,25456.5,25358.8,26510.9,26376.2,26907.5,26097.9,25740.5,25762.8,25772.8,31685.9,25342.7,26042.4,26720,26361.7,27825.7,28427.5,28435.9,27955.7,27829.6,27493.6,27358.1,34387.8,27193.498099674664,26200.22811950182,28383.83911905581,27902.847081297627,29380.257664137305,29963.822264017326,29845.01713580241,29020.556975314244,29049.412248544344,28504.346507482274,29027.619051583824,35746.3608120624,30349.43671531415,28904.209545008292,30068.544225415848,30312.224720326845,32244.467918948267,32309.187581793754,31302.56991945845,30832.920464740342,29796.986210076324,30335.58617105005,30820.239711588772,37973.067474427444
Псковская область,18076.5,17519,18288.7,19930.7,20642.5,21325,19489.5,19104.4,19040,19886.2,19419.4,24513.4,19232.2,18902.4,19647.7,20947.2,21128.8,22341.6,20948.3,19714.1,20270.8,21044.9,20723,25694.2,19972.2,20061.5,20739.8,21130.1,22067.8,22512.6,21308.5,20664.1,20970.1,21379.6,20943.6,25529.4,20693.2,21184.7,21413.9,21736.1,22532.2,23631.5,21872,21386.6,22038.7,22319.1,22026.5,26454.3,21169.473339753906,21239.005682584437,22564.579951818552,22746.71197909551,24330.602452640145,24840.8390062814,22972.503342250177,22160.056407309192,22605.929962540235,22240.867288784822,22964.46538735237,30041.987634133984,23175.00275806733,25739.841091668477,25397.896055708836,25312.191568030932,27177.040511613464,28181.298343677885,25998.366180373738,26074.878058216313,26676.6084205553,26696.231004601774,27338.608982257665,34583.930221029055
г.Санкт-Петербург,32617.8,33116.7,36374.6,36295.8,36319.6,38744.6,37332.7,35861.1,37067.5,37366.8,38720.3,51019,35999.6,36196.2,40474.5,40195.9,39000.1,41757.6,40976.4,37704.8,39614.9,40509.1,41235.2,54443.8,39646.7,40549.6,42597.9,44143.5,42656.4,44813.3,43407.4,40520.1,41708.8,43215.1,43479,57602.9,42104.4,45919.1,48407.4,46919.3,47370.1,50520.6,48483.4,46084.1,47191.9,47908.2,48590.9,65086.2,47436.064989629886,49864.09831630505,53271.479345320455,53260.5997618519,52269.40508048754,57421.46832524433,53586.03309264113,51571.41031126,52604.936339565334,53873.959308332844,54353.429554866176,72341.62926626545,58597.77276379245,57408.68978758237,60343.40503044128,59576.40557540966,57190.37732491045,62618.57333752007,59603.848913081085,56099.531762572544,57330.8130904413,57951.09828078141,58310.16968563777,77665.82262386625
Южный федеральный округ  ,20115.8,19941.6,21078.4,21872.5,22061.2,22632.7,22427.8,22467.4,22122.8,22870.5,23156,29472.9,22375.3,21992.6,23427.6,25043,23915.2,25550.9,24280,23752.9,24168.1,24102.1,24218.3,30906.2,22978.9,22934,24413.2,25138.4,25227.9,26281.3,25293,24720.9,24892.4,24951.4,24937.2,31241.9,23985.1,24744.2,25582.5,26258.6,27500.3,28192.6,26777.4,26847.6,27127.7,26972.2,27114.2,34276.9,25714.514351377784,25928.66345724098,27557.541349751315,28078.592889683056,28911.304186868336,30362.083725090248,28284.903903301332,27949.119614557458,28409.147238634894,28296.628937246747,28506.280336301832,36123.56338872179,28685.960001955224,29150.512441161292,30328.422602431507,30964.148226712783,31918.601470277255,33167.66311332637,30986.59713590075,30769.306533485324,31044.60432089055,31080.033426214217,31208.787017373244,39082.09230188342
Республика Адыгея,17049.7,17388.9,18369.2,18308.1,19539.5,20209.3,17801.2,17891.7,18268.9,18696.5,19423,25179.4,18982.8,19000.7,19678.7,20432.9,20849.6,22129.3,19644.5,19528.2,20072,20725.1,21323.6,27249.6,20109.8,20446.8,20976.9,21748.1,22241.8,23595,20433.9,20963.9,20725.3,21789.4,21835.8,27194,20972.4,21507,22047,22092.9,23666.7,24942.6,21595.1,22096,22630.6,22399.6,23526.8,28358.7,21976.122968918076,22617.96253615329,23581.072051296473,23028.828241011564,24773.00562014862,25921.730018310573,22624.323701957343,22766.083866226458,23601.397743454923,23741.488132859664,25272.98960553212,30752.1849128511,24647.731633620784,24795.79210117595,25591.949908572064,25840.565211122324,27833.399185358652,29027.172850477673,25613.33867949746,26514.31303258706,26716.79563646039,26665.203387016438,27454.71191513711,30974.730645462434
Республика Калмыкия,15956.8,15060.6,16615.2,16438.7,17113,18956.8,17212.7,17061.4,17315.6,17615.2,17652.2,24788.6,17876.9,17146.4,18203.7,18826.2,19973.1,22152.6,18197.5,18005.5,18840,18689.7,19773.1,24920.9,18259,18999,18725.6,19356,21458,22664,18938.5,18536.3,19391.3,19226.6,19703,25528.9,18644,19660.1,19846.1,19325.7,22194.5,23266.1,19449.8,20405.7,21224.5,20561.1,21287.7,27655.6,20184.881212109907,21002.573283368234,21751.24403521347,22045.555771752515,24550.862695954635,25531.010764597573,21125.96813826585,22326.44257794054,22593.822161461052,23217.346156749896,23703.276327115473,29792.68107959887,23634.907778356435,24040.10670906478,24662.458342153397,25062.844660700306,27363.043506315524,29048.85528141042,23353.375379521425,24802.443553472767,26163.925144827084,25616.248195635515,25719.485386239285,33854.633033621605
Республика Крым,,,,,,,,,,,,,,,,,,,,,,,,,17912.1,18844.2,21421.6,20130.4,21314.4,24462.1,22838.2,21570,23134.7,23933.4,23789.5,30221.7,22979.3,22686.8,23874.9,23516,24631.7,28834.3,24853.1,24762.5,26221.5,24921.2,25105.4,30795.3,23836.155351986738,23861.49973291164,25004.717273709597,25284.035460358868,26322.91790513734,30576.678785282726,26064.780293683052,24775.072162054126,26384.55637733662,25879.39971825558,25794.784222586964,31974.76829959922,26344.726643139253,26715.530602368188,28644.79928262704,28675.433291433783,29257.446365580527,33424.782979434785,28106.23254553212,27790.00124754229,28464.90385581978,28422.49030787485,28400.381454246624,36027.15046489564
Краснодарский край,21815.4,21353.1,22768.2,23140.6,24181.6,24060.3,24108.9,24547,24164.4,24926.4,25202,31410.6,24318.9,23502.9,25385.5,27323,25449.2,26906.3,25670.4,25342.3,25512.1,25096.6,25139.1,32102.1,24371.1,23753.3,26238.7,26440.2,26963.6,27290.4,26865,26595.7,26529.3,26572.8,25984.3,32871.9,25233.2,25833,26905.7,27660.3,29098.4,28966.9,28361.5,28893,29004.2,28767.6,28429.2,35914.4,27211.467979604226,27273.033876695838,29389.187013704242,29526.022623830402,31297.373997167593,31627.961018688733,30412.78216991242,30309.72233438373,30591.747668706073,30376.684932617147,30283.301754516368,38173.27554180111,30617.138553685025,30983.341771668434,32501.183433919283,32857.3173391288,34476.330537207425,34643.07354559293,33090.755553999545,33237.50280888573,33536.69393355355,33310.34589432149,33258.09494247869,40807.45038809369
Астраханская область,19124.5,20564.7,20291.5,23410.4,21488.9,22639.8,22504.8,22984.7,21366.2,22690.2,22467,30763.7,21643.3,22141.9,22778.4,25999,23677.3,24984.3,24119.4,24837.9,23472,24046.6,23906.6,31972.9,23014.7,23973.3,24036.8,27167.3,25133.2,26861.3,25046.7,25604.6,24488.2,24126.8,24150.4,32070.4,23736.5,25083,24850,26264.8,29177.9,28604.1,26206.7,27424,26324.2,25324.1,26118.1,33914.9,24539.56910497172,25924.778271443152,27101.505290404042,30941.596892488637,28013.31987126271,31518.097173654165,28203.570100233133,29859.505909547875,28673.85764527292,28053.448995486724,28891.87450024361,39892.68827612198,29138.337167082722,31862.672584716067,30643.23273199823,32492.666236895784,36459.357064398006,35576.64815265631,32540.69136758387,34132.55906657046,32219.05435795918,32172.314085659174,32166.10164080469,44757.46246906148
Волгоградская область,18879.2,18678.3,19721.8,20825.2,20590.2,21245.3,21560.5,21249.4,20877.3,21046.6,21622.5,27759.1,21723,21535.7,22509,23901.3,22763.5,25020.5,23817.2,22984.8,24027.5,23745.1,24104,31059.1,22107.9,22179.4,23064.3,23814,23670,25469.5,23824.8,23208.6,23581.2,23553.8,24491.4,30487.7,23229,24077,24613.7,24978.1,26216.8,26969.4,24980.6,25070,25179.4,25003.5,26085,32580.3,25555.001617457096,25539.356092866663,26549.680774880228,27104.255973271393,28162.00358562764,29366.99160378741,27041.867835432487,27201.964330004263,27391.272344773897,27302.172465809537,28221.78430201144,35311.39397387102,28747.68911335765,28483.256851435213,29126.32694951533,30382.625322866454,30625.80369489867,31607.42846619801,29760.014258429183,29489.94365749547,29074.550520191704,29391.36703919613,30096.61904686543,37777.234234866686
Ростовская область,19454.8,19260.9,20431.1,21132.6,20890.5,22054,21447.6,21092.9,21033.4,22020,22250.6,28352.6,21016.8,20838,22263.7,23332.4,23175.2,24738.9,23523.8,22561.3,23322.8,23626.3,23660.7,29660.5,22203.1,22512.2,23562.8,24376.9,24396.2,25736.2,24917,23592.2,24265.6,24433.7,24563.6,30023.9,23402.7,24162.3,25161.2,25856.1,26319.7,28284.6,26618.5,25723,26599,26790.6,26775.9,33992,25431.57399036384,25707.929509341,27391.820250666337,28044.956360944423,28246.527093453868,29758.91042831318,28058.1887571552,27066.0647061194,27653.474608934535,27978.35029402201,27909.671071189565,35307.87844709015,27594.162120379253,28203.791289105277,29435.011229410225,30237.51128289409,30124.584430639454,32083.64430632827,30605.995361881796,29479.848867931996,30223.781844417008,30634.21806742054,30646.698069448397,38033.09569339783
г.Севастополь,,,,,,,,,,,,,,,,,,,,,,,,,19227.1,19962.6,24014.9,21951.3,21966.6,23932.5,24714,21992.3,23977.2,25384.5,25062.4,38053.6,23650.7,25511.4,24799.3,26698.3,26615.7,29257.8,26002.4,25063,26277.1,26273.6,25578.5,36662.5,25462.739835309938,26095.45370516339,28143.791429656518,26259.370005729543,25659.292072427597,28166.034973190315,26173.032732410462,25178.1311130174,27043.492968232946,25826.739876374737,27456.291182621222,37453.89998398865,28032.252004032067,27772.547672419856,29894.46116879457,29278.50089446881,29574.545741512757,32704.417405169217,29964.973607071006,29004.48297413341,30972.215243829643,30241.539723942937,31008.12667570167,44137.11940391314
Северо-Кавказский федеральный округ,16893.8,16998.5,18392.8,18389.6,19497.5,20769.7,19628.9,19131.8,19286.3,19646.6,20384.5,26322.5,19304,19098.6,20298.1,20545,20715.3,22459.6,21485.7,20165.1,20789.2,20974.2,22095.7,27225.5,20126.3,20237.7,21034.7,20924.7,21702.6,22948.1,22214.1,20962.6,21361.8,21321.6,21554.2,27257.4,20560.3,21398.5,21797.7,21749.8,22761.3,24524.3,22782.4,22362.4,23008.4,22407.7,22953.2,29240.5,21632.478980009888,22141.91875043912,23163.541504722416,23207.15607525986,23976.871190757643,26016.299478963243,24436.89459219719,23303.629199389557,24601.894820367295,23680.32668333322,24538.952087227306,31412.69542437662,24389.277069610576,25383.60003321657,25739.342419151504,25795.403551917938,27244.352222104066,28953.103034637188,26536.64761632212,25877.68585861464,25944.34176265215,26151.674841341635,26529.612079901486,33671.41422315443
Республика Дагестан,14319.9,14304.3,17235.3,16071.8,17613.8,18573.3,16895.7,16728.7,16946.5,17021.5,18522.1,21915.3,16994.5,17555.3,18840.9,18713.4,18751.1,20770.1,18829.1,17438.4,19073.8,18772.5,20657.3,26373.9,17452.2,18644.4,18481.7,18166.1,19001.2,21359.4,18630,17105.1,18838.9,18415,18302.9,24155.3,17782.6,18980.7,19303.4,18654.1,19982.1,22102.5,19365.5,18455.1,20156.4,19268.9,19840.3,25516.9,18780.563439045127,19689.359058046753,20531.467826055636,20252.50772670927,22382.716464128243,25472.636333948194,22053.256750310287,20508.60560466435,23004.755278562,20307.534176303652,21521.86141933107,27056.24897554175,21699.33657795848,23165.62245670207,23900.031602171937,23383.27485405653,25288.545036564527,28157.804976690895,24023.469336763992,22886.390867619986,24313.976043542414,23937.855780912058,24550.496262144195,31862.08662484104
Республика Ингушетия,17193.8,18902.4,20238.2,20754,22112.9,24085.3,22632.2,19063.5,20958.9,22080.2,22053,27352.7,23257.5,20242.1,20627,20410.6,20637.3,22749.8,21934.1,20208.5,20499.2,21488.2,23564.8,27300.2,22055.4,21892.6,21812.6,21597.1,22723.8,22962.5,22218.3,19916.2,20397.7,20579.2,20394.5,24860.6,20117.5,21430.6,20734,20524.7,21796.5,23497.5,20993.3,20767,20963.3,20625.9,21356.3,25480.4,20669.34994947794,21078.197947673507,21312.19815586313,21345.716420551744,22759.53240639151,25115.43177719896,22586.48243886427,20391.156999696326,21420.57305465607,20667.12969223933,21914.39357553169,25765.30185758514,23361.88335593877,25096.121701755084,25998.827202497698,25003.764413074336,28625.10034263338,28766.34668129457,23744.14531564297,23499.13352588314,24287.89891782145,24314.425471362505,25663.353350189635,29842.516587866026
Кабардино-Балкарская Республика,16647.8,16738.6,17353,17140.4,17794.4,18752.8,18383.3,17369.4,17777.9,18459.4,19101.9,23688.8,18600.7,18096.4,18812.9,18885.6,19544.6,20191.9,19712.9,18591.5,19327.6,19646.3,20695.4,24267,19397.1,19455.5,19698.9,19719.5,21358.4,21489.8,21178.9,19785.9,19996.4,19882.7,20155.9,24173.3,19724.7,20496.8,20593.8,20361.7,21280.9,22567.5,21381.1,20798.8,21233.4,20914.3,21359.3,27119.7,19820.33116097911,20142.248813636106,20690.585846079342,21187.92795590055,21219.35084017544,22361.826869844477,22137.767662245205,20980.18066812524,22515.342153146325,22328.202438697932,23352.42508211728,29498.84216512671,23826.37486142055,25161.41247645243,25142.693164837783,25679.492440286987,25441.063668690294,28312.839111889905,23489.51865115671,22873.249397358188,23948.327664530156,24427.076890011784,25318.32137128359,32621.81808644068
Карачаево-Черкесская Республика,16047.7,15455.1,16616.4,17293.5,17986.7,18557.5,17668.8,17025,17738.3,17904.4,18811.6,24303.9,18405,17740.7,19222.1,18689,19057.2,20523.3,20327.7,18792,19429.9,19113.2,20814.4,25857,19063.6,19510.3,19978.6,19527.7,20185.9,22772,20779.3,19782,20117,19622.3,19931.9,25014.9,19639.7,20323.4,20598.2,20140.1,21170.5,23107.5,21515.9,20656.9,21664.1,20585.4,21540.3,26425.9,21143.327815832217,21488.47072328476,22240.421084608966,22187.203679186216,22762.589789250276,24771.0817985277,23212.842427734908,21480.188461485068,22314.476077754476,22506.681731195564,22731.73508903966,30020.76585488815,23653.3562411099,23448.587768422527,24214.564860821916,24855.84788769034,24742.04592054804,27024.673175092208,25464.457169158915,23947.204417536715,24454.583295281573,24477.793715727556,25699.39984381971,32014.012085863647
Республика Северная  Осетия - Алания,17856.1,17404.5,17349.2,17995.2,18616.9,19238.2,19375.2,18422.8,17958.1,18615.1,19977.6,31110.3,19697.6,18859.9,19696.2,19413.6,19437.9,22428.2,19685.5,18225.3,19217.8,19427.2,20456.8,27253.9,19600.9,20066.1,20241.2,20283.2,21456,23906.3,20442.9,19147.7,19988.1,19918,20269.4,27118.1,20169.8,21388.4,21271.2,20707.1,22871.3,24599.5,20829.1,20438.6,21167.8,20965,21683,28911,21178.86928375794,22066.242677323728,22412.804839686498,22601.6032319373,23598.11139349183,26695.27738009933,22589.632875535415,21189.073615370467,23133.6800374249,22611.02741856923,24129.45929965845,36406.811284401396,24233.868078241514,25884.898746919676,26360.544831378178,25744.143475076555,27020.14184380367,30083.642384573173,26784.293242598756,24349.31638775925,25351.36561217187,25487.62973091825,26107.81954361442,34142.60239436191
Чеченская Республика,18691.7,18327.5,20223.9,20050.1,23409.1,23850,20920.3,20855.9,22035.2,20924.9,21706.4,29141.7,21184.5,21147.1,22140.7,21231.2,22066.8,23713.7,21595.5,20944.6,21950.4,21776.4,22091.9,26119.6,21393.5,22223.1,22235.7,21703.8,23002.7,21712.6,21594.5,20717.2,21623.3,21368.2,21544.8,26088.7,21195.7,21913.6,22364.2,21896.9,22301.2,22999.1,21816,21189.2,22326.1,22376.2,22646.2,27571.8,21927.721662287782,22825.247269654807,23281.242570716375,22768.14562780696,22873.65337707445,23661.49250561741,21584.460095978844,21124.840577996816,24168.238610299853,21728.621542979887,22463.90635072762,29138.103556563052,23806.68151696425,24339.625708413692,24999.299914378462,24564.838156817117,26590.319716478385,26115.8105976897,25389.35174255488,25147.888073341255,25621.85508730809,25744.94655005798,26107.78492313019,32598.881639195566
Ставропольский край,17741.6,18119.7,19057.8,19479.5,20073.4,21890.9,21021.1,20647,20372.6,21111.6,21390.7,27632.3,19884.2,19660.7,21035.9,22022.8,22001.6,23613,23545.4,22142.2,22081.3,22584.1,23439.5,28677.1,21380,20656.2,22505.5,22602.5,22965,24206.8,24890,23775.7,23305.9,23581.2,24011.1,30240.4,22186.8,22836,23508.8,24080.9,24860.7,26802.5,25727,25688.3,25684.9,24961.6,25504.5,32760.7,23665.452394846776,23839.397871335037,25448.513124494148,25749.77206541039,25991.726611387574,27812.748364937754,27671.681860461103,26773.36411412157,26786.97276377523,26975.44146255326,27586.010586368942,34548.824532985105,26342.983325402573,27110.3250942055,27122.759798568753,27696.636328590077,29077.24518177776,30452.911481991076,29131.671052818372,29001.31235350487,27768.6009731554,28339.522708422734,28256.252215620963,35676.71940114124
Приволжский федеральный округ,19935.4,19950.2,21166,22180.8,22350.2,22890.5,22457.2,22277.2,22068,22650.2,23092,29301.7,22406.9,22149.3,23351,24492.2,24557.5,25245.2,24575.9,23857.9,24351.1,24615.8,24680,31426.6,23636.2,23701.2,24611.6,25773.4,26200.3,26698.8,25731.5,24799.2,25259.2,25487.6,25321.5,32114.4,24634.9,24975.6,26028,26754.4,28062.8,28352.1,26615.9,26825.1,26949.9,26691.1,27230.8,34355.4,26190.52616431653,26580.978345570144,28091.832060708395,28581.066209663608,30135.323984179853,30320.77344900748,28292.47245539186,28397.42115272204,28590.551744025546,28763.821046965222,29169.114432071812,37162.53760349893,28758.18269504464,29343.32901833923,30533.765830218428,31125.821574168545,32773.48214749929,32757.667714364237,31149.335894621767,31209.31126886568,30951.049180571325,31466.74929094713,31822.080819464347,39680.49880681918
Республика Башкортостан,20137.5,20069.9,21378.5,23173.7,22671.5,22758.5,21840.5,22246.2,21733.4,22470.4,23138.9,27957.1,21788,21611.8,22492.3,25505.5,24172.2,25305.8,24221.7,24359.2,24964.3,24973.7,25332.8,31037,24145.1,23834.9,24543.7,25562.4,26007.6,26296.5,25606.8,25583.2,25367.6,25713.8,26171.2,31694,24921.8,25163.3,26163.4,29065.6,28840.2,27874.6,26786.4,27519,28108.8,27217.6,28108.6,34050.2,26899.834969317042,26915.843767486353,28093.09359999789,29140.309350232736,31982.67471493703,30743.16781101747,29431.152048907745,30186.9613747698,29866.455889692323,30035.351565619785,30619.533672765483,37694.180073984986,30190.21392247331,30410.674659739787,31655.201468085867,32086.887990123774,35212.86808539335,32990.7579715064,32291.83962674264,33028.25009081083,32478.427209306217,32857.253451213066,33137.4411285317,39746.20360465292
Республика Марий Эл,16041,16714.7,17318.8,17964.1,18379.7,19299.7,18910.2,18730.8,18278.1,18372.7,19305.9,23571.3,18745.3,18070.6,19054.3,19826.6,20445.5,21482.9,20424.6,19556,20163.9,20663.5,21012.4,26699.5,18883.3,19568.1,20629.5,22475.6,21881.8,23143.2,21309.8,20843.2,20937.3,24404.1,21403,28613.2,20332,20295.9,22104,22076.2,24666.9,24571.8,23725.8,22647.6,22512.8,22098.1,23094,31118.1,20993.58064017396,22814.924287596645,26816.371756981072,23616.83387738099,28831.50027179551,27014.335653157093,24657.247610312228,24736.645483346212,25234.811841883373,24755.588293724722,27401.333116454512,31526.89416720282,24952.91140710166,25272.89283189192,26591.330698632028,26029.381846964432,27723.571859016072,30558.234301526332,26960.13519830143,27055.95344911107,27388.242059105563,27150.967400484427,28232.368592393832,33767.78053030214
Республика Мордовия,16060,15992.3,17332.6,17203.1,15805.6,19026.2,18783.5,18513.1,18105.8,18214.9,18590.6,22977.6,17419.1,17936.8,18622,18767.7,19216.2,20192.5,20721.9,20245.8,20739.3,20349.5,20688.1,26276,19403.5,20052.1,21308.4,20992.8,23252,23558.4,22031,21957.4,22645.7,21360.7,21285.7,27293.7,20285.4,20619.4,22266.5,22652.2,23258.1,24459.6,22967.2,24315,23860.3,23283.9,23784.1,28381.1,21980.950255430365,22086.695331374496,24134.415045160375,23604.240860988342,24726.518144210622,26208.365628833082,24666.573233723608,24863.740230533585,25358.05722809387,25150.45163406578,25281.880472160276,30828.137669079373,23957.978384224472,24762.802032985997,25775.11749717862,25586.147715941228,26560.36764300207,27585.823622933825,27431.614433566203,26964.008144743904,26168.32291077252,26354.700211296695,26999.40090163798,32748.686044221682
Республика Татарстан,23042.1,22942.7,24241.6,25631.8,26225.3,25758.4,25762.1,25266,25533.6,26019.8,26422,35195.7,25698.3,25259.4,26463.3,28024.2,28914.6,28975.2,27826.1,27532.8,27970.8,28554.6,28395.7,36547.3,27119,26761.6,27758.7,29004.9,30881.7,30287.6,28917.5,28006.4,28648.3,28730,28497.5,37411.8,27988.3,27842.7,29279.4,29681.2,32210.7,31748.1,29588.6,29793.6,29655.4,29463,29943.4,38623.6,29299.802124876034,29644.543796955753,31543.04774634465,31874.172965733174,33376.79184833174,33433.45114179108,30848.648853483723,31448.459784798903,31486.09597233125,32277.2537938346,32358.425483857423,41841.7222461605,32164.755782824337,31889.236785681336,33179.23574877742,34862.734222666404,35934.67384877658,35311.79920245777,33760.61575609398,33893.93012780717,34116.54536753066,34866.94235172711,35722.35414912901,45310.130943387856
Удмуртская Республика,19139.3,19074.7,19868.1,21204.2,21506.4,21504.6,21651.7,21587.8,21080.6,21864.6,22087.3,26848.4,21437.9,21925.3,22606.4,23511.2,23483.6,23996.1,23664.6,23027.2,24113,23563.4,23760,29333.3,23260.2,23017.5,24227.2,25266.1,26142.5,26085.6,24912.2,24605.4,25225.9,24981.3,25193.1,30457.3,24694.9,24092.7,25347.1,25770.1,27806.5,27813.5,25943.8,25909.5,26383.1,26681.7,27046.4,32191.6,25693.643842935868,26492.64508570222,27215.548942133017,28218.43538443391,30133.61263561974,30702.749766561905,28049.388971898625,28203.10829707571,29404.923263941906,29324.573275319806,30004.784343011805,36306.62354320887,27628.132454580653,29435.135512826273,30688.509380722673,30836.072941712137,33742.02115218748,33857.94787926927,31147.364826540346,31038.93012370401,31587.3614255413,31037.101365192568,31989.519383983406,36936.292195240705
Чувашская Республика,16891.9,17047.4,18292.7,18730.9,19147.9,21100.2,19380.8,19344.8,19502.4,19484.3,19853.6,24618.1,18868.3,18635.8,19711,20224.8,20980.4,23075.5,20537.8,19793.8,20749.1,20723.9,20482.5,26516.9,19682.7,19612.2,20516,21015,21518.2,22984.7,20622.5,20495.4,21060,21019.9,20690,26883.7,19956,20364.1,21652.1,21467,22341.8,24748.5,21581.5,22436.8,23572.8,22971.8,23003.7,28962.1,21788.904955891805,21982.763675586695,23505.918554364827,23592.146132202,24743.448635262757,26973.569511765254,23305.306856408653,23784.78854106143,24273.4785306108,24674.635344501734,25050.147107320732,31036.51557962237,24333.220080745832,24507.80488790888,25913.351359414963,26019.258932179124,26911.99498022479,29063.9001359396,26178.01363668483,26881.904395736106,26666.651620775134,26658.067434800814,27028.02201514185,34105.15139624172
Пермский край,21780,21473.5,22901.2,24139.7,24239.7,25732.7,24500.8,24126.8,24173.8,24606,24683.5,34898.1,25655.6,24279.6,25414.7,27408,26780.3,27969.9,26962.8,25874.3,26275.6,26469.1,26592.8,36868.8,25826.2,25446.2,27417,28248.3,27983.7,29541.2,27997.3,27112.2,27443.7,27535.4,27276.2,37320.6,27347,27882.5,29344.2,29731.5,30390.7,31991.7,30433,30025,30167.5,29913.8,30389.1,40244.4,29522.217583980364,29841.135946210048,31884.269675231517,32565.10165922673,32767.432414290754,33877.33065563063,31185.103266787886,31026.640395313436,31420.183892129357,31347.486668967227,31982.707878488294,42192.52680856814,32009.0149336624,32753.90937628552,34479.897985170515,35246.94226592744,36134.26992902535,37066.656805313,34319.48712060366,34257.38826169184,33714.22411120546,34438.56862804602,34809.0079557115,47483.71380484027
Кировская область,17276.3,17168.4,18383.6,18404.7,18903.7,19285,19858.4,19312,18788.4,19764,20099,24656.4,19513.5,19096.4,20061.8,20242.2,21085.7,21519.5,21631,20358.9,20540.1,20809,20734.8,25580.1,20483,20073.6,21216.7,21452,22380.5,23578.1,22015.5,21195,21499.3,21808.4,21584.4,26435.2,21747.9,21539,22887,22761.4,23712.9,25211,23387.4,23326.1,23129.7,23542.1,23671.2,28671.1,22898.16181155976,22581.145636476333,24163.41140587717,24216.7780569733,24899.786439222935,26795.406193730953,24742.721711136273,24098.166944212277,24714.77228003273,24809.791001801157,25040.041895924773,30914.103568368933,25163.146982397528,25316.036433487432,26564.289302524874,26680.761200697594,27874.250804201954,29616.52660990958,27576.11378349604,26974.47902652275,27117.30390130218,27375.597847377227,27579.70724382554,33453.03463974923
Нижегородская область,20428.8,21121.9,22179.4,23227.5,23740.3,24355.6,23420.8,23096.2,23117.8,23887.6,24375.7,32454.9,23538.3,23746.8,24683.7,25591.2,25912.6,26543.7,25219,24750.7,24971.3,25900.2,25629.1,34899.3,24447,25657.1,25837.7,26674,26833.6,27628.6,26533.1,24755.4,26198.8,26269.4,26386.1,34263.3,24958.7,26241.3,26730.9,27672.5,28570,29322.5,26888.9,27162.7,28040.1,27480.9,28717.3,37261.5,26727.15210274448,28530.014029063972,29290.36264874516,30300.77105645562,30864.958277951737,31478.83412353936,29063.498750074017,29199.308047980998,29303.392197477933,29401.898299475077,29883.40004155156,43004.631297507185,28980.102254264115,30998.883816865076,32399.200623405188,32936.232947064454,33395.31864407817,33900.219993726205,31529.014652584116,31691.691943584996,31170.43010896418,32513.647703491955,32972.93754997126,42519.07500892579
Оренбургская область,18861.3,19509.6,20632.1,21238.1,21118.7,22345.1,21510.1,21574.9,21239.4,21393,21601.6,27265.1,21530.7,21377.6,23545,22848.5,23970.3,24364.5,23495.8,23435.5,23474.8,23297.4,23072,27965.6,22885.8,22875.9,23899.5,25446,25850.7,26032.8,25431.9,24352.8,24427.7,24140.4,24022.4,29860.2,23820.9,24286.9,25158.6,25822.6,27523.9,27220.5,25434.3,26442.8,25698.4,25258.2,25392.5,31470.7,25319.34450684283,25179.76260122151,26603.54328294336,27124.998002560413,29285.458798034837,28203.7788706427,26767.999023546585,27129.494749659803,27225.57351625506,26661.49418877124,27383.330535879533,32925.01524947251,27499.223819060542,28832.298591569528,29222.117119635186,29283.148494595156,32387.828997544944,31207.34639100714,30100.335423992954,30452.20946884522,29777.24524387002,29633.207741578488,29891.78143393921,37850.11222379104
Пензенская область,18138,17808.9,19417.4,20003,20350.4,20740.6,21015.7,20977.6,20690.3,21091.7,21583.4,25971.6,20284.9,20135.8,21068.3,22361.3,22281.4,22367.5,23059,22318.8,22437.6,22605.5,22637.5,27458.6,21437.4,21577.2,22316.1,23300.4,23769.4,23697.1,23967.3,23473.2,23026.6,23241.5,23089.1,27664,22693,22838.6,24101,25114.4,25395.4,25986.9,25708.5,25769.8,25258.6,25309.2,25566.1,31318.7,23548.86578955831,23871.580564607484,25875.160959412315,25469.576806527693,27046.929158461433,27319.904634593742,27153.64248302709,27487.27170208539,26297.44925076174,26380.06680323848,26463.328032243106,32007.537145093644,24571.187252057676,25197.009346972965,25324.34193201653,26580.155534602025,28500.517002079494,29892.47839473284,29033.579588640067,29403.812921386918,28667.725289563907,29423.95487569786,30112.197901623196,33341.63659540224
Самарская область,21227.6,20620.1,22031.5,23116.3,23073.2,23560.5,23410,23506.9,23087.4,23956.4,24485.8,29276.4,23578.7,23207.3,25586.6,25815,25314.3,26101.2,26734.5,24407.8,25618.4,25841.8,26445.3,32646.6,24742.8,24786.4,25731.2,28176.6,27131,28021,27918.6,25901.1,26608.7,27607.1,26904.7,33794.2,25872.2,26387.2,27140.4,27218.2,30075.5,29915.5,28341.5,28179.5,27933.8,28022.2,28412.1,34700.6,27594.036794305037,27257.311190380704,29212.03468992324,30214.952135959447,32259.986146209067,32021.045047003587,29877.11314363994,29065.31894849813,29566.701110124675,30042.21010382121,30241.59119046857,36519.46844764976,30285.93524296088,30367.696510276182,32257.540242020314,32698.678729324878,35327.08746146887,34587.43267288154,34052.15644960713,33272.673814444504,32852.225777399224,33614.61740899618,33086.37966069254,40650.77533187444
Саратовская область,18526.2,18303.3,19567.2,20254.3,20493.1,20852.9,20723,20187.4,19914.5,20442.2,21129.8,25597.1,20174.2,20019,20804.7,22228.5,21941,22535,22298.7,21417.6,21536,22131.6,22005.9,26932,21025.5,21126.3,21602.6,22901.2,22928.8,23591.4,22742,22031.1,22191.7,22082.4,22049.1,26221.1,21676.6,21922.8,22520.9,22972,23773.6,24265.7,22797.6,22698,22793.8,22633.5,22960.5,31196.5,22609.56737161601,23132.707621322,23960.06909034262,24026.93145529592,25069.77667414952,25545.932688653756,23921.195297584756,23979.717674587384,24183.366626290535,24258.52252517706,24477.784806033556,31402.703073234065,25275.103105461418,25518.390746038975,25644.087121088807,26364.22252923446,27254.367390290314,27788.25885303824,26209.422188065426,26075.00002415403,26101.75029226223,26409.465073208827,26554.65395833591,32575.332490845976
Ульяновская область,16833.1,17360.6,17930.3,18308.9,18978.2,19303.2,19798.3,19254.7,18709,19540.9,20017.3,24074.1,19380.9,19205.7,19817.4,20608,21306.3,21827,21179.5,20531.7,20780.5,20930.2,21098.7,26486.7,20407.4,20873.9,21755.3,22558,23146.4,23471.5,23097.1,21852,22265.5,22823,22593.6,28704.7,22205.1,22846.7,23711.2,23655.5,24368.3,25442.7,23875.6,23904.8,23930.1,24245.9,24576.2,30415.1,24134.198968692745,24069.207767762957,25406.307337957867,25353.136915828356,26254.790438381904,26809.12211296438,25972.144556192452,25146.64424774382,25692.930020757485,26010.100026340213,25871.967837703218,33471.98765194069,26714.078204784022,26462.25231954519,27399.992453101422,27327.183247664558,27757.351090397344,28566.348506858136,27248.130703529983,27496.316304425818,27511.238027334988,27983.672845034464,27927.04211095366,35715.410561454875
Уральский федеральный округ,30807.6,30914.4,33673.2,35968.4,34558.8,36009.6,34543.6,33667.2,34658.2,34161.9,34194.2,45544.7,34027.9,33598.8,37153.8,38844.2,37973,39186.8,37054,34900,37270.1,36173.1,35642.6,47308.3,35566,35876.1,38167.1,41529.3,40334.3,41337.1,38824.7,36873.3,38663.6,37665,37277.2,49151.7,38038.5,37998.1,40411.5,42036.9,44146.8,44079.2,40551.6,39410.2,41251.4,39958,39742.3,53179.3,39671.85518977622,39814.54809517279,42873.60731865057,45433.243146944034,47724.421506923754,47448.9313192855,42402.009539113635,40666.06263252052,42374.16727649609,42173.44577917397,41716.747314555534,55129.88097623462,43098.84910670332,43581.29500586999,46697.70991426346,47206.79877152142,51417.03993498977,50237.54686647273,46409.91172065734,45192.41734284375,46160.91641019478,45063.67666194232,45190.271281207104,59752.25163011857
Курганская область,17057.2,17050.1,17982.7,19266.9,19568.7,20685.6,19650.1,18700.4,19542.3,19436.7,19871.4,25242.3,19721.8,19055.9,19532.1,20660.4,21177.5,21786.7,21328,20462.9,20905.3,20831.9,21288.2,26584.5,20145.6,20411.4,21150.9,20641.2,22501,22540.8,21943.5,21611.5,21722.9,21613.6,21482.9,26998.5,20931.4,21113.3,22596.6,22021.2,24453.2,25173.5,22734.5,22675.7,23088.9,22943.8,23491,29324.8,22588.59995612989,22445.95393301199,23862.219874959468,24047.648543650615,26561.48117667741,27260.053919768765,24771.664321694265,24529.21535446617,25640.18713157575,25656.998113543235,25022.174377733554,31571.049484264517,25548.408337392222,25509.702776474987,26621.887476242136,26501.668704118092,29707.107606606955,29506.675412110577,27399.59753191737,26981.222122512292,27084.681346405185,27017.567724463817,27886.61451676283,33552.65989605034
Свердловская область,25337.6,24945,26794.5,27908.3,27183.8,28388,28200.6,27289.5,27399.8,28669.2,28881.5,34822.6,28042.8,26972.3,28517.5,30102.8,29885.1,30955.6,29855.8,28167.7,28986.1,29936.5,29917.2,35998.9,29054.1,28653.3,30347.7,31107.8,31166.3,32649,30920.7,29252,30158.2,30547.5,30623.2,37606.5,29961.9,29873.6,31309.9,31781.7,32826.3,34127.8,32045.7,31637.6,32279.7,32630.7,33320.9,41029.9,32256.500282926805,32861.98364183104,34061.18391158402,34661.68237219118,35984.7743034753,37438.70686359518,33061.05226488562,32049.924003019612,32669.80844074249,33686.00807846211,33623.15632540418,41646.002567759584,33809.36500289525,34437.64804521999,35336.67731490549,35910.500840290326,38729.7108225734,40338.331713316074,37804.89813110575,36471.267928755304,36787.31415608853,36221.821199408936,37604.52887178697,47241.53556568519
Тюменская область,44535.7,45270.2,50645.5,54603.4,51193.8,53353.1,49390.3,48364.1,50998.9,47499.3,47248.1,68673.7,48190,48528.7,56467.1,58139.6,56375.6,57846.9,53117.2,49491.5,55113.5,50185.8,49002.3,71191.4,50293.7,51027.5,55293.3,63238.3,59498.5,60385.8,55501.3,52557,56410.4,52428.1,51528.1,73563.5,54950.3,55160.5,59319.3,63085.1,67432.4,65262.8,58535.5,55511.5,59784.7,55278.7,54077.3,78722.2,56267.02137289249,56017.25984458508,61906.27001570268,67375.88592453483,71682.82137073437,68430.89316659252,61564.68367124945,58321.96089658828,61942.575087946614,59737.30743273142,58645.47098228348,83715.84579817753,62084.131480534474,62882.02146712221,69655.90757840882,70333.89931706326,77614.14528239275,72097.28346846935,65580.71809077357,63800.7008728128,66178.63093646026,62978.89950563043,61936.511754755265,87464.66440655384
         в том числе:,,,,,,,,,,,,,,,,,,,,,,,,,,,,,,,,,,,,,,,,,,,,,,,,,,,,,,,,,,,,,,,,,,,,,,,,
Ханты-Мансийский  авт. округ - Югра,47160.9,46897.9,55058.6,53998.2,53742.2,57843,51975,50908.4,56749.5,50692.3,50511.3,78512.7,50575.2,50390.4,61452,57310,59415,62304.3,56341.7,51679,60697.6,52662.9,51040.7,80911.1,53191.6,52930.8,60138.4,63379.2,61573.5,65525,58885.8,54269.5,61706.6,55190.8,53450.8,82992.6,57415,57025.5,63101.1,61446.5,70641.1,71075.4,60899.9,56361.6,65031.4,57275.9,55641.2,87979.7,58625.75773335916,56902.83335426834,64635.24542566705,64768.47046596232,74159.26940532216,73340.30964703237,63000.062017067,58866.51863524602,67116.49303019416,61508.328120716,59552.38403935262,93659.95454402475,64151.7880750697,64541.95563036382,72917.04560803129,67550.76333730582,78191.19605871265,76795.01660887497,67599.4592381761,65065.054861005505,71579.69085510352,64575.29159282608,62555.110906380236,95941.02359736095
Ямало-Ненецкий авт. округ,62591.6,65436.4,65851.9,86809,73131.8,71517.5,67552.8,65470,65447.3,63344.6,62171.3,84047.6,67194.5,68252,73467.6,90185.1,81474.2,78332.5,72265.5,68010.6,71795.7,68029.2,67112.1,87910.6,70115.5,71151,71948.7,99226.9,86301.5,79280.8,74963.2,72816.5,73213.3,70438.7,71080.7,89941.3,77880.1,77992.8,80437.5,101554,94768.5,86719.7,82525.6,78247.1,77392.8,75630.1,74205.2,98971.3,80259.7854965222,82329.23835695905,86741.25531809525,110635.72629481048,105617.01292632794,93377.07518096255,86971.01564228293,84204.59955457754,81840.57314383602,82769.49518099829,81481.46496396796,102750.08338462371,88232.15478352323,91312.47876105063,96772.06077662535,112884.17270993874,117681.64843459288,98366.21116453865,91307.57734482814,90869.35301672801,86012.60566277303,86532.43309925366,86560.33434357216,113623.51049966172
Тюменская область без авт. округов,26705,27448,31838,31757,30656,32186,31489,31404,30829,30746,30996,41216,30600,31003,35595,36173,33051,35574,33746,32373,33634,33182,32642,42916,31263,33332.1,35188.4,37043.4,36645.9,38092.5,35631.3,34899.8,35104,34564,33947.7,45734.1,33826.6,35077.6,37434.1,37261.9,41906.9,39917.3,36924.6,37254.7,38093.4,37010.6,36736.2,49016.4,35546.54533173197,35935.5514146802,39825.25592655388,40912.39422806701,43524.718211325875,42618.880709668454,41094.96639939746,38767.25310011509,39068.091569815595,40236.963818687786,40714.985266879936,53558.95481317215,40175.558068364175,39990.35903791741,44842.90947692279,44395.69519850174,48590.03125162746,45960.73894199766,44030.991668903545,42634.81574255369,43486.28148739602,43909.61412886876,43729.080000496804,55663.05466228395
Челябинская область,22949.1,22902.1,23714.9,25597.4,25327.1,26148.8,26214.7,25602.1,25538.3,26658.7,26720.8,32900.5,26101.3,25527.1,26472.9,28258.4,27417.7,28481.5,28107.7,27076.8,27517.3,28610.6,28058.6,34097.6,27459.1,28120.1,28882.9,29921.9,29925.9,30524.3,29852.5,28566,29019.5,30191.1,29790.9,35281.7,29158.3,28651.6,30166,30719.7,30987.5,31900.3,30474.2,30160.5,30388.7,31270.1,31095.4,37503.7,29263.676131280743,29284.626948692592,31040.213269028216,32335.087808664444,32726.7292886693,34305.37777450686,32037.32937904563,30997.187587687593,31713.459848451854,32599.61912978057,32511.899128587076,38246.373623503874,32959.524703677496,32679.90488233066,34149.26924746208,34554.28486820167,35424.2608725862,36401.53170058891,34270.87991731133,33775.03173123275,33873.05066569854,34983.68481677913,34943.77310952336,42401.27753219278
Сибирский федеральный округ,23856.9,23394.3,24986.8,25814.8,26454.6,27343.5,26201.9,25569.6,25957.3,26799.3,27355.3,34375.6,26476.9,25597.4,27315.8,28044.4,28659.2,29467.8,27877.7,26619.4,27467,28359.8,28619.4,35674.1,27541.7,26999.2,28387.3,29966.2,30084.4,31075.4,29110.2,27852.3,28738.2,29460.8,29385.4,36529.2,28722.8,28507.8,29922.2,30547.4,32544.8,33260.2,30182.5,29799.4,30629.8,30862.2,31348.1,39699.3,30637.299520226952,30569.898466001665,32667.228583253993,33198.15931857532,35291.708846319845,35725.03408181289,32324.214327293008,31934.365481182682,33024.65851269042,33526.45333669513,33972.51177865728,42989.10979862315,33910.04442675339,34492.10265321709,36329.67466221824,36624.85099351932,38728.32857760026,39955.208605353,36115.17591105028,35333.981049900685,36471.989953267854,37235.24035287792,37764.246445783676,46970.68691275432
Республика Алтай,19126.3,17896.6,19397.9,19593.2,20348.7,23652.8,19134.9,18655.9,19599.2,20307.3,20554,28664,21345.7,19868.3,20752.4,21745.1,23067.6,25434.4,21454.8,19904.4,21416.2,21695.5,21120.7,29722.3,21123.9,21587.3,21717.3,22048.3,24030.8,26277,21276.5,20214.7,21670.7,21976.6,21766.9,28967.6,21884.5,22498.7,23171.5,22513.5,24464.1,28603.3,22443.9,21976.1,23158,22582.6,23609.5,31032.6,22655.091382474133,23977.983019482097,23755.478730724786,24669.73022029825,26925.23026642356,29836.662107920965,23703.021603634497,23099.277005813456,26300.539934004508,24826.47267715935,24996.913112550774,35025.942816061404,26437.37717309155,26889.448914902667,28381.832592321512,28405.644618386985,31422.0823054627,35501.13187360021,28348.776309713583,28444.901191542005,31029.236052318804,30548.009304701245,30748.32100168942,40025.0909769089
Республика Бурятия,22841.4,22022.3,23837.9,25403,26316.8,29116.7,25035.5,24077.8,24918.2,26026.6,26616.3,35753.5,26706.3,25020,26358.7,27010.2,27551.1,29979.4,26750.9,24166.3,26735.5,27762.8,28109.4,37488.7,26725.3,26245.2,27943.3,28008.7,29473.4,31949.5,27597.9,25378.5,27355.3,29003.3,28701.7,36459.7,28132,27838.1,28949.8,28903.5,30353.2,34013.9,28684.2,27137.5,28860.7,29886,30987.6,39183.9,28659.860192062075,28820.775159085195,32115.06401285689,31306.93746591362,32161.261323073526,35259.675638513574,30413.89854088432,28474.841019531086,30382.259774987244,31792.49560978644,33400.31185958126,42296.49699656221,32318.245481732083,31967.481588210674,34596.05428873019,35489.63854536128,36970.58029959571,41474.458415417044,34546.50804817763,32332.076859828157,35038.34298815399,36091.67641445852,37867.295492173405,47039.97971129029
Республика Тыва,22458.4,21111.3,22965.6,24009.8,24822.8,28960.9,22574,21920.1,24873.5,28592.7,26273.9,38705.2,25752.5,23603.9,26331.3,25730.9,28055.4,34499.5,23263,22580.1,26560.5,32082.5,26333,38172.1,26258.2,25637.1,26964.9,27277.2,28879.4,36533.9,23790.2,23965.1,27320.9,32547.2,26905.7,38351.1,27289.7,27114.6,28274.8,27460,31310,38245.3,24076,24447.9,28231,33401.7,27727.1,39214,27698.90627249997,28649.88480396911,29528.08566971517,29648.71366375441,33545.74186774036,36490.10660291285,24702.140708158593,25024.264968865908,28951.30250440948,35262.35891892422,29987.44870619708,39581.55346412515,30713.282633572606,31158.99555466369,33536.93252983917,33131.78568071137,35038.948438194544,43787.673429163515,28667.38263482773,29419.54803886162,36067.19677203489,42853.535818951495,35619.233076836426,47016.680876385166
Республика Хакасия,24601.1,23492.6,25457.9,25789.1,26722.6,29328.7,25963.4,26101.5,26753.5,27710.4,27235.3,35370.8,27807.4,26182.6,27992.2,27501.4,28604.2,31257.8,27621.2,26629.6,28146.5,29282.4,28974.9,37545.5,28476.4,28629,29668.2,29918.8,30570.1,32884.7,28395.7,28162.2,29171.8,30472.7,28917.9,36908,29311.5,29225.5,30118.1,31304.7,33399,36252.5,30270.9,30759.1,31613.1,32898.1,32282.7,40449,31815.623773256553,31994.5680664057,32466.46252558512,33544.05658899352,34701.32392359949,36729.66392048825,31992.704914968752,32197.13584872264,33562.06454737757,35184.19912391264,34078.24668512834,43663.79735780211,34525.023459362,34754.17179916381,36508.25014605814,36263.05691905469,39884.8691695064,43093.91575347935,37682.91070785521,38803.347291112164,39113.03339426209,37357.52521051333,37949.38986487536,48427.992032789436
Алтайский край,16266,15821,17029.1,17180.7,17588,18866.3,18068,17672,18053.1,18573.5,18664.2,23621.3,17809.4,17319.1,18596.9,18732.4,19356.4,20592.7,19514.5,18621.1,19450.6,19531.5,19678.7,24279.9,18408.4,18184,19307.4,19375,19993.2,20780.6,20238.8,19183.6,19582.4,19875.3,19669,24919.4,19209.2,19241.1,20048.2,20187.7,20802.2,22318.2,20918,20069.3,20872.8,20777.9,20820.5,27208.2,20301.77438373104,20091.40821910468,21816.82600294072,21953.09278963546,22503.840954751162,23720.10606316867,22388.757721791426,22047.56345599229,22946.2067677986,22608.638491538342,22955.082151754974,29468.626706871673,22546.13903718288,23070.787917406535,24156.279901249993,24329.76613115381,25135.971500499913,26860.446656948316,25773.927868596547,25091.390186329925,25656.713018300026,25620.805286008832,25959.759054079568,32186.916488602325
Забайкальский край,24294.7,23847.2,25361.1,25357.7,26841.1,28717.5,26281.7,24884.6,26234.1,27270.6,27950.4,38160.2,27178.9,25920.4,27352.6,28060.7,29546.6,31652,28893.8,26157.4,28150.7,29556.7,29276.1,38089.4,28397.3,27790.1,28874.5,31087.7,32157.4,33990.4,30284.8,27593.5,30402.9,30348,30421.2,39021.7,29763.5,29692.7,30515.5,31116,32316.4,36054.4,31149.8,29610.8,32918.9,32201.3,32709.9,45031,31219.676961773566,31085.22909864632,32972.73463198072,33236.61619755573,34904.879933233475,37926.08797268428,33056.0742852762,32075.38577288413,36085.3833361591,34596.206423673764,36153.17645526479,45358.5854100622,35272.23863008654,36132.95659819947,37038.644606783564,37860.70890357816,39617.51104519557,42567.166007358544,37871.68805000809,35680.97010672115,39948.8405617778,38934.904774546965,40727.75571425611,55263.95590748549
Красноярский край,28687.8,27890.4,29861.8,31408.4,31446.6,32032.6,31895.7,30808,30939.3,31720,32325.7,41088.3,31529,30814.5,33191.9,34031.7,35962.2,35341.4,33728.9,31294.5,32715.8,33444.7,33809,43008.4,33153,32409.3,33863.9,36817.7,37236,37096.6,35043.5,33148.4,34617,35207.8,35534.8,44711.1,35423.9,34665.5,36387.5,38501.9,40963.7,40200.1,36701.5,35567.7,36675.9,36987.7,37519.2,47646.8,37056.34519214995,37079.89576440406,38755.11655189042,41471.92279796534,43786.34944155777,42070.132873529066,38872.23796360992,38092.06308586816,39727.90397912156,40133.80388577019,40632.600059779164,52241.58570441148,40617.17235161176,41565.60486218585,43029.4986626143,44854.22213884949,48056.81314439541,47408.89114411776,42929.036671459566,41218.896145802406,42987.6859359937,44286.851236079434,44692.24933796465,56392.78058916177
Иркутская область,26328,25685.1,27290.5,28097.5,30357.3,29992,28162.3,28083.2,28785.9,29561.8,30850.6,37639.6,29617.7,28644.5,30815.3,31603.6,31945.3,31811.4,30544.7,29758.1,29754.7,31032.7,32379,38981.1,30583.7,29854.9,31245.6,33861.9,33171.7,33635.6,32113.7,30791.6,31488.9,32561.3,32538.7,39653.3,32684.1,31766.7,33294.2,33134.2,37463.3,36590.6,33630.8,33198,33828.9,34557.5,35698.3,42940.4,34262.45169779365,33813.459921792826,36820.33227858536,36343.500200584174,40527.59236283892,39270.04777802746,36119.66824106605,35460.744202215494,36386.056836820084,37748.666341378645,37916.50351996886,45927.8658954371,37959.6004286527,38522.52323728454,41203.03873917455,40437.38637055271,44734.48296774681,43640.55541444416,40679.35645245962,39661.86558052475,40552.00831434345,42229.41077561101,42920.8368323986,50484.03691394241
Кемеровская область,23134.2,23230.2,24633.9,24683.5,25678.4,26288.5,25010.6,24663.3,24796.2,25411.6,25679.9,31018.1,25530.7,24604.2,25811.5,26211.3,26989,27712.6,26155.8,25528.9,25967.5,26709,27047.3,32475.3,26828.7,25971.3,27314.7,27827.9,28634.8,29354.4,27873,27325.2,27703.3,28022.2,27912.7,33967.4,27669,27160.2,28669.5,28725.6,30338.5,31128.9,28851.7,29126.1,29196.1,29467.6,29760.4,37788,30129.038948481266,29665.831546156114,31704.041733848928,31713.281683427944,33700.5460452898,35086.71411842863,31708.357136736584,32343.564028304194,31565.395481961612,32190.577507927894,32059.55613798115,41307.77632184198,33384.16009203632,34144.32246013084,36218.23989176398,36179.210621592865,37710.56509213424,39691.465788438785,35989.19459192952,36727.24185266803,36677.2848069208,37461.83558380576,37856.753946888944,47370.39467106425
Новосибирская область,23125.1,22578.7,24217.6,25021.6,24720.5,25540.3,25918.5,24862.1,25007.5,26279,26893.7,32898.3,25439.3,24570.8,26252.5,26786.2,26857,27559.9,27309.5,26759.8,26767.3,27613.1,28104.8,33971.9,26194.4,25815.7,27339.2,28281,27801.5,28876.1,28019,26962.8,27109.4,28177.2,28547.7,34587.5,26602.7,27102.4,28714.9,28920.7,29601.3,31171.4,29065.8,29096.6,29669.5,29746.9,30610.5,38052.7,30164.962763048552,30320.824405929146,32408.576622705506,32484.225842620588,33417.030856990175,35246.52619444536,31346.3592299739,30776.895181936437,32089.53850547536,32573.608674936782,33370.70449744854,41838.930580936016,32862.89560444759,33371.21261910125,34533.6534801016,34735.38793136814,34883.66273875563,37431.70085863767,33850.115815317506,33255.55053720616,34001.84077789562,34782.84403731785,36047.98014232604,43693.25010796176
Омская область,22383.3,21833.6,23198,24687.9,24303.7,25880.3,24375.5,24042.6,24561,25209.9,25757.5,32259.6,24505.4,23914.8,24904.5,26365.1,26044.4,27774,25619.8,24441.1,25575.4,26781.8,26311,33451.9,25359.6,25127.9,26483.1,27440.2,28249.5,28833.4,27414.5,26112.8,26979,27724.2,27219.8,34242.5,25790.8,25990.7,27400.3,28162.3,29269.6,29931.7,27246.4,27504.5,28069.8,27916.9,28212.4,36202.1,26732.86773129656,26669.06204436626,29478.574932690113,29578.835997734604,30914.225721762774,31308.461118084535,28770.877020743203,28345.22679538893,29818.264054660547,30340.757945570298,30914.25280409695,39178.67827745527,30434.738162021284,30445.714377641412,33743.924225023206,33033.31765580123,34203.31291207613,34860.49077369941,31964.715054779448,31304.59013150225,32308.901109346923,32408.75593859616,32013.1556479088,40255.71292938087
Томская область,26272.6,26704.8,28364.9,30010,31399.9,30951.4,30454.4,29936.6,29551.4,30232.3,31517.3,39906.4,29464.8,28621.1,31337.1,33830.6,32228.9,33008.8,32399,31159.3,31864.3,32466,32611.6,41076.6,31356.9,30521.8,32377.4,37531.8,33460.2,36776.8,32911.6,32218.4,32971.1,33117.4,33332.8,41012.9,31746.3,32017.7,33614.8,35623.2,40123.7,37549.7,34007.9,34285,34447.4,33533.8,34290,44323.3,34091.32936661157,34641.080742553415,36167.18341857295,37669.25464188097,43232.331744922565,40517.27285780521,36727.63689773593,37351.42192085413,36840.36340431441,36713.736502073225,38346.17761335789,48267.18088708384,37857.83365254739,38982.29061485984,40399.49807621966,40934.72890491073,45680.34986171533,44975.18833095477,39464.34079511389,38349.768626862584,38642.72264532518,39336.208520155036,39707.30767948806,50550.33452516848
Дальневосточный федеральный округ,33991,32621.6,34998.3,35893.5,37675,38446.7,36351.3,34869.5,35911.7,37173.8,37850.2,52050.6,37259.8,36320.2,39414.4,39872.8,41388.7,42469.4,39936.7,37430.3,38968.4,40111.8,40705.6,53959.8,39403.5,39212.1,40909.1,42588.1,44308.3,44848.8,42186.6,39734.7,41128.3,42209.8,42043.3,55945.6,42013.4,41516,43877.9,44090.2,47577.8,48223.6,44747.5,43647.1,44996.1,45070.5,46076.5,61016.1,44328.54780192963,44291.566813660495,46832.19049468212,47565.04491519366,51464.22925837506,51272.575715141626,47855.300699692045,45098.127954166914,47420.85340152628,47932.646730891305,49488.234402033326,64821.95754563988,49340.56156491258,49108.02332666733,51684.41635753852,52279.76626419163,57835.12324781116,56304.86985666261,52846.93260185316,50781.25410446659,52849.71470154672,52936.73987102987,54123.76809164663,70327.1003674858
Республика Саха (Якутия),38767,38321.5,42180.9,43256.7,48043.2,49852.8,40931.3,39562,44152.6,44881.3,46302.3,78412.6,44616.4,43998.8,48889.1,48532.9,53546.5,55543.2,46660.2,41999.1,47270.6,47984.7,50481.5,80007.9,47295.2,49122.1,51556.2,52899,58525.5,60157.2,50065,44920.3,50347.7,52016.1,51149.3,81750.7,50715.6,50978.9,57884.6,54556.3,64862.5,64312,52950.7,50225,54143,53959,56119.8,90981.9,53327.69195567565,55502.38686265168,59395.1846943666,59356.56480766851,68590.06877059919,67492.51334936905,56309.16899827648,51825.852745958124,57588.89842788799,59014.01326106987,61170.52449645025,94353.15066871578,60824.67548697906,60156.92855613031,64903.5408866429,63709.37406659237,77580.58561431516,72544.57119858608,61015.85263105699,57252.20100158307,64604.9986123419,65158.22645733676,65880.68722424186,95886.59949577686
Камчатский край,46060.1,40541.2,44676,49180.6,54896.3,49409,46560.1,44403.4,44771.1,47892.1,45733.8,66312.6,50390.2,46043.1,51911.9,52350.6,57941.3,53608.3,51055.2,49252.2,49667,52388.2,51156.2,68829.3,52494.9,49879.2,55027.4,58849.1,63684.4,57807.5,53781.4,52513.8,49841.8,55487.3,53973.5,71269.7,53089.3,52769.1,55188.6,60048.1,66731.3,61531,62826.3,56691,58716,62220.7,58402.3,76436.7,56969.575612634144,56797.33732411479,60182.617307501096,66878.38922335255,77043.25153566006,69550.49780054262,65186.453766670806,63761.45950841419,65100.008141676924,67622.10250802388,64025.233070166665,84855.39220448924,61739.367207828065,62621.27935772739,69777.46546822725,76748.08314351822,82355.3310439922,71677.3142727624,69385.69592463814,72890.70970466142,72423.00202628096,69673.20788013838,71553.40369679066,94708.1296738402
Приморский край,27799.1,26500.2,27608.7,28521.4,29543.4,30620.2,29833.8,27903.7,28056.2,30270,31133.3,40030.2,30449.2,29411.5,31590,32380.8,32480.8,33858.6,32651.9,30258.4,30749.3,32125.1,32596.7,40735,31567.4,30905.8,32592,33895.3,34768.3,35413.6,33861.6,31860,32609.2,33396.6,33217.8,41735.1,33469.3,32706.5,34791.7,35243.6,37058.1,38662.9,35806.9,34001.1,34923.4,35345.6,36412.6,44955,34856.012738368394,34460.629701039274,36217.67601102749,36660.19976125022,38986.14699738726,39799.47567280412,38031.78689863911,35441.55873380584,36909.43104089579,36781.54653002053,38195.930611148375,49465.95225574189,38358.33852032446,38311.65460493726,40675.51192125901,40641.163489677594,43383.68690087216,44394.97601029666,41824.033696730585,39479.551012884345,40565.50600458424,41133.47806143555,42025.98004394973,54261.56189857542
Хабаровский край,30846.6,29729.6,31564.4,33020.5,33124.1,34297,33732,32470.1,32737.5,34082.3,34975.2,45351.1,33216.6,32582.9,34300.5,35737,35825.9,37398.3,36408.8,35005.9,35351.3,36981.5,36564.3,45749.5,35702.7,34019.6,36113.2,38378.1,38156.7,38818.4,38043.4,36630.7,36943.7,38798.5,37464.1,47733.9,37081.1,36872.5,37684.9,38982.9,39779,40961.4,39770.2,41998.4,41413.7,42746.5,42475.9,53869.1,39582.834111901866,39050.787464805326,41693.22704499482,41858.36047565301,43023.45192260964,44453.76905366143,42678.89249866232,39305.16205828506,41355.44984502796,42084.670466912925,43460.59267673243,54656.05517711002,43157.457905026225,43302.17912341407,44121.60428865771,45196.61421522838,48743.5774870459,49495.30182144238,47549.928976845375,45016.19441975024,46520.66028208511,46352.3422515086,46583.2493937898,57294.474670657444
Амурская область,28486.7,27151.8,28469.9,28441.3,29440.8,30808.8,29362.7,28723.4,28998.1,30227.7,29869.6,38746.1,29881.6,29197,30968.9,32061.9,32351,34218.8,31979.4,30241.7,31371.4,32449.3,31777.6,40631.3,29189.8,28781.2,30227.4,31089.8,31651.9,33653.5,32205.9,30780.6,31134.4,31931.9,31802.6,39900.8,30422.1,30049.6,32365.3,31094.6,33591.9,34855.6,32022.8,31424.7,33840.6,32743.8,33029.3,42113.2,32739.509461831745,33136.4020952533,35560.55472934826,35183.8254587074,37521.95367583728,38797.853249412976,36265.68432452098,36190.32702392324,37324.0597580256,38657.97582076693,39635.714663944746,47360.81955142354,37846.49946951917,38308.01449473244,40591.357042590804,40202.30409059551,42394.284220207795,42320.126341062,41071.44165947623,41516.216063761414,41825.467715431136,42988.904198463824,43155.98730144084,55111.929233861396
Магаданская область,52403.2,52913.7,52989.2,55150.9,58831.1,59156.4,54480.6,51308.6,55336.5,53790.8,58358.8,79863.9,54872.2,55059.1,55209.1,59339.9,65294.7,61242.5,61089.7,56334.1,61157.3,58536.1,67268.1,83226.4,57912.6,55172.3,59298.9,62604.2,68139,66733.1,63177.4,59877.9,68558.2,61070.9,71312.9,85685.1,57117,61823.2,61625.7,65484.3,71877.8,72626.4,66745.5,62398.5,70239.9,62772.9,82688.3,86508.7,60991.03503191261,66748.70366573034,66149.8631748205,74257.50160571549,79958.65115794675,74064.43879046301,71786.38858638667,67693.961549809,74798.02560564334,72966.39859280498,90083.1720047195,98210.67344015757,73310.70763254307,79059.63388758677,79073.19176591747,84660.38089987858,94497.29216276527,83997.03367908201,83895.17684471869,75896.32549109474,82789.88257376471,80198.13215948077,101661.53592619019,114298.64007688737
Сахалинская область,44705.6,43528.2,49032.3,45810.4,47698.1,48177.8,49516.9,48364.9,49119,48702.9,48194.3,59025.6,49936.2,49875.7,57823.8,52049.3,53714.3,55295.5,53694.3,51517,53595.9,54011.8,54456,68426.7,57974.3,61952.7,59031.9,59490.5,60033.6,60796.3,60942.4,58124.9,59567,59128.3,60463.7,77098.2,69384.4,63267.3,63914.2,63773.2,65400.2,67849.4,65813.6,64849.4,64665.5,63756.3,63173.7,79337.5,72157.37765569189,65056.61848092867,67988.0763435849,66901.34537066614,70052.3937728331,69270.92483304812,69280.82401721392,66616.33896611497,67073.86396013349,65735.4776179124,66271.4854698565,81688.57742461824,75310.39283628437,69341.00761296261,71123.62417053852,70909.65824927174,78170.83959583842,75922.64790455168,74849.74425775792,73389.07715621266,73315.69088779655,73042.59787536936,73260.91230346651,92818.55393327172
Еврейская авт.область,25716.7,23360.2,25514.5,26199.7,27908.9,27982.4,27093.3,25652.8,25894.6,27166.1,27917.4,35511.6,27897.4,26308.2,27711.5,29487.6,29926.4,30285.5,29691.2,27399.7,28062.3,29432.5,28469.6,36828.6,27981.3,27758.8,28999.1,30883.8,31660.3,32297.8,31073.5,29053.7,30438.1,30897.3,29867.6,38250.9,29638.2,29545.4,30336.9,29579.3,33243.2,32305,31115.4,30982.4,31818.6,31478.5,32091.4,41470.2,30956.72666308989,31629.026368831906,33042.0994959949,33862.01823203133,35517.89845534648,36259.54153612945,33425.516654694125,32016.023265662683,34058.95527869723,34914.61259072919,34598.99531504619,43950.193058122175,35292.47889282087,35791.55823399144,37680.24908125157,37004.56884461871,39900.76524705754,40315.84018162858,38416.14681951345,36888.718792154585,38348.73911010605,38439.86178407879,39796.725241800326,50289.20021769089
Чукотский авт.округ,65699.1,60540.7,68876.3,74151.1,69869.5,68135.7,69493.7,67369.7,66379,66437.5,72286.4,93443.8,71928.6,68198.9,72779.5,80235.6,79562.6,78583.8,77514.7,70333.6,71099.2,71273.1,75439.3,97494.7,72778.9,77002.8,76186.4,81235,83231.9,78803.4,82692.6,73808.8,70348.6,73119.6,76852.8,99592,75792.6,84819.1,82439.1,88761.2,89693.3,86309,86459.8,81459.2,78363,77838.4,81206.6,115093.2,80092.56765580479,92451.61748809088,92136.26458826529,94719.38496375129,94997.13764059063,94374.09852670798,91136.47093470136,85138.87533398105,86423.79779824869,87082.44598701391,90166.07195253693,122231.45940388739,90105.02346023089,93981.2834349727,99784.42224362057,101383.03383189079,105183.24988132314,99984.0716535256,97954.63039780989,91654.16884698794,91481.50589879967,94265.11599434663,96929.9656521499,120154.77441205995
,,,,,,,,,,,,,,,,,,,,,,,,,,,,,,,,,,,,,,,,,,,,,,,,,,,,,,,,,,,,,,,,,,,,,,,,
 1) Южный федеральный округ без учета данных по Республике Крым и г. Севастополю, 1) Южный федеральный округ без учета данных по Республике Крым и г. Севастополю, 1) Южный федеральный округ без учета данных по Республике Крым и г. Севастополю, 1) Южный федеральный округ без учета данных по Республике Крым и г. Севастополю, 1) Южный федеральный округ без учета данных по Республике Крым и г. Севастополю, 1) Южный федеральный округ без учета данных по Республике Крым и г. Севастополю, 1) Южный федеральный округ без учета данных по Республике Крым и г. Севастополю, 1) Южный федеральный округ без учета данных по Республике Крым и г. Севастополю,,,,,,,,,,,,,,,,,,,,,,,,,,,,,,,,,,,,,,,,,,,,,,,,,,,,,,,,,,,,,,,,,
,,,,,,,,,,,,,,,,,,,,,,,,,,,,,,,,,,,,,,,,,,,,,,,,,,,,,,,,,,,,,,,,,,,,,,,,
,,,,,,,,,,,,,,,,,,,,,,,,,,,,,,,,,,,,,,,,,,,,,,,,,,,,,,,,,,,,,,,,,,,,,,,,
